# This file uses centimeters as units for non-parametric coordinates.

mtllib door_frame_1.mtl
g default
v -0.433251 1.259926 0.045321
v -0.423926 1.244183 0.045321
v -0.419573 1.250497 0.060193
v -0.409984 1.266372 0.066354
v -0.421718 1.274462 0.060193
v -0.427658 1.278557 0.045321
v -0.333331 1.191040 0.045321
v -0.317908 1.202894 0.045321
v -0.323847 1.206989 0.060193
v -0.335582 1.215079 0.066354
v -0.347009 1.200470 0.060193
v -0.351361 1.194157 0.045321
v -0.356176 1.358552 0.045321
v -0.372002 1.346976 0.045321
v -0.366007 1.342843 0.060193
v -0.354164 1.334678 0.066354
v -0.342498 1.349122 0.060193
v -0.338145 1.355436 0.045321
v -0.267725 1.286202 0.045321
v -0.277050 1.301946 0.045321
v -0.281403 1.295632 0.060193
v -0.290753 1.279592 0.066354
v -0.278910 1.271426 0.060193
v -0.272915 1.267294 0.045321
v -0.366040 1.342866 -0.058008
v -0.372002 1.346976 -0.043135
v -0.356176 1.358552 -0.043135
v -0.338145 1.355436 -0.043135
v -0.342498 1.349122 -0.058008
v -0.354164 1.334678 -0.064168
v -0.278877 1.271404 -0.058008
v -0.290753 1.279592 -0.064168
v -0.281403 1.295632 -0.058008
v -0.277050 1.301946 -0.043135
v -0.267725 1.286202 -0.043135
v -0.272915 1.267294 -0.043135
v -0.433251 1.259926 -0.043135
v -0.427658 1.278557 -0.043135
v -0.421751 1.274484 -0.058008
v -0.409984 1.266372 -0.064168
v -0.419573 1.250497 -0.058008
v -0.423926 1.244183 -0.043135
v -0.333331 1.191040 -0.043135
v -0.351361 1.194157 -0.043135
v -0.347009 1.200470 -0.058008
v -0.335582 1.215079 -0.064168
v -0.323815 1.206966 -0.058008
v -0.317908 1.202894 -0.043135
v -0.427578 1.260148 0.057460
v -0.335141 1.196421 0.057460
v -0.354365 1.353171 0.057460
v -0.273398 1.285981 0.057460
v -0.354396 1.353192 -0.055274
v -0.273368 1.285960 -0.055274
v -0.427608 1.260169 -0.055274
v -0.335111 1.196400 -0.055274
v -0.394590 1.312112 0.060193
v -0.400714 1.316334 0.045321
v -0.400714 1.316334 -0.043135
v -0.394623 1.312135 -0.058008
v -0.382490 1.303770 -0.064168
v -0.312031 1.249175 -0.064168
v -0.299898 1.240811 -0.058008
v -0.293807 1.236612 -0.043135
v -0.293807 1.236612 0.045321
v -0.299931 1.240834 0.060193
v -0.312031 1.249175 0.066354
v -0.382490 1.303770 0.066354
v -0.338444 1.368686 0.045321
v -0.333624 1.349555 0.045321
v -0.328202 1.353124 0.060193
v -0.315111 1.361740 0.066354
v -0.323682 1.374761 0.060193
v -0.328020 1.381352 0.045321
v -0.262978 1.289495 0.045321
v -0.251178 1.292915 0.045321
v -0.254426 1.297851 0.060193
v -0.260845 1.307603 0.066354
v -0.270649 1.301150 0.060193
v -0.274709 1.298477 0.045321
v -0.259425 1.429136 0.045321
v -0.278882 1.423497 0.045321
v -0.273525 1.415358 0.060193
v -0.262941 1.399279 0.066354
v -0.246777 1.409919 0.060193
v -0.240081 1.414326 0.045321
v -0.200716 1.324080 0.045321
v -0.201812 1.338815 0.045321
v -0.206271 1.336879 0.060193
v -0.217038 1.332206 0.066354
v -0.212390 1.321497 0.060193
v -0.210037 1.316077 0.045321
v -0.273554 1.415403 -0.058008
v -0.278882 1.423497 -0.043135
v -0.259425 1.429136 -0.043135
v -0.240081 1.414326 -0.043135
v -0.246777 1.409919 -0.058008
v -0.262941 1.399279 -0.064168
v -0.212377 1.321468 -0.058008
v -0.217038 1.332206 -0.064168
v -0.206271 1.336879 -0.058008
v -0.201812 1.338815 -0.043135
v -0.200716 1.324080 -0.043135
v -0.210037 1.316077 -0.043135
v -0.338444 1.368686 -0.043135
v -0.328020 1.381352 -0.043135
v -0.323705 1.374797 -0.058008
v -0.315111 1.361740 -0.064168
v -0.328202 1.353124 -0.058008
v -0.333624 1.349555 -0.043135
v -0.262978 1.289495 -0.043135
v -0.274709 1.298477 -0.043135
v -0.270649 1.301150 -0.058008
v -0.260845 1.307603 -0.064168
v -0.254409 1.297824 -0.058008
v -0.251178 1.292915 -0.043135
v -0.333236 1.366012 0.057460
v -0.263274 1.293870 0.057460
v -0.258936 1.421923 0.057460
v -0.204215 1.326723 0.057460
v -0.258964 1.421966 -0.055274
v -0.204202 1.326694 -0.055274
v -0.333259 1.366047 -0.055274
v -0.263257 1.293844 -0.055274
v 0.434150 1.258495 0.048583
v 0.424955 1.242562 0.048583
v 0.420471 1.249065 0.064713
v 0.410566 1.265399 0.071394
v 0.422301 1.273490 0.064713
v 0.428240 1.277584 0.048583
v 0.334229 1.189609 0.048583
v 0.318490 1.201921 0.048583
v 0.324430 1.206016 0.064713
v 0.336164 1.214106 0.071394
v 0.347907 1.199039 0.064713
v 0.352391 1.192536 0.048583
v 0.353652 1.369675 0.048583
v 0.369794 1.357641 0.048583
v 0.363799 1.353508 0.064713
v 0.351955 1.345343 0.071394
v 0.339974 1.360245 0.064713
v 0.335490 1.366749 0.048583
v 0.266650 1.287633 0.048583
v 0.275845 1.303567 0.048583
v 0.280328 1.297063 0.064713
v 0.289995 1.280564 0.071394
v 0.278151 1.272399 0.064713
v 0.272156 1.268266 0.048583
v 0.363832 1.353531 -0.063480
v 0.369794 1.357641 -0.047351
v 0.353652 1.369675 -0.047351
v 0.335490 1.366749 -0.047351
v 0.339974 1.360245 -0.063480
v 0.351955 1.345343 -0.070161
v 0.278118 1.272377 -0.063480
v 0.289995 1.280564 -0.070161
v 0.280328 1.297063 -0.063480
v 0.275845 1.303567 -0.047351
v 0.266650 1.287633 -0.047351
v 0.272156 1.268266 -0.047351
v 0.434150 1.258495 -0.047351
v 0.428240 1.277584 -0.047351
v 0.422333 1.273512 -0.063480
v 0.410566 1.265399 -0.070161
v 0.420471 1.249065 -0.063480
v 0.424955 1.242562 -0.047351
v 0.334229 1.189609 -0.047351
v 0.352391 1.192536 -0.047351
v 0.347907 1.199039 -0.063480
v 0.336164 1.214106 -0.070161
v 0.324397 1.205994 -0.063480
v 0.318490 1.201921 -0.047351
v 0.428418 1.258801 0.061748
v 0.335982 1.195074 0.061748
v 0.351899 1.364210 0.061748
v 0.272382 1.287328 0.061748
v 0.351930 1.364231 -0.060516
v 0.272351 1.287307 -0.060516
v 0.428449 1.258822 -0.060516
v 0.335951 1.195053 -0.060516
v 0.394381 1.312288 0.064713
v 0.400505 1.316510 0.048583
v 0.399215 1.325970 -0.047351
v 0.394414 1.312311 -0.063480
v 0.382281 1.303946 -0.070161
v 0.311906 1.249229 -0.070161
v 0.299773 1.240864 -0.063480
v 0.293682 1.236665 -0.047351
v 0.293682 1.236665 0.048583
v 0.299806 1.240887 0.064713
v 0.311906 1.249229 0.071394
v 0.382281 1.303946 0.071394
v 0.516341 0.221819 0.061471
v 0.500379 0.218330 0.061471
v 0.501160 0.223020 0.082568
v 0.503045 0.234345 0.091307
v 0.515747 0.233340 0.082568
v 0.522177 0.232831 0.061471
v 0.411875 0.216526 0.061471
v 0.406955 0.227513 0.061471
v 0.413428 0.228052 0.082568
v 0.426217 0.229117 0.091307
v 0.427159 0.217799 0.082568
v 0.427550 0.213111 0.061471
v 0.516390 0.287704 0.061471
v 0.521310 0.276717 0.061471
v 0.514837 0.276178 0.082568
v 0.502048 0.275113 0.091307
v 0.501106 0.286432 0.082568
v 0.500715 0.291120 0.061471
v 0.398401 0.287049 0.061471
v 0.413295 0.293010 0.061471
v 0.413685 0.288322 0.082568
v 0.414627 0.277003 0.091307
v 0.401839 0.275939 0.082568
v 0.395366 0.275400 0.061471
v 0.514872 0.276181 -0.085102
v 0.521310 0.276717 -0.064005
v 0.516390 0.287704 -0.064005
v 0.500715 0.291120 -0.064005
v 0.501106 0.286432 -0.085102
v 0.502048 0.275113 -0.093840
v 0.401804 0.275936 -0.085102
v 0.414627 0.277003 -0.093840
v 0.413685 0.288322 -0.085102
v 0.413295 0.293010 -0.064005
v 0.398401 0.287049 -0.064005
v 0.395366 0.275400 -0.064005
v 0.516341 0.221819 -0.064005
v 0.522177 0.232831 -0.064005
v 0.515782 0.233337 -0.085102
v 0.503045 0.234345 -0.093840
v 0.501160 0.223020 -0.085102
v 0.500379 0.218330 -0.064005
v 0.411875 0.216526 -0.064005
v 0.427550 0.213111 -0.064005
v 0.427159 0.217799 -0.085102
v 0.426217 0.229117 -0.093840
v 0.413393 0.228049 -0.085102
v 0.406955 0.227513 -0.064005
v 0.512534 0.224229 0.078691
v 0.415883 0.218955 0.078691
v 0.512382 0.285276 0.078691
v 0.402755 0.285317 0.078691
v 0.512416 0.285279 -0.081224
v 0.402721 0.285314 -0.081224
v 0.512568 0.224226 -0.081224
v 0.415849 0.218952 -0.081224
v 0.481959 0.664422 0.054425
v 0.473082 0.656752 0.054425
v 0.472664 0.663876 0.072807
v 0.476938 0.681076 0.080420
v 0.484715 0.681532 0.072807
v 0.488652 0.681763 0.054425
v 0.413341 0.661871 0.054425
v 0.406285 0.678929 0.054425
v 0.410221 0.679160 0.072807
v 0.417999 0.679616 0.080420
v 0.422636 0.662417 0.072807
v 0.423054 0.655292 0.054425
v 0.487161 0.768969 0.054425
v 0.491861 0.751830 0.054425
v 0.487555 0.752287 0.072807
v 0.479048 0.753190 0.080420
v 0.477920 0.770102 0.072807
v 0.478788 0.777186 0.054425
v 0.400613 0.770721 0.054425
v 0.409490 0.778391 0.054425
v 0.409908 0.771267 0.072807
v 0.407605 0.753872 0.080420
v 0.399041 0.753370 0.072807
v 0.394706 0.753115 0.054425
v 0.487578 0.752285 -0.073281
v 0.491861 0.751830 -0.054900
v 0.491625 0.769231 -0.054900
v 0.478788 0.777186 -0.054900
v 0.481458 0.770310 -0.073281
v 0.479048 0.753190 -0.080895
v 0.399017 0.753368 -0.073281
v 0.407605 0.753872 -0.080895
v 0.406596 0.771072 -0.073281
v 0.409490 0.778391 -0.054900
v 0.396360 0.770471 -0.054900
v 0.394706 0.753115 -0.054900
v 0.481959 0.664422 -0.054900
v 0.488652 0.681763 -0.054900
v 0.484737 0.681534 -0.073281
v 0.476938 0.681076 -0.080895
v 0.472664 0.663876 -0.073281
v 0.473082 0.656752 -0.054900
v 0.413341 0.661871 -0.054900
v 0.423054 0.655292 -0.054900
v 0.422636 0.662417 -0.073281
v 0.417999 0.679616 -0.080895
v 0.410200 0.679159 -0.073281
v 0.406285 0.678929 -0.054900
v 0.479231 0.667433 0.069428
v 0.415698 0.665181 0.069428
v 0.484247 0.766136 0.069428
v 0.403342 0.767709 0.069428
v 0.488423 0.766377 -0.069903
v 0.399323 0.767473 -0.069903
v 0.479251 0.667435 -0.069903
v 0.415678 0.665180 -0.069903
v -0.501837 0.219831 0.069199
v -0.489618 0.212716 0.069199
v -0.489983 0.220395 0.093274
v -0.490867 0.238935 0.103246
v -0.500785 0.238462 0.093274
v -0.505805 0.238223 0.069199
v -0.411548 0.219596 0.069199
v -0.408971 0.235084 0.069199
v -0.413165 0.235084 0.093274
v -0.421451 0.235084 0.103246
v -0.421451 0.219596 0.093274
v -0.421451 0.213181 0.069199
v -0.496720 0.321738 0.069199
v -0.499297 0.306251 0.069199
v -0.495103 0.306251 0.093274
v -0.486818 0.306251 0.103246
v -0.486818 0.321738 0.093274
v -0.486818 0.328153 0.069199
v -0.417482 0.317183 0.069199
v -0.427384 0.323598 0.069199
v -0.427384 0.317183 0.093274
v -0.427384 0.301696 0.103246
v -0.419098 0.301696 0.093274
v -0.414905 0.301696 0.069199
v -0.495126 0.306251 -0.098066
v -0.499297 0.306251 -0.073990
v -0.496720 0.321738 -0.073990
v -0.486818 0.328153 -0.073990
v -0.486818 0.321738 -0.098066
v -0.486818 0.306251 -0.108038
v -0.419076 0.301696 -0.098066
v -0.427384 0.301696 -0.108038
v -0.427384 0.317183 -0.098066
v -0.427384 0.323598 -0.073990
v -0.417482 0.317183 -0.073990
v -0.414905 0.301696 -0.073990
v -0.501837 0.219831 -0.073990
v -0.505805 0.238223 -0.073990
v -0.500812 0.238461 -0.098066
v -0.490867 0.238935 -0.108038
v -0.489983 0.220395 -0.098066
v -0.489618 0.212716 -0.073990
v -0.411548 0.219596 -0.073990
v -0.421451 0.213181 -0.073990
v -0.421451 0.219596 -0.098066
v -0.421451 0.235084 -0.108038
v -0.413142 0.235084 -0.098066
v -0.408971 0.235084 -0.073990
v -0.498757 0.223393 0.088849
v -0.414257 0.222443 0.088849
v -0.494011 0.318892 0.088849
v -0.420191 0.314337 0.088849
v -0.494033 0.318892 -0.093641
v -0.420169 0.314337 -0.093641
v -0.498783 0.223391 -0.093641
v -0.414235 0.222443 -0.093641
v 0.157410 1.486481 0.043602
v 0.160810 1.460927 0.043602
v 0.151188 1.463915 0.057812
v 0.127958 1.471130 0.063698
v 0.133165 1.490012 0.057812
v 0.135800 1.499568 0.043602
v 0.132114 1.361065 0.043602
v 0.114569 1.358702 0.043602
v 0.115361 1.365693 0.057812
v 0.116926 1.379505 0.063698
v 0.133985 1.377573 0.057812
v 0.141050 1.376772 0.043602
v 0.004822 1.505525 0.043602
v 0.021537 1.511357 0.043602
v 0.022162 1.504349 0.057812
v 0.023398 1.490503 0.063698
v 0.006299 1.488977 0.057812
v -0.000784 1.488345 0.043602
v 0.003220 1.385853 0.043602
v -0.001975 1.403162 0.043602
v 0.005091 1.402361 0.057812
v 0.022149 1.400428 0.063698
v 0.020584 1.386616 0.057812
v 0.019792 1.379625 0.043602
v 0.022159 1.504387 -0.055124
v 0.021537 1.511357 -0.040914
v 0.004822 1.505525 -0.040914
v -0.000784 1.488345 -0.040914
v 0.006299 1.488977 -0.055124
v 0.023398 1.490503 -0.061010
v 0.020580 1.386578 -0.055124
v 0.022149 1.400428 -0.061010
v 0.005091 1.402361 -0.055124
v -0.001975 1.403162 -0.040914
v 0.003220 1.385853 -0.040914
v 0.019792 1.379625 -0.040914
v 0.157410 1.486481 -0.040914
v 0.135800 1.499568 -0.040914
v 0.133179 1.490063 -0.055124
v 0.127958 1.471130 -0.061010
v 0.151188 1.463915 -0.055124
v 0.160810 1.460927 -0.040914
v 0.132114 1.361065 -0.040914
v 0.141050 1.376772 -0.040914
v 0.133985 1.377573 -0.055124
v 0.116926 1.379505 -0.061010
v 0.115357 1.365655 -0.055124
v 0.114569 1.358702 -0.040914
v 0.151439 1.481634 0.055200
v 0.129491 1.365936 0.055200
v 0.008369 1.501279 0.055200
v 0.006867 1.390014 0.055200
v 0.008365 1.501315 -0.052513
v 0.006863 1.389977 -0.052513
v 0.151453 1.481684 -0.052513
v 0.129487 1.365899 -0.052513
v 0.406245 0.419572 0.047212
v 0.416776 0.413138 0.047212
v 0.416289 0.420259 0.062814
v 0.415114 0.437448 0.069276
v 0.406710 0.436873 0.062814
v 0.402456 0.436582 0.047212
v 0.485424 0.414683 0.047212
v 0.491237 0.431293 0.047212
v 0.487040 0.431936 0.062814
v 0.478747 0.433208 0.069276
v 0.475513 0.416203 0.062814
v 0.474174 0.409159 0.047212
v 0.404182 0.532943 0.047212
v 0.399467 0.511388 0.047212
v 0.404831 0.511140 0.062814
v 0.415430 0.510651 0.069276
v 0.416849 0.532358 0.062814
v 0.417436 0.541350 0.047212
v 0.479764 0.528736 0.047212
v 0.469233 0.535169 0.047212
v 0.469720 0.528049 0.062814
v 0.470895 0.510860 0.069276
v 0.479299 0.511434 0.062814
v 0.483553 0.511725 0.047212
v 0.404802 0.511141 -0.061181
v 0.399467 0.511388 -0.045579
v 0.404182 0.532943 -0.045579
v 0.417436 0.541350 -0.045579
v 0.416849 0.532358 -0.061181
v 0.415430 0.510651 -0.067643
v 0.479322 0.511436 -0.061181
v 0.470895 0.510860 -0.067643
v 0.469720 0.528049 -0.061181
v 0.469233 0.535169 -0.045579
v 0.479764 0.528736 -0.045579
v 0.483553 0.511725 -0.045579
v 0.406245 0.419572 -0.045579
v 0.402456 0.436582 -0.045579
v 0.406686 0.436872 -0.061181
v 0.415114 0.437448 -0.067643
v 0.416289 0.420259 -0.061181
v 0.416776 0.413138 -0.045579
v 0.485424 0.414683 -0.045579
v 0.474174 0.409159 -0.045579
v 0.475513 0.416203 -0.061181
v 0.478747 0.433208 -0.067643
v 0.487062 0.431933 -0.061181
v 0.491237 0.431293 -0.045579
v 0.408777 0.422919 0.059946
v 0.483307 0.418224 0.059946
v 0.407386 0.528794 0.059946
v 0.477232 0.525389 0.059946
v 0.407358 0.528795 -0.058313
v 0.477254 0.525390 -0.058313
v 0.408755 0.422917 -0.058313
v 0.483329 0.418221 -0.058313
v -0.617159 -0.023213 0.083315
v -0.598428 -0.030972 0.083315
v -0.598428 -0.023213 0.101127
v -0.600227 -0.004483 0.108505
v -0.619331 -0.004483 0.101127
v -0.627244 -0.004483 0.083315
v -0.399361 -0.023213 0.083315
v -0.389275 -0.004483 0.083315
v -0.397188 -0.004483 0.101127
v -0.422541 -0.004483 0.108505
v -0.424340 -0.023213 0.101127
v -0.424340 -0.030972 0.083315
v -0.617159 0.093727 0.083315
v -0.624917 0.074996 0.088694
v -0.617159 0.074996 0.107656
v -0.598428 0.074996 0.115510
v -0.598428 0.093727 0.101127
v -0.598428 0.101485 0.083315
v -0.399361 0.093727 0.083315
v -0.424340 0.101485 0.083315
v -0.424340 0.093727 0.101127
v -0.424340 0.074996 0.115510
v -0.399361 0.074996 0.107656
v -0.391602 0.074996 0.088694
v -0.617159 0.074996 -0.107656
v -0.624917 0.074996 -0.088694
v -0.617159 0.093727 -0.083315
v -0.598428 0.101485 -0.083315
v -0.598428 0.093727 -0.101127
v -0.598428 0.074996 -0.115510
v -0.399361 0.074996 -0.107656
v -0.424340 0.074996 -0.115510
v -0.424340 0.093727 -0.101127
v -0.424340 0.101485 -0.083315
v -0.399361 0.093727 -0.083315
v -0.391602 0.074996 -0.088694
v -0.617159 -0.023213 -0.083315
v -0.627244 -0.004483 -0.083315
v -0.619331 -0.004483 -0.101127
v -0.600227 -0.004483 -0.108505
v -0.598428 -0.023213 -0.101127
v -0.598428 -0.030972 -0.083315
v -0.399361 -0.023213 -0.083315
v -0.424340 -0.030972 -0.083315
v -0.424340 -0.023213 -0.101127
v -0.422541 -0.004483 -0.108505
v -0.397188 -0.004483 -0.101127
v -0.389275 -0.004483 -0.083315
v -0.613716 -0.019771 0.097853
v -0.402803 -0.019771 0.097853
v -0.613716 0.090284 0.097853
v -0.402803 0.090284 0.097853
v -0.613716 0.090284 -0.097853
v -0.402803 0.090284 -0.097853
v -0.613716 -0.019771 -0.097853
v -0.402803 -0.019771 -0.097853
v -0.526140 -0.025760 0.098131
v -0.526497 -0.007029 0.105290
v -0.526140 0.081122 0.120001
v -0.526140 0.099852 0.105058
v -0.526140 0.107610 0.086554
v -0.526140 0.107610 -0.086554
v -0.526140 0.099852 -0.105058
v -0.526140 0.081122 -0.120001
v -0.526497 -0.007029 -0.105290
v -0.526140 -0.025760 -0.098131
v -0.526140 -0.033518 -0.080847
v -0.526140 -0.033518 0.080847
v -0.568996 -0.023588 0.104755
v -0.570208 -0.005063 0.112397
v -0.568996 0.077034 0.122955
v -0.568996 0.095558 0.107644
v -0.568996 0.103231 0.088685
v -0.568996 0.103231 -0.088685
v -0.568996 0.095558 -0.107644
v -0.568996 0.077034 -0.122955
v -0.570208 -0.005063 -0.112397
v -0.568996 -0.023588 -0.104755
v -0.568996 -0.031261 -0.086304
v -0.568996 -0.031261 0.086304
v -0.462706 -0.005555 0.107992
v -0.463597 -0.024286 0.100649
v -0.463597 -0.032044 0.082921
v -0.463597 -0.032044 -0.082921
v -0.463597 -0.024286 -0.100649
v -0.462706 -0.005555 -0.107992
v -0.463597 0.077576 -0.118248
v -0.463597 0.096306 -0.103523
v -0.463597 0.104065 -0.085290
v -0.463597 0.104065 0.085290
v -0.463597 0.096306 0.103523
v -0.463597 0.077576 0.118248
v -0.621049 0.027386 0.107759
v -0.629084 0.027386 0.088779
v -0.629084 0.027386 -0.088779
v -0.621049 0.027386 -0.107759
v -0.601650 0.027386 -0.115621
v -0.571166 0.027855 -0.121094
v -0.526779 0.028317 -0.115372
v -0.462002 0.027778 -0.116392
v -0.421119 0.027386 -0.115621
v -0.395470 0.027386 -0.107759
v -0.387435 0.027386 -0.088779
v -0.387435 0.027386 0.088779
v -0.395470 0.027386 0.107759
v -0.421119 0.027386 0.115621
v -0.462002 0.027778 0.116392
v -0.526779 0.028317 0.115372
v -0.571166 0.027855 0.121094
v -0.601650 0.027386 0.115621
v 0.570711 0.874066 0.054425
v 0.547145 0.867200 0.054425
v 0.547563 0.875265 0.072807
v 0.545534 0.894841 0.080420
v 0.564264 0.893871 0.072807
v 0.573744 0.893380 0.054425
v 0.401614 0.882826 0.054425
v 0.398568 0.902455 0.054425
v 0.408048 0.901964 0.072807
v 0.426778 0.900993 0.080420
v 0.424761 0.881627 0.072807
v 0.424344 0.873562 0.054425
v 0.577008 0.995631 0.054425
v 0.582023 0.975848 0.054425
v 0.572220 0.976356 0.072807
v 0.552852 0.977359 0.080420
v 0.553861 0.996831 0.072807
v 0.554279 1.004896 0.054425
v 0.407912 1.004392 0.054425
v 0.431477 1.011258 0.054425
v 0.431059 1.003192 0.072807
v 0.430051 0.983721 0.080420
v 0.410682 0.984725 0.072807
v 0.400879 0.985233 0.054425
v 0.572273 0.976353 -0.073281
v 0.582023 0.975848 -0.054900
v 0.577008 0.995631 -0.054900
v 0.554279 1.004896 -0.054900
v 0.553861 0.996831 -0.073281
v 0.552852 0.977359 -0.080895
v 0.410629 0.984727 -0.073281
v 0.430051 0.983721 -0.080895
v 0.431059 1.003192 -0.073281
v 0.431477 1.011258 -0.054900
v 0.407912 1.004392 -0.054900
v 0.400879 0.985233 -0.054900
v 0.570711 0.874066 -0.054900
v 0.573744 0.893380 -0.054900
v 0.564315 0.893868 -0.073281
v 0.545534 0.894841 -0.080895
v 0.547563 0.875265 -0.073281
v 0.547145 0.867200 -0.054900
v 0.401614 0.882826 -0.054900
v 0.424344 0.873562 -0.054900
v 0.424761 0.881627 -0.073281
v 0.426778 0.900993 -0.080895
v 0.407996 0.901966 -0.073281
v 0.398568 0.902455 -0.054900
v 0.564564 0.877973 0.069428
v 0.408132 0.886077 0.069428
v 0.570491 0.992381 0.069428
v 0.414059 1.000485 0.069428
v 0.570542 0.992378 -0.069903
v 0.414007 1.000488 -0.069903
v 0.564615 0.877970 -0.069903
v 0.408080 0.886079 -0.069903
v 0.558879 0.910846 0.072807
v 0.568144 0.910366 0.054425
v 0.568144 0.910366 -0.054900
v 0.558929 0.910843 -0.073281
v 0.540574 0.911794 -0.080895
v 0.424516 0.917807 -0.080895
v 0.406161 0.918758 -0.073281
v 0.396946 0.919235 -0.054900
v 0.396946 0.919235 0.054425
v 0.406211 0.918755 0.072807
v 0.424516 0.917807 0.080420
v 0.540574 0.911794 0.080420
v 0.583786 0.933015 0.054425
v 0.573660 0.933539 0.072807
v 0.553653 0.934576 0.080420
v 0.426806 0.941147 0.080420
v 0.406800 0.942184 0.072807
v 0.396674 0.942708 0.054425
v 0.396674 0.942708 -0.054900
v 0.406745 0.942186 -0.073281
v 0.426806 0.941147 -0.080895
v 0.553653 0.934576 -0.080895
v 0.573715 0.933536 -0.073281
v 0.583786 0.933015 -0.054900
v -0.517808 1.020025 0.054425
v -0.501558 1.008837 0.054425
v -0.499841 1.015097 0.072807
v -0.495695 1.030210 0.080420
v -0.510728 1.034334 0.072807
v -0.518337 1.036421 0.054425
v -0.408845 1.010356 0.054425
v -0.402238 1.020714 0.054425
v -0.407937 1.022277 0.072807
v -0.419196 1.025365 0.080420
v -0.422300 1.014047 0.072807
v -0.423586 1.009359 0.054425
v -0.498354 1.117594 0.054425
v -0.509246 1.100515 0.054425
v -0.499850 1.097938 0.072807
v -0.481286 1.092846 0.080420
v -0.476167 1.111509 0.072807
v -0.474047 1.119239 0.054425
v -0.384905 1.077434 0.054425
v -0.395455 1.087779 0.054425
v -0.397527 1.083381 0.072807
v -0.402530 1.072764 0.080420
v -0.391969 1.067788 0.072807
v -0.386624 1.065269 0.054425
v -0.499901 1.097952 -0.073281
v -0.509246 1.100515 -0.054900
v -0.498354 1.117594 -0.054900
v -0.474047 1.119239 -0.054900
v -0.476167 1.111509 -0.073281
v -0.481286 1.092846 -0.080895
v -0.391940 1.067774 -0.073281
v -0.402530 1.072764 -0.080895
v -0.397527 1.083381 -0.073281
v -0.395455 1.087779 -0.054900
v -0.384905 1.077434 -0.054900
v -0.386624 1.065269 -0.054900
v -0.517808 1.020025 -0.054900
v -0.518337 1.036421 -0.054900
v -0.510770 1.034345 -0.073281
v -0.495695 1.030210 -0.080895
v -0.499841 1.015097 -0.073281
v -0.501558 1.008837 -0.054900
v -0.408845 1.010356 -0.054900
v -0.423586 1.009359 -0.054900
v -0.422300 1.014047 -0.073281
v -0.419196 1.025365 -0.080895
v -0.407906 1.022269 -0.073281
v -0.402238 1.020714 -0.054900
v -0.512130 1.021455 0.069428
v -0.411955 1.013446 0.069428
v -0.493225 1.112500 0.069428
v -0.389278 1.077110 0.069428
v -0.493274 1.112513 -0.069903
v -0.389249 1.077096 -0.069903
v -0.512170 1.021466 -0.069903
v -0.411925 1.013438 -0.069903
v 0.339526 1.392358 0.045321
v 0.338479 1.370772 0.045321
v 0.332389 1.373019 0.060193
v 0.317687 1.378444 0.066354
v 0.323658 1.394626 0.060193
v 0.326680 1.402816 0.045321
v 0.265728 1.290930 0.045321
v 0.253326 1.291224 0.045321
v 0.255590 1.297358 0.060193
v 0.260062 1.309477 0.066354
v 0.271073 1.305414 0.060193
v 0.275633 1.303731 0.045321
v 0.175294 1.476823 0.045321
v 0.195743 1.476338 0.045321
v 0.192011 1.466224 0.060193
v 0.184637 1.446242 0.066354
v 0.166482 1.452941 0.060193
v 0.158962 1.455716 0.045321
v 0.142464 1.358424 0.045321
v 0.140668 1.374314 0.045321
v 0.145481 1.373523 0.060193
v 0.157100 1.371613 0.066354
v 0.154576 1.358980 0.060193
v 0.153299 1.352586 0.045321
v 0.192031 1.466279 -0.058008
v 0.195743 1.476338 -0.043135
v 0.175294 1.476823 -0.043135
v 0.158962 1.455716 -0.043135
v 0.166482 1.452941 -0.058008
v 0.184637 1.446242 -0.064168
v 0.154569 1.358945 -0.058008
v 0.157100 1.371613 -0.064168
v 0.145481 1.373523 -0.058008
v 0.140668 1.374314 -0.043135
v 0.142464 1.358424 -0.043135
v 0.153299 1.352586 -0.043135
v 0.339526 1.392358 -0.043135
v 0.326680 1.402816 -0.043135
v 0.323675 1.394670 -0.058008
v 0.317687 1.378444 -0.064168
v 0.332389 1.373019 -0.058008
v 0.338479 1.370772 -0.043135
v 0.265728 1.290930 -0.043135
v 0.275633 1.303731 -0.043135
v 0.271073 1.305414 -0.058008
v 0.260062 1.309477 -0.064168
v 0.255577 1.297325 -0.058008
v 0.253326 1.291224 -0.043135
v 0.334871 1.388065 0.057460
v 0.265166 1.295639 0.057460
v 0.176220 1.469058 0.057460
v 0.145425 1.362204 0.057460
v 0.176240 1.469112 -0.055274
v 0.145418 1.362170 -0.055274
v 0.334887 1.388108 -0.055274
v 0.265155 1.295607 -0.055274
v -0.498945 0.331036 0.061471
v -0.486155 0.327810 0.061471
v -0.486707 0.332482 0.082568
v -0.488040 0.343761 0.091307
v -0.498280 0.342551 0.082568
v -0.503463 0.341938 0.061471
v -0.414952 0.327448 0.061471
v -0.410814 0.338500 0.061471
v -0.416015 0.338933 0.082568
v -0.426291 0.339788 0.091307
v -0.427233 0.328470 0.082568
v -0.427623 0.323782 0.061471
v -0.497914 0.396831 0.061471
v -0.502052 0.385779 0.061471
v -0.496851 0.385346 0.082568
v -0.486576 0.384490 0.091307
v -0.485633 0.395808 0.082568
v -0.485243 0.400496 0.061471
v -0.402962 0.398094 0.061471
v -0.414852 0.403804 0.061471
v -0.415242 0.399116 0.082568
v -0.416185 0.387798 0.091307
v -0.405909 0.386943 0.082568
v -0.400708 0.386510 0.061471
v -0.496880 0.385348 -0.085102
v -0.502052 0.385779 -0.064005
v -0.497914 0.396831 -0.064005
v -0.485243 0.400496 -0.064005
v -0.485633 0.395808 -0.085102
v -0.486576 0.384490 -0.093840
v -0.405881 0.386940 -0.085102
v -0.416185 0.387798 -0.093840
v -0.415242 0.399116 -0.085102
v -0.414852 0.403804 -0.064005
v -0.402962 0.398094 -0.064005
v -0.400708 0.386510 -0.064005
v -0.498945 0.331036 -0.064005
v -0.503463 0.341938 -0.064005
v -0.498308 0.342547 -0.085102
v -0.488040 0.343761 -0.093840
v -0.486707 0.332482 -0.085102
v -0.486155 0.327810 -0.064005
v -0.414952 0.327448 -0.064005
v -0.427623 0.323782 -0.064005
v -0.427233 0.328470 -0.085102
v -0.426291 0.339788 -0.093840
v -0.415987 0.338930 -0.085102
v -0.410814 0.338500 -0.064005
v -0.495842 0.333504 0.078691
v -0.418139 0.329807 0.078691
v -0.494728 0.394471 0.078691
v -0.406494 0.396293 0.078691
v -0.494755 0.394473 -0.081224
v -0.406467 0.396291 -0.081224
v -0.495870 0.333501 -0.081224
v -0.418111 0.329805 -0.081224
v -0.565589 0.409991 0.060134
v -0.543548 0.402952 0.060134
v -0.543548 0.409991 0.080716
v -0.543548 0.426986 0.089241
v -0.561991 0.426986 0.080716
v -0.571325 0.426986 0.060134
v -0.404573 0.409991 0.060134
v -0.398838 0.426986 0.060134
v -0.408172 0.426986 0.080716
v -0.426615 0.426986 0.089241
v -0.426615 0.409991 0.080716
v -0.426615 0.402952 0.060134
v -0.565589 0.516094 0.060134
v -0.571325 0.499100 0.060134
v -0.561991 0.499100 0.080716
v -0.543548 0.499100 0.089241
v -0.543548 0.516094 0.080716
v -0.543548 0.523134 0.060134
v -0.404573 0.516094 0.060134
v -0.426615 0.523134 0.060134
v -0.426615 0.516094 0.080716
v -0.426615 0.499100 0.089241
v -0.408172 0.499100 0.080716
v -0.398838 0.499100 0.060134
v -0.562041 0.499100 -0.082859
v -0.571325 0.499100 -0.062277
v -0.565589 0.516094 -0.062277
v -0.543548 0.523134 -0.062277
v -0.543548 0.516094 -0.082859
v -0.543548 0.499100 -0.091384
v -0.408122 0.499100 -0.082859
v -0.426615 0.499100 -0.091384
v -0.426615 0.516094 -0.082859
v -0.426615 0.523134 -0.062277
v -0.404573 0.516094 -0.062277
v -0.398838 0.499100 -0.062277
v -0.565589 0.409991 -0.062277
v -0.571325 0.426986 -0.062277
v -0.562041 0.426986 -0.082859
v -0.543548 0.426986 -0.091384
v -0.543548 0.409991 -0.082859
v -0.543548 0.402952 -0.062277
v -0.404573 0.409991 -0.062277
v -0.426615 0.402952 -0.062277
v -0.426615 0.409991 -0.082859
v -0.426615 0.426986 -0.091384
v -0.408122 0.426986 -0.082859
v -0.398838 0.426986 -0.062277
v -0.559560 0.413114 0.076933
v -0.410603 0.413114 0.076933
v -0.559560 0.512971 0.076933
v -0.410603 0.512971 0.076933
v -0.559609 0.512971 -0.079076
v -0.410554 0.512971 -0.079076
v -0.559609 0.413114 -0.079076
v -0.410554 0.413114 -0.079076
v 0.492485 0.303799 0.069199
v 0.480266 0.296685 0.069199
v 0.480631 0.304364 0.093274
v 0.481514 0.322903 0.103246
v 0.491433 0.322431 0.093274
v 0.496453 0.322191 0.069199
v 0.402196 0.303565 0.069199
v 0.399619 0.319052 0.069199
v 0.403813 0.319052 0.093274
v 0.412099 0.319052 0.103246
v 0.412099 0.303565 0.093274
v 0.412099 0.297150 0.069199
v 0.487368 0.405706 0.069199
v 0.489945 0.390219 0.069199
v 0.485751 0.390219 0.093274
v 0.477466 0.390219 0.103246
v 0.477466 0.405706 0.093274
v 0.477466 0.412122 0.069199
v 0.408130 0.401151 0.069199
v 0.418032 0.407566 0.069199
v 0.418032 0.401151 0.093274
v 0.418032 0.385664 0.103246
v 0.409746 0.385664 0.093274
v 0.405553 0.385664 0.069199
v 0.485774 0.390219 -0.098066
v 0.489945 0.390219 -0.073990
v 0.487368 0.405706 -0.073990
v 0.477466 0.412122 -0.073990
v 0.477466 0.405706 -0.098066
v 0.477466 0.390219 -0.108038
v 0.409724 0.385664 -0.098066
v 0.418032 0.385664 -0.108038
v 0.418032 0.401151 -0.098066
v 0.418032 0.407566 -0.073990
v 0.408130 0.401151 -0.073990
v 0.405553 0.385664 -0.073990
v 0.492485 0.303799 -0.073990
v 0.496453 0.322191 -0.073990
v 0.491460 0.322429 -0.098066
v 0.481514 0.322903 -0.108038
v 0.480631 0.304364 -0.098066
v 0.480266 0.296685 -0.073990
v 0.402196 0.303565 -0.073990
v 0.412099 0.297150 -0.073990
v 0.412099 0.303565 -0.098066
v 0.412099 0.319052 -0.108038
v 0.403790 0.319052 -0.098066
v 0.399619 0.319052 -0.073990
v 0.489405 0.307361 0.088849
v 0.404905 0.306411 0.088849
v 0.484659 0.402860 0.088849
v 0.410839 0.398305 0.088849
v 0.484681 0.402860 -0.093641
v 0.410817 0.398305 -0.093641
v 0.489431 0.307360 -0.093641
v 0.404883 0.306411 -0.093641
v 0.566387 0.544692 0.069650
v 0.544346 0.537653 0.069650
v 0.544346 0.544692 0.093899
v 0.544346 0.561687 0.103943
v 0.562788 0.561687 0.093899
v 0.572123 0.561687 0.069650
v 0.405371 0.544692 0.069650
v 0.399635 0.561687 0.069650
v 0.408970 0.561687 0.093899
v 0.427413 0.561687 0.103943
v 0.427413 0.544692 0.093899
v 0.427413 0.537653 0.069650
v 0.566387 0.650795 0.069650
v 0.572123 0.633801 0.069650
v 0.562788 0.633801 0.093899
v 0.544346 0.633801 0.103943
v 0.544346 0.650795 0.093899
v 0.544346 0.657835 0.069650
v 0.405371 0.650795 0.069650
v 0.427413 0.657835 0.069650
v 0.427413 0.650795 0.093899
v 0.427413 0.633801 0.103943
v 0.408970 0.633801 0.093899
v 0.399635 0.633801 0.069650
v 0.562839 0.633801 -0.098822
v 0.572123 0.633801 -0.074573
v 0.566387 0.650795 -0.074573
v 0.544346 0.657835 -0.074573
v 0.544346 0.650795 -0.098822
v 0.544346 0.633801 -0.108866
v 0.408919 0.633801 -0.098822
v 0.427413 0.633801 -0.108866
v 0.427413 0.650795 -0.098822
v 0.427413 0.657835 -0.074573
v 0.405371 0.650795 -0.074573
v 0.399635 0.633801 -0.074573
v 0.566387 0.544692 -0.074573
v 0.572123 0.561687 -0.074573
v 0.562839 0.561687 -0.098822
v 0.544346 0.561687 -0.108866
v 0.544346 0.544692 -0.098822
v 0.544346 0.537653 -0.074573
v 0.405371 0.544692 -0.074573
v 0.427413 0.537653 -0.074573
v 0.427413 0.544692 -0.098822
v 0.427413 0.561687 -0.108866
v 0.408919 0.561687 -0.098822
v 0.399635 0.561687 -0.074573
v 0.560357 0.547816 0.089442
v 0.411401 0.547816 0.089442
v 0.560357 0.647672 0.089442
v 0.411401 0.647672 0.089442
v 0.560406 0.647672 -0.094365
v 0.411352 0.647672 -0.094365
v 0.560406 0.547816 -0.094365
v 0.411352 0.547816 -0.094365
v -0.490812 1.135861 0.048583
v -0.478540 1.122730 0.048583
v -0.475695 1.128970 0.064713
v -0.468828 1.144033 0.071394
v -0.481477 1.149800 0.064713
v -0.487879 1.152718 0.048583
v -0.376041 1.091305 0.048583
v -0.365240 1.104576 0.048583
v -0.371642 1.107494 0.064713
v -0.384290 1.113261 0.071394
v -0.391158 1.098197 0.064713
v -0.394002 1.091957 0.048583
v -0.442150 1.246548 0.048583
v -0.452951 1.233278 0.048583
v -0.446549 1.230360 0.064713
v -0.433900 1.224593 0.071394
v -0.427033 1.239657 0.064713
v -0.424188 1.245896 0.048583
v -0.337507 1.179565 0.048583
v -0.349779 1.192696 0.048583
v -0.352624 1.186457 0.064713
v -0.359491 1.171393 0.071394
v -0.346842 1.165627 0.064713
v -0.340440 1.162708 0.048583
v -0.446584 1.230375 -0.063480
v -0.452951 1.233278 -0.047351
v -0.442150 1.246548 -0.047351
v -0.424188 1.245896 -0.047351
v -0.427033 1.239657 -0.063480
v -0.433900 1.224593 -0.070161
v -0.346808 1.165611 -0.063480
v -0.359491 1.171393 -0.070161
v -0.352624 1.186457 -0.063480
v -0.349779 1.192696 -0.047351
v -0.337507 1.179565 -0.047351
v -0.340440 1.162708 -0.047351
v -0.490812 1.135861 -0.047351
v -0.487879 1.152718 -0.047351
v -0.481511 1.149815 -0.063480
v -0.468828 1.144033 -0.070161
v -0.475695 1.128970 -0.063480
v -0.478540 1.122730 -0.047351
v -0.376041 1.091305 -0.047351
v -0.394002 1.091957 -0.047351
v -0.391158 1.098197 -0.063480
v -0.384290 1.113261 -0.070161
v -0.371607 1.107478 -0.063480
v -0.365240 1.104576 -0.047351
v -0.485415 1.136744 0.061748
v -0.378914 1.095959 0.061748
v -0.439276 1.241894 0.061748
v -0.342905 1.178682 0.061748
v -0.439310 1.241910 -0.060516
v -0.342871 1.178667 -0.060516
v -0.485448 1.136760 -0.060516
v -0.378881 1.095944 -0.060516
v -0.482047 0.664422 0.054425
v -0.473170 0.656752 0.054425
v -0.472752 0.663876 0.072807
v -0.477026 0.681076 0.080420
v -0.484804 0.681532 0.072807
v -0.488740 0.681763 0.054425
v -0.413429 0.661871 0.054425
v -0.406373 0.678929 0.054425
v -0.410309 0.679160 0.072807
v -0.418087 0.679616 0.080420
v -0.422724 0.662417 0.072807
v -0.423142 0.655292 0.054425
v -0.487249 0.768969 0.054425
v -0.491949 0.751830 0.054425
v -0.487643 0.752287 0.072807
v -0.479136 0.753190 0.080420
v -0.478008 0.770102 0.072807
v -0.478876 0.777186 0.054425
v -0.400701 0.770721 0.054425
v -0.409578 0.778391 0.054425
v -0.409996 0.771267 0.072807
v -0.407693 0.753872 0.080420
v -0.399129 0.753370 0.072807
v -0.394794 0.753115 0.054425
v -0.487666 0.752285 -0.073281
v -0.491949 0.751830 -0.054900
v -0.491713 0.769231 -0.054900
v -0.478876 0.777186 -0.054900
v -0.481546 0.770310 -0.073281
v -0.479136 0.753190 -0.080895
v -0.399105 0.753368 -0.073281
v -0.407693 0.753872 -0.080895
v -0.406684 0.771072 -0.073281
v -0.409578 0.778391 -0.054900
v -0.396448 0.770471 -0.054900
v -0.394794 0.753115 -0.054900
v -0.482047 0.664422 -0.054900
v -0.488740 0.681763 -0.054900
v -0.484825 0.681534 -0.073281
v -0.477026 0.681076 -0.080895
v -0.472752 0.663876 -0.073281
v -0.473170 0.656752 -0.054900
v -0.413429 0.661871 -0.054900
v -0.423142 0.655292 -0.054900
v -0.422724 0.662417 -0.073281
v -0.418087 0.679616 -0.080895
v -0.410288 0.679159 -0.073281
v -0.406373 0.678929 -0.054900
v -0.479319 0.667433 0.069428
v -0.415786 0.665181 0.069428
v -0.484335 0.766136 0.069428
v -0.403430 0.767709 0.069428
v -0.488512 0.766377 -0.069903
v -0.399411 0.767473 -0.069903
v -0.479339 0.667435 -0.069903
v -0.415766 0.665180 -0.069903
v 0.517719 1.020025 0.054425
v 0.501470 1.008837 0.054425
v 0.499753 1.015097 0.072807
v 0.495607 1.030210 0.080420
v 0.510640 1.034334 0.072807
v 0.518249 1.036421 0.054425
v 0.408756 1.010356 0.054425
v 0.402150 1.020714 0.054425
v 0.407849 1.022277 0.072807
v 0.419107 1.025365 0.080420
v 0.422212 1.014047 0.072807
v 0.423498 1.009359 0.054425
v 0.498266 1.117594 0.054425
v 0.509158 1.100515 0.054425
v 0.499762 1.097938 0.072807
v 0.481198 1.092846 0.080420
v 0.476079 1.111509 0.072807
v 0.473959 1.119239 0.054425
v 0.384817 1.077434 0.054425
v 0.395367 1.087779 0.054425
v 0.397439 1.083381 0.072807
v 0.402442 1.072764 0.080420
v 0.391881 1.067788 0.072807
v 0.386535 1.065269 0.054425
v 0.499813 1.097952 -0.073281
v 0.509158 1.100515 -0.054900
v 0.498266 1.117594 -0.054900
v 0.473959 1.119239 -0.054900
v 0.476079 1.111509 -0.073281
v 0.481198 1.092846 -0.080895
v 0.391852 1.067774 -0.073281
v 0.402442 1.072764 -0.080895
v 0.397439 1.083381 -0.073281
v 0.395367 1.087779 -0.054900
v 0.384817 1.077434 -0.054900
v 0.386535 1.065269 -0.054900
v 0.517719 1.020025 -0.054900
v 0.518249 1.036421 -0.054900
v 0.510682 1.034345 -0.073281
v 0.495607 1.030210 -0.080895
v 0.499753 1.015097 -0.073281
v 0.501470 1.008837 -0.054900
v 0.408756 1.010356 -0.054900
v 0.423498 1.009359 -0.054900
v 0.422212 1.014047 -0.073281
v 0.419107 1.025365 -0.080895
v 0.407818 1.022269 -0.073281
v 0.402150 1.020714 -0.054900
v 0.512042 1.021455 0.069428
v 0.411867 1.013446 0.069428
v 0.493137 1.112500 0.069428
v 0.389189 1.077110 0.069428
v 0.493186 1.112513 -0.069903
v 0.389161 1.077096 -0.069903
v 0.512082 1.021466 -0.069903
v 0.411837 1.013438 -0.069903
v -0.478682 0.531987 0.054425
v -0.468610 0.525971 0.054425
v -0.469433 0.533060 0.072807
v -0.471418 0.550175 0.080420
v -0.479156 0.549277 0.072807
v -0.483073 0.548823 0.054425
v -0.405231 0.530157 0.054425
v -0.400726 0.546963 0.054425
v -0.404639 0.547443 0.072807
v -0.412372 0.548393 0.080420
v -0.414473 0.531292 0.072807
v -0.415343 0.524209 0.054425
v -0.486513 0.645086 0.054425
v -0.489746 0.623386 0.054425
v -0.484774 0.623345 0.072807
v -0.474950 0.623265 0.080420
v -0.474773 0.644990 0.072807
v -0.474700 0.653989 0.054425
v -0.416423 0.643798 0.054425
v -0.426495 0.649814 0.054425
v -0.425672 0.642725 0.072807
v -0.423687 0.625610 0.080420
v -0.415949 0.626508 0.072807
v -0.412032 0.626962 0.054425
v -0.484800 0.623345 -0.073281
v -0.489746 0.623386 -0.054900
v -0.486513 0.645086 -0.054900
v -0.474700 0.653989 -0.054900
v -0.474773 0.644990 -0.073281
v -0.474950 0.623265 -0.080895
v -0.415927 0.626510 -0.073281
v -0.423687 0.625610 -0.080895
v -0.425672 0.642725 -0.073281
v -0.426495 0.649814 -0.054900
v -0.416423 0.643798 -0.054900
v -0.412032 0.626962 -0.054900
v -0.478682 0.531987 -0.054900
v -0.483073 0.548823 -0.054900
v -0.479178 0.549275 -0.073281
v -0.471418 0.550175 -0.080895
v -0.469433 0.533060 -0.073281
v -0.468610 0.525971 -0.054900
v -0.405231 0.530157 -0.054900
v -0.415343 0.524209 -0.054900
v -0.414473 0.531292 -0.073281
v -0.412372 0.548393 -0.080895
v -0.404618 0.547441 -0.073281
v -0.400726 0.546963 -0.054900
v -0.476516 0.535426 0.069428
v -0.407373 0.533611 0.069428
v -0.483334 0.641067 0.069428
v -0.418589 0.640359 0.069428
v -0.483360 0.641067 -0.069903
v -0.418568 0.640361 -0.069903
v -0.476537 0.535424 -0.069903
v -0.407353 0.533608 -0.069903
v 0.492197 0.781923 0.054425
v 0.479506 0.777029 0.054425
v 0.479793 0.782566 0.072807
v 0.480485 0.795933 0.080420
v 0.490865 0.795395 0.072807
v 0.496118 0.795123 0.054425
v 0.401581 0.786618 0.054425
v 0.399046 0.800152 0.054425
v 0.404299 0.799880 0.072807
v 0.414678 0.799342 0.080420
v 0.413986 0.785975 0.072807
v 0.413699 0.780438 0.054425
v 0.496521 0.865377 0.054425
v 0.499056 0.851843 0.054425
v 0.493803 0.852115 0.072807
v 0.483424 0.852653 0.080420
v 0.484116 0.866020 0.072807
v 0.484403 0.871557 0.054425
v 0.405905 0.870072 0.054425
v 0.418596 0.874966 0.054425
v 0.418309 0.869429 0.072807
v 0.417617 0.856062 0.080420
v 0.407238 0.856600 0.072807
v 0.401984 0.856872 0.054425
v 0.493831 0.852114 -0.073281
v 0.499056 0.851843 -0.054900
v 0.496521 0.865377 -0.054900
v 0.484403 0.871557 -0.054900
v 0.484116 0.866020 -0.073281
v 0.483424 0.852653 -0.080895
v 0.407209 0.856602 -0.073281
v 0.417617 0.856062 -0.080895
v 0.418309 0.869429 -0.073281
v 0.418596 0.874966 -0.054900
v 0.405905 0.870072 -0.054900
v 0.401984 0.856872 -0.054900
v 0.492197 0.781923 -0.054900
v 0.496118 0.795123 -0.054900
v 0.490893 0.795394 -0.073281
v 0.480485 0.795933 -0.080895
v 0.479793 0.782566 -0.073281
v 0.479506 0.777029 -0.054900
v 0.401581 0.786618 -0.054900
v 0.413699 0.780438 -0.054900
v 0.413986 0.785975 -0.073281
v 0.414678 0.799342 -0.080895
v 0.404271 0.799881 -0.073281
v 0.399046 0.800152 -0.054900
v 0.488931 0.784556 0.069428
v 0.405102 0.788898 0.069428
v 0.493000 0.863097 0.069428
v 0.409171 0.867439 0.069428
v 0.493028 0.863095 -0.069903
v 0.409143 0.867441 -0.069903
v 0.488959 0.784554 -0.069903
v 0.405074 0.788900 -0.069903
v 0.490724 1.135861 0.054425
v 0.478452 1.122730 0.054425
v 0.475607 1.128970 0.072807
v 0.468740 1.144033 0.080420
v 0.481389 1.149800 0.072807
v 0.487791 1.152718 0.054425
v 0.375953 1.091305 0.054425
v 0.365152 1.104576 0.054425
v 0.371554 1.107494 0.072807
v 0.384202 1.113261 0.080420
v 0.391070 1.098197 0.072807
v 0.393914 1.091957 0.054425
v 0.442062 1.246548 0.054425
v 0.452863 1.233278 0.054425
v 0.446461 1.230360 0.072807
v 0.433812 1.224593 0.080420
v 0.426945 1.239657 0.072807
v 0.424100 1.245896 0.054425
v 0.337419 1.179565 0.054425
v 0.349691 1.192696 0.054425
v 0.352536 1.186457 0.072807
v 0.359403 1.171393 0.080420
v 0.346754 1.165627 0.072807
v 0.340352 1.162708 0.054425
v 0.446495 1.230375 -0.073281
v 0.452863 1.233278 -0.054900
v 0.442062 1.246548 -0.054900
v 0.424100 1.245896 -0.054900
v 0.426945 1.239657 -0.073281
v 0.433812 1.224593 -0.080895
v 0.346720 1.165611 -0.073281
v 0.359403 1.171393 -0.080895
v 0.352536 1.186457 -0.073281
v 0.349691 1.192696 -0.054900
v 0.337419 1.179565 -0.054900
v 0.340352 1.162708 -0.054900
v 0.490724 1.135861 -0.054900
v 0.487791 1.152718 -0.054900
v 0.481423 1.149815 -0.073281
v 0.468740 1.144033 -0.080895
v 0.475607 1.128970 -0.073281
v 0.478452 1.122730 -0.054900
v 0.375953 1.091305 -0.054900
v 0.393914 1.091957 -0.054900
v 0.391070 1.098197 -0.073281
v 0.384202 1.113261 -0.080895
v 0.371519 1.107478 -0.073281
v 0.365152 1.104576 -0.054900
v 0.485326 1.136744 0.069428
v 0.378826 1.095959 0.069428
v 0.439188 1.241894 0.069428
v 0.342816 1.178682 0.069428
v 0.439222 1.241910 -0.069903
v 0.342783 1.178667 -0.069903
v 0.485360 1.136760 -0.069903
v 0.378793 1.095944 -0.069903
v 0.509780 0.107451 0.068931
v 0.496171 0.100790 0.068931
v 0.496071 0.107238 0.092904
v 0.495828 0.122804 0.102833
v 0.507300 0.122982 0.092904
v 0.513106 0.123073 0.068931
v 0.409630 0.105893 0.068931
v 0.405820 0.121403 0.068931
v 0.411626 0.121494 0.092904
v 0.423097 0.121672 0.102833
v 0.423339 0.106106 0.092904
v 0.423440 0.099659 0.068931
v 0.508268 0.204636 0.068931
v 0.512078 0.189125 0.068931
v 0.506272 0.189035 0.092904
v 0.494801 0.188856 0.102833
v 0.494559 0.204422 0.092904
v 0.494458 0.210870 0.068931
v 0.408118 0.203077 0.068931
v 0.421727 0.209738 0.068931
v 0.421827 0.203291 0.092904
v 0.422069 0.187725 0.102833
v 0.410598 0.187546 0.092904
v 0.404792 0.187456 0.068931
v 0.506303 0.189035 -0.097617
v 0.512078 0.189125 -0.073645
v 0.508268 0.204636 -0.073645
v 0.494458 0.210870 -0.073645
v 0.494559 0.204422 -0.097617
v 0.494801 0.188856 -0.107547
v 0.410567 0.187546 -0.097617
v 0.422069 0.187725 -0.107547
v 0.421827 0.203291 -0.097617
v 0.421727 0.209738 -0.073645
v 0.408118 0.203077 -0.073645
v 0.404792 0.187456 -0.073645
v 0.509780 0.107451 -0.073645
v 0.513106 0.123073 -0.073645
v 0.507331 0.122983 -0.097617
v 0.495828 0.122804 -0.107547
v 0.496071 0.107238 -0.097617
v 0.496171 0.100790 -0.073645
v 0.409630 0.105893 -0.073645
v 0.423440 0.099659 -0.073645
v 0.423339 0.106106 -0.097617
v 0.423097 0.121672 -0.107547
v 0.411594 0.121493 -0.097617
v 0.405820 0.121403 -0.073645
v 0.505985 0.110254 0.088498
v 0.413336 0.108812 0.088498
v 0.504562 0.201716 0.088498
v 0.411913 0.200275 0.088498
v 0.504593 0.201717 -0.093211
v 0.411882 0.200274 -0.093211
v 0.506016 0.110254 -0.093211
v 0.413305 0.108812 -0.093211
v -0.492285 0.781923 0.054425
v -0.479594 0.777029 0.055531
v -0.479881 0.782566 0.074284
v -0.480573 0.795933 0.082051
v -0.490953 0.795395 0.072807
v -0.496206 0.795123 0.054425
v -0.401669 0.786618 0.054425
v -0.399134 0.800152 0.054425
v -0.404387 0.799880 0.072807
v -0.414766 0.799342 0.082051
v -0.414074 0.785975 0.074284
v -0.413787 0.780438 0.055531
v -0.496609 0.865377 0.054425
v -0.499144 0.851843 0.054425
v -0.493891 0.852115 0.072807
v -0.483512 0.852653 0.082051
v -0.484204 0.866020 0.074284
v -0.484491 0.871557 0.055531
v -0.405993 0.870072 0.054425
v -0.418684 0.874966 0.055531
v -0.418397 0.869429 0.074284
v -0.417705 0.856062 0.082051
v -0.407326 0.856600 0.072807
v -0.402072 0.856872 0.054425
v -0.493920 0.852114 -0.073281
v -0.499144 0.851843 -0.054900
v -0.496609 0.865377 -0.054900
v -0.484491 0.871557 -0.056005
v -0.484204 0.866020 -0.074758
v -0.483512 0.852653 -0.082526
v -0.407297 0.856602 -0.073281
v -0.417705 0.856062 -0.082526
v -0.418397 0.869429 -0.074758
v -0.418684 0.874966 -0.056005
v -0.405993 0.870072 -0.054900
v -0.402072 0.856872 -0.054900
v -0.492285 0.781923 -0.054900
v -0.496206 0.795123 -0.054900
v -0.490981 0.795394 -0.073281
v -0.480573 0.795933 -0.082526
v -0.479881 0.782566 -0.074758
v -0.479594 0.777029 -0.056005
v -0.401669 0.786618 -0.054900
v -0.413787 0.780438 -0.056005
v -0.414074 0.785975 -0.074758
v -0.414766 0.799342 -0.082526
v -0.404359 0.799881 -0.073281
v -0.399134 0.800152 -0.054900
v -0.489019 0.784556 0.069428
v -0.405190 0.788898 0.069428
v -0.493088 0.863097 0.069428
v -0.409259 0.867439 0.069428
v -0.493116 0.863095 -0.069903
v -0.409231 0.867441 -0.069903
v -0.489047 0.784554 -0.069903
v -0.405163 0.788900 -0.069903
v -0.450334 0.784096 0.078222
v -0.451027 0.797463 0.086400
v -0.453965 0.854184 0.086400
v -0.454658 0.867551 0.078222
v -0.454945 0.873088 0.058478
v -0.454945 0.873088 -0.058952
v -0.454658 0.867551 -0.078697
v -0.453965 0.854184 -0.086875
v -0.451027 0.797463 -0.086875
v -0.450334 0.784096 -0.078697
v -0.450048 0.778560 -0.058952
v -0.450048 0.778560 0.058478
v -0.145954 1.490986 0.043602
v -0.149354 1.465432 0.043602
v -0.139732 1.468420 0.057812
v -0.116502 1.475635 0.063698
v -0.121709 1.494517 0.057812
v -0.124344 1.504073 0.043602
v -0.110960 1.364238 0.043602
v -0.093415 1.361875 0.043602
v -0.094207 1.368866 0.057812
v -0.095772 1.382679 0.063698
v -0.112830 1.380746 0.057812
v -0.119896 1.379945 0.043602
v -0.008041 1.501059 0.043602
v -0.025586 1.503422 0.043602
v -0.024794 1.496431 0.057812
v -0.023229 1.482618 0.063698
v -0.006170 1.484551 0.057812
v 0.000895 1.485352 0.043602
v -0.003845 1.386918 0.043602
v 0.001351 1.404227 0.043602
v -0.005715 1.403426 0.057812
v -0.022774 1.401493 0.063698
v -0.021209 1.387681 0.057812
v -0.020416 1.380690 0.043602
v -0.024798 1.496469 -0.055124
v -0.025586 1.503422 -0.040914
v -0.008041 1.501059 -0.040914
v 0.000895 1.485352 -0.040914
v -0.006170 1.484551 -0.055124
v -0.023229 1.482618 -0.061010
v -0.021204 1.387643 -0.055124
v -0.022774 1.401493 -0.061010
v -0.005715 1.403426 -0.055124
v 0.001351 1.404227 -0.040914
v -0.003845 1.386918 -0.040914
v -0.020416 1.380690 -0.040914
v -0.145954 1.490986 -0.040914
v -0.124344 1.504073 -0.040914
v -0.121723 1.494569 -0.055124
v -0.116502 1.475635 -0.061010
v -0.139732 1.468420 -0.055124
v -0.149354 1.465432 -0.040914
v -0.110960 1.364238 -0.040914
v -0.119896 1.379945 -0.040914
v -0.112830 1.380746 -0.055124
v -0.095772 1.382679 -0.061010
v -0.094202 1.368828 -0.055124
v -0.093415 1.361875 -0.040914
v -0.139983 1.486139 0.055200
v -0.108336 1.369109 0.055200
v -0.010664 1.496188 0.055200
v -0.007492 1.391079 0.055200
v -0.010668 1.496224 -0.052513
v -0.007487 1.391042 -0.052513
v -0.139996 1.486189 -0.052513
v -0.108332 1.369072 -0.052513
v 0.617070 -0.023213 0.083315
v 0.598340 -0.030972 0.083315
v 0.598340 -0.023213 0.101127
v 0.600139 -0.004483 0.108505
v 0.619243 -0.004483 0.101127
v 0.627156 -0.004483 0.083315
v 0.399273 -0.023213 0.083315
v 0.389187 -0.004483 0.083315
v 0.397100 -0.004483 0.101127
v 0.422453 -0.004483 0.108505
v 0.424252 -0.023213 0.101127
v 0.424252 -0.030972 0.083315
v 0.617070 0.093727 0.083315
v 0.624829 0.074996 0.088694
v 0.617070 0.074996 0.107656
v 0.598340 0.074996 0.115510
v 0.598340 0.093727 0.101127
v 0.598340 0.101485 0.083315
v 0.399273 0.093727 0.083315
v 0.424252 0.101485 0.083315
v 0.424252 0.093727 0.101127
v 0.424252 0.074996 0.115510
v 0.399273 0.074996 0.107656
v 0.391514 0.074996 0.088694
v 0.617070 0.074996 -0.107656
v 0.624829 0.074996 -0.088694
v 0.617070 0.093727 -0.083315
v 0.598340 0.101485 -0.083315
v 0.598340 0.093727 -0.101127
v 0.598340 0.074996 -0.115510
v 0.399273 0.074996 -0.107656
v 0.424252 0.074996 -0.115510
v 0.424252 0.093727 -0.101127
v 0.424252 0.101485 -0.083315
v 0.399273 0.093727 -0.083315
v 0.391514 0.074996 -0.088694
v 0.617070 -0.023213 -0.083315
v 0.627156 -0.004483 -0.083315
v 0.619243 -0.004483 -0.101127
v 0.600139 -0.004483 -0.108505
v 0.598340 -0.023213 -0.101127
v 0.598340 -0.030972 -0.083315
v 0.399273 -0.023213 -0.083315
v 0.424252 -0.030972 -0.083315
v 0.424252 -0.023213 -0.101127
v 0.422453 -0.004483 -0.108505
v 0.397100 -0.004483 -0.101127
v 0.389187 -0.004483 -0.083315
v 0.613628 -0.019771 0.097853
v 0.402715 -0.019771 0.097853
v 0.613628 0.090284 0.097853
v 0.402715 0.090284 0.097853
v 0.613628 0.090284 -0.097853
v 0.402715 0.090284 -0.097853
v 0.613628 -0.019771 -0.097853
v 0.402715 -0.019771 -0.097853
v 0.526052 -0.025760 0.098131
v 0.526409 -0.007029 0.105290
v 0.526052 0.081122 0.120001
v 0.526052 0.099852 0.105058
v 0.526052 0.107610 0.086554
v 0.526052 0.107610 -0.086554
v 0.526052 0.099852 -0.105058
v 0.526052 0.081122 -0.120001
v 0.526409 -0.007029 -0.105290
v 0.526052 -0.025760 -0.098131
v 0.526052 -0.033518 -0.080847
v 0.526052 -0.033518 0.080847
v 0.568908 -0.023588 0.104755
v 0.570120 -0.005063 0.112397
v 0.568908 0.077034 0.122955
v 0.568908 0.095558 0.107644
v 0.568908 0.103231 0.088685
v 0.568908 0.103231 -0.088685
v 0.568908 0.095558 -0.107644
v 0.568908 0.077034 -0.122955
v 0.570120 -0.005063 -0.112397
v 0.568908 -0.023588 -0.104755
v 0.568908 -0.031261 -0.086304
v 0.568908 -0.031261 0.086304
v 0.462618 -0.005555 0.107992
v 0.463509 -0.024286 0.100649
v 0.463509 -0.032044 0.082921
v 0.463509 -0.032044 -0.082921
v 0.463509 -0.024286 -0.100649
v 0.462618 -0.005555 -0.107992
v 0.463509 0.077576 -0.118248
v 0.463509 0.096306 -0.103523
v 0.463509 0.104065 -0.085290
v 0.463509 0.104065 0.085290
v 0.463509 0.096306 0.103523
v 0.463509 0.077576 0.118248
v 0.620961 0.027386 0.107759
v 0.628996 0.027386 0.088779
v 0.628996 0.027386 -0.088779
v 0.620961 0.027386 -0.107759
v 0.601561 0.027386 -0.115621
v 0.571078 0.027855 -0.121094
v 0.526691 0.028317 -0.115372
v 0.461914 0.027778 -0.116392
v 0.421031 0.027386 -0.115621
v 0.395382 0.027386 -0.107759
v 0.387347 0.027386 -0.088779
v 0.387347 0.027386 0.088779
v 0.395382 0.027386 0.107759
v 0.421031 0.027386 0.115621
v 0.461914 0.027778 0.116392
v 0.526691 0.028317 0.115372
v 0.571078 0.027855 0.121094
v 0.601561 0.027386 0.115621
v -0.251922 1.439098 0.043602
v -0.250876 1.417511 0.043602
v -0.244786 1.419758 0.057812
v -0.230084 1.425183 0.063698
v -0.236055 1.441365 0.057812
v -0.239077 1.449555 0.043602
v -0.192398 1.334113 0.043602
v -0.179996 1.334407 0.043602
v -0.182260 1.340541 0.057812
v -0.186732 1.352659 0.063698
v -0.197742 1.348596 0.057812
v -0.202303 1.346913 0.043602
v -0.161519 1.480771 0.043602
v -0.181968 1.480286 0.043602
v -0.178236 1.470172 0.057812
v -0.170862 1.450190 0.063698
v -0.152707 1.456889 0.057812
v -0.145187 1.459664 0.043602
v -0.123722 1.353154 0.043602
v -0.121926 1.369043 0.043602
v -0.126739 1.368252 0.057812
v -0.138358 1.366342 0.063698
v -0.135834 1.353709 0.057812
v -0.134556 1.347315 0.043602
v -0.178256 1.470227 -0.055124
v -0.181968 1.480286 -0.040914
v -0.161519 1.480771 -0.040914
v -0.145187 1.459664 -0.040914
v -0.152707 1.456889 -0.055124
v -0.170862 1.450190 -0.061010
v -0.135827 1.353674 -0.055124
v -0.138358 1.366342 -0.061010
v -0.126739 1.368252 -0.055124
v -0.121926 1.369043 -0.040914
v -0.123722 1.353154 -0.040914
v -0.134556 1.347315 -0.040914
v -0.251922 1.439098 -0.040914
v -0.239077 1.449555 -0.040914
v -0.236071 1.441410 -0.055124
v -0.230084 1.425183 -0.061010
v -0.244786 1.419758 -0.055124
v -0.250876 1.417511 -0.040914
v -0.192398 1.334113 -0.040914
v -0.202303 1.346913 -0.040914
v -0.197742 1.348596 -0.055124
v -0.186732 1.352659 -0.061010
v -0.182247 1.340507 -0.055124
v -0.179996 1.334407 -0.040914
v -0.247268 1.434804 0.055200
v -0.191836 1.338822 0.055200
v -0.162445 1.473006 0.055200
v -0.126683 1.356933 0.055200
v -0.162465 1.473059 -0.052513
v -0.126676 1.356899 -0.052513
v -0.247284 1.434847 -0.052513
v -0.191824 1.338789 -0.052513
v -0.570799 0.874066 0.054425
v -0.547237 0.867279 0.054929
v -0.547655 0.875335 0.073480
v -0.548662 0.894784 0.081164
v -0.568028 0.893733 0.072807
v -0.580853 0.893225 0.054425
v -0.401702 0.882826 0.054425
v -0.396687 0.902609 0.054425
v -0.406490 0.902102 0.072807
v -0.425858 0.901098 0.083396
v -0.424850 0.881627 0.075502
v -0.424432 0.873562 0.056442
v -0.577096 0.995631 0.054425
v -0.585133 0.975848 0.054425
v -0.572308 0.976356 0.072807
v -0.552938 0.977312 0.081164
v -0.553945 0.996761 0.073480
v -0.554363 1.004817 0.054929
v -0.408000 1.004392 0.054425
v -0.431565 1.011258 0.056442
v -0.431147 1.003192 0.075502
v -0.430139 0.983721 0.083396
v -0.410770 0.984725 0.072807
v -0.400967 0.985233 0.054425
v -0.572362 0.976353 -0.073281
v -0.585133 0.975848 -0.054900
v -0.577096 0.995631 -0.054900
v -0.554363 1.004817 -0.055404
v -0.553945 0.996761 -0.073955
v -0.552938 0.977312 -0.081639
v -0.410717 0.984727 -0.073281
v -0.430139 0.983721 -0.083871
v -0.431147 1.003192 -0.075976
v -0.431565 1.011258 -0.056917
v -0.408000 1.004392 -0.054900
v -0.400967 0.985233 -0.054900
v -0.570799 0.874066 -0.054900
v -0.580853 0.893225 -0.054900
v -0.568081 0.893730 -0.073281
v -0.548662 0.894784 -0.081639
v -0.547655 0.875335 -0.073955
v -0.547237 0.867279 -0.055404
v -0.401702 0.882826 -0.054900
v -0.424432 0.873562 -0.056917
v -0.424850 0.881627 -0.075976
v -0.425858 0.901098 -0.083871
v -0.406437 0.902104 -0.073281
v -0.396687 0.902609 -0.054900
v -0.564652 0.877973 0.069428
v -0.408220 0.886077 0.069428
v -0.570579 0.992381 0.069428
v -0.414147 1.000485 0.069428
v -0.570630 0.992378 -0.069903
v -0.414095 1.000488 -0.069903
v -0.564703 0.877970 -0.069903
v -0.408168 0.886079 -0.069903
v -0.495102 0.878028 0.079070
v -0.496110 0.897486 0.087337
v -0.500387 0.980055 0.087337
v -0.501395 0.999513 0.079070
v -0.501813 1.007573 0.059113
v -0.501813 1.007573 -0.059587
v -0.501395 0.999513 -0.079545
v -0.500387 0.980055 -0.087812
v -0.496110 0.897486 -0.087812
v -0.495102 0.878028 -0.079545
v -0.494684 0.869968 -0.059587
v -0.494684 0.869968 0.059113
v -0.509868 0.107451 0.068931
v -0.496259 0.100790 0.068931
v -0.496159 0.107238 0.092904
v -0.495917 0.122804 0.102833
v -0.507388 0.122982 0.092904
v -0.513194 0.123073 0.068931
v -0.409718 0.105893 0.068931
v -0.405908 0.121403 0.068931
v -0.411714 0.121494 0.092904
v -0.423185 0.121672 0.102833
v -0.423427 0.106106 0.092904
v -0.423528 0.099659 0.068931
v -0.508356 0.204636 0.068931
v -0.512166 0.189125 0.068931
v -0.506360 0.189035 0.092904
v -0.494889 0.188856 0.102833
v -0.494647 0.204422 0.092904
v -0.494546 0.210870 0.068931
v -0.408206 0.203077 0.068931
v -0.421815 0.209738 0.068931
v -0.421915 0.203291 0.092904
v -0.422157 0.187725 0.102833
v -0.410686 0.187546 0.092904
v -0.404880 0.187456 0.068931
v -0.506392 0.189035 -0.097617
v -0.512166 0.189125 -0.073645
v -0.508356 0.204636 -0.073645
v -0.494546 0.210870 -0.073645
v -0.494647 0.204422 -0.097617
v -0.494889 0.188856 -0.107547
v -0.410655 0.187546 -0.097617
v -0.422157 0.187725 -0.107547
v -0.421915 0.203291 -0.097617
v -0.421815 0.209738 -0.073645
v -0.408206 0.203077 -0.073645
v -0.404880 0.187456 -0.073645
v -0.509868 0.107451 -0.073645
v -0.513194 0.123073 -0.073645
v -0.507419 0.122983 -0.097617
v -0.495917 0.122804 -0.107547
v -0.496159 0.107238 -0.097617
v -0.496259 0.100790 -0.073645
v -0.409718 0.105893 -0.073645
v -0.423528 0.099659 -0.073645
v -0.423427 0.106106 -0.097617
v -0.423185 0.121672 -0.107547
v -0.411682 0.121493 -0.097617
v -0.405908 0.121403 -0.073645
v -0.506073 0.110254 0.088498
v -0.413424 0.108812 0.088498
v -0.504650 0.201716 0.088498
v -0.412001 0.200275 0.088498
v -0.504681 0.201717 -0.093211
v -0.411970 0.200274 -0.093211
v -0.506104 0.110254 -0.093211
v -0.413393 0.108812 -0.093211
vt 0.133639 0.137644
vt 0.133639 0.228249
vt 0.840385 0.137644
vt 0.838059 0.228249
vt 0.133639 0.759316
vt 0.840385 0.759316
vt 0.838059 0.759316
vt 0.838059 0.228249
vt 0.807732 0.849706
vt 0.816267 0.143011
vt 0.135965 0.759316
vt 0.135965 0.228249
vt 0.840385 0.843172
vt 0.839743 0.234606
vt 0.132997 0.234606
vt 0.840385 0.228249
vt 0.128196 0.841499
vt 0.136731 0.134804
vt 0.839743 0.785945
vt 0.132997 0.785945
vt 0.133639 0.843172
vt 0.135965 0.228249
vt 0.135966 0.759316
vt 0.838059 0.759316
vt 0.029830 0.104689
vt 0.103170 0.045582
vt 0.101700 0.045582
vt 0.101700 0.040014
vt 0.030103 0.223522
vt 0.870854 0.045582
vt 0.944195 0.104689
vt 0.944468 0.223522
vt 0.872324 0.040014
vt 0.872324 0.045582
vt 0.103170 0.942668
vt 0.095201 0.944917
vt 0.029556 0.764043
vt 0.029174 0.846536
vt 0.106243 0.030619
vt 0.870854 0.942668
vt 0.037859 0.127377
vt 0.943921 0.764043
vt 0.944195 0.811900
vt 0.943553 0.840537
vt 0.838220 0.953891
vt 0.870854 0.942668
vt 0.845508 0.941748
vt 0.029187 0.840537
vt 0.029830 0.811900
vt 0.131723 0.941675
vt 0.103170 0.942668
vt 0.849262 0.039592
vt 0.870854 0.045582
vt 0.029830 0.876127
vt 0.943553 0.180015
vt 0.944195 0.175665
vt 0.127407 0.946301
vt 0.944195 0.876127
vt 0.103170 0.045582
vt 0.846618 0.946301
vt 0.029830 0.175665
vt 0.029187 0.180015
vt 0.029830 0.040014
vt 0.029830 0.045582
vt 0.944195 0.045582
vt 0.944195 0.040014
vt 0.029830 0.942668
vt 0.040823 0.029828
vt 0.944195 0.942668
vt 0.944837 0.942739
vt 0.030471 0.942717
vt 0.029830 0.942668
vt 0.944195 0.045582
vt 0.029830 0.945092
vt 0.944195 0.945092
vt 0.029830 0.045582
vt 0.944806 0.143289
vt 0.945025 0.042033
vt 0.933961 0.956331
vt 0.936115 0.857021
vt 0.944195 0.942668
vt 0.944468 0.764043
vt 0.030103 0.764043
vt 0.029781 0.944127
vt 0.943921 0.223522
vt 0.944195 0.045582
vt 0.029830 0.045582
vt 0.029556 0.223522
vt 0.126764 0.047326
vt 0.846618 0.941502
vt 0.029187 0.045472
vt 0.943553 0.045472
vt 0.845976 0.047326
vt 0.944195 0.942668
vt 0.029830 0.942668
vt 0.127406 0.941502
vt 0.030103 0.509648
vt 0.029556 0.509648
vt 0.135965 0.509370
vt 0.838059 0.509370
vt 0.944195 0.512457
vt 0.943553 0.529664
vt 0.839743 0.526459
vt 0.132997 0.526459
vt 0.029187 0.529664
vt 0.029830 0.512457
vt 0.135965 0.509370
vt 0.838059 0.509370
vt 0.944468 0.509648
vt 0.943921 0.509648
vt 0.840385 0.509370
vt 0.133639 0.509370
vt 0.133639 0.137644
vt 0.029830 0.104689
vt 0.029830 0.876127
vt 0.133639 0.843172
vt 0.103170 0.045582
vt 0.135965 0.228249
vt 0.838059 0.228249
vt 0.870854 0.045582
vt 0.133639 0.228249
vt 0.101700 0.045582
vt 0.872324 0.045582
vt 0.840385 0.228249
vt 0.872324 0.040014
vt 0.101700 0.040014
vt 0.840385 0.137644
vt 0.030103 0.223522
vt 0.030103 0.764043
vt 0.135966 0.759316
vt 0.029556 0.223522
vt 0.133639 0.759316
vt 0.029556 0.764043
vt 0.838059 0.228249
vt 0.870854 0.045582
vt 0.103170 0.045582
vt 0.135965 0.228249
vt 0.944195 0.104689
vt 0.840385 0.843172
vt 0.944195 0.876127
vt 0.944468 0.223522
vt 0.944468 0.764043
vt 0.840385 0.759316
vt 0.943921 0.223522
vt 0.838059 0.759316
vt 0.943921 0.764043
vt 0.103170 0.942668
vt 0.870854 0.942668
vt 0.838059 0.759316
vt 0.095201 0.944917
vt 0.128196 0.841499
vt 0.807732 0.849706
vt 0.838220 0.953891
vt 0.029174 0.846536
vt 0.037859 0.127377
vt 0.136731 0.134804
vt 0.127406 0.941502
vt 0.846618 0.941502
vt 0.106243 0.030619
vt 0.849262 0.039592
vt 0.816267 0.143011
vt 0.870854 0.942668
vt 0.135965 0.759316
vt 0.103170 0.942668
vt 0.944195 0.811900
vt 0.944195 0.175665
vt 0.943553 0.840537
vt 0.839743 0.785945
vt 0.839743 0.234606
vt 0.943553 0.180015
vt 0.845508 0.941748
vt 0.131723 0.941675
vt 0.132997 0.785945
vt 0.936115 0.857021
vt 0.944806 0.143289
vt 0.029187 0.840537
vt 0.029187 0.180015
vt 0.132997 0.234606
vt 0.029830 0.811900
vt 0.029830 0.175665
vt 0.127407 0.946301
vt 0.846618 0.946301
vt 0.845976 0.047326
vt 0.126764 0.047326
vt 0.029830 0.045582
vt 0.029830 0.040014
vt 0.029830 0.045582
vt 0.944195 0.040014
vt 0.944195 0.045582
vt 0.944195 0.045582
vt 0.029781 0.944127
vt 0.029830 0.942668
vt 0.029830 0.942668
vt 0.944195 0.942668
vt 0.040823 0.029828
vt 0.944195 0.942668
vt 0.944837 0.942739
vt 0.944195 0.942668
vt 0.933961 0.956331
vt 0.029830 0.942668
vt 0.030471 0.942717
vt 0.945025 0.042033
vt 0.029830 0.945092
vt 0.944195 0.045582
vt 0.943553 0.045472
vt 0.029830 0.045582
vt 0.944195 0.945092
vt 0.029187 0.045472
vt 0.133639 0.137644
vt 0.029830 0.104689
vt 0.029830 0.876127
vt 0.133639 0.843172
vt 0.103170 0.045582
vt 0.135965 0.228249
vt 0.838059 0.228249
vt 0.870854 0.045582
vt 0.133639 0.228249
vt 0.101700 0.045582
vt 0.872324 0.045582
vt 0.840385 0.228249
vt 0.872324 0.040014
vt 0.101700 0.040014
vt 0.840385 0.137644
vt 0.030103 0.223522
vt 0.030103 0.509648
vt 0.135965 0.509370
vt 0.029556 0.223522
vt 0.133639 0.509370
vt 0.029556 0.509648
vt 0.838059 0.228249
vt 0.870854 0.045582
vt 0.103170 0.045582
vt 0.135965 0.228249
vt 0.944195 0.104689
vt 0.840385 0.843172
vt 0.944195 0.876127
vt 0.944468 0.223522
vt 0.944468 0.509648
vt 0.840385 0.509370
vt 0.943921 0.223522
vt 0.838059 0.509370
vt 0.943921 0.509648
vt 0.135966 0.759316
vt 0.103170 0.942668
vt 0.870854 0.942668
vt 0.838059 0.759316
vt 0.095201 0.944917
vt 0.128196 0.841499
vt 0.807732 0.849706
vt 0.838220 0.953891
vt 0.029174 0.846536
vt 0.037859 0.127377
vt 0.136731 0.134804
vt 0.127406 0.941502
vt 0.133639 0.759316
vt 0.840385 0.759316
vt 0.846618 0.941502
vt 0.106243 0.030619
vt 0.849262 0.039592
vt 0.816267 0.143011
vt 0.870854 0.942668
vt 0.838059 0.759316
vt 0.135965 0.759316
vt 0.103170 0.942668
vt 0.838059 0.509370
vt 0.944195 0.512457
vt 0.944195 0.175665
vt 0.943553 0.529664
vt 0.839743 0.526459
vt 0.839743 0.234606
vt 0.943553 0.180015
vt 0.839743 0.785945
vt 0.845508 0.941748
vt 0.131723 0.941675
vt 0.132997 0.785945
vt 0.936115 0.857021
vt 0.944806 0.143289
vt 0.132997 0.526459
vt 0.029187 0.529664
vt 0.029187 0.180015
vt 0.132997 0.234606
vt 0.029830 0.512457
vt 0.135965 0.509370
vt 0.029830 0.175665
vt 0.127407 0.946301
vt 0.846618 0.946301
vt 0.845976 0.047326
vt 0.126764 0.047326
vt 0.029830 0.045582
vt 0.029830 0.040014
vt 0.029830 0.045582
vt 0.944195 0.040014
vt 0.944195 0.045582
vt 0.944195 0.045582
vt 0.029781 0.944127
vt 0.030103 0.764043
vt 0.029830 0.942668
vt 0.029556 0.764043
vt 0.029830 0.942668
vt 0.943921 0.764043
vt 0.944195 0.942668
vt 0.040823 0.029828
vt 0.944468 0.764043
vt 0.944195 0.942668
vt 0.943553 0.840537
vt 0.944837 0.942739
vt 0.944195 0.811900
vt 0.944195 0.942668
vt 0.933961 0.956331
vt 0.029830 0.811900
vt 0.029830 0.942668
vt 0.029187 0.840537
vt 0.030471 0.942717
vt 0.945025 0.042033
vt 0.029830 0.945092
vt 0.944195 0.045582
vt 0.943553 0.045472
vt 0.029830 0.045582
vt 0.944195 0.945092
vt 0.029187 0.045472
vt 0.133639 0.137644
vt 0.029830 0.104689
vt 0.029830 0.876127
vt 0.133639 0.843172
vt 0.103170 0.045582
vt 0.135965 0.228249
vt 0.838059 0.228249
vt 0.870854 0.045582
vt 0.133639 0.228249
vt 0.101700 0.045582
vt 0.872324 0.045582
vt 0.840385 0.228249
vt 0.872324 0.040014
vt 0.101700 0.040014
vt 0.840385 0.137644
vt 0.030103 0.223522
vt 0.030103 0.764043
vt 0.135966 0.759316
vt 0.029556 0.223522
vt 0.133639 0.759316
vt 0.029556 0.764043
vt 0.838059 0.228249
vt 0.870854 0.045582
vt 0.103170 0.045582
vt 0.135965 0.228249
vt 0.944195 0.104689
vt 0.840385 0.843172
vt 0.944195 0.876127
vt 0.944468 0.223522
vt 0.944468 0.764043
vt 0.840385 0.759316
vt 0.943921 0.223522
vt 0.838059 0.759316
vt 0.943921 0.764043
vt 0.103170 0.942668
vt 0.870854 0.942668
vt 0.838059 0.759316
vt 0.030472 0.106750
vt 0.134281 0.138493
vt 0.134281 0.818079
vt 0.030472 0.849822
vt 0.128048 0.039539
vt 0.847260 0.039539
vt 0.841027 0.138493
vt 0.127406 0.941502
vt 0.846618 0.941502
vt 0.944837 0.106750
vt 0.944837 0.849822
vt 0.841027 0.818079
vt 0.870854 0.942668
vt 0.135965 0.759316
vt 0.103170 0.942668
vt 0.944195 0.811900
vt 0.944195 0.175665
vt 0.943553 0.840537
vt 0.839743 0.785945
vt 0.839743 0.234606
vt 0.943553 0.180015
vt 0.845508 0.941748
vt 0.131723 0.941675
vt 0.132997 0.785945
vt 0.128516 0.946540
vt 0.842301 0.946611
vt 0.029187 0.840537
vt 0.029187 0.180015
vt 0.132997 0.234606
vt 0.029830 0.811900
vt 0.029830 0.175665
vt 0.127407 0.946301
vt 0.846618 0.946301
vt 0.845976 0.047326
vt 0.126764 0.047326
vt 0.029830 0.045582
vt 0.029830 0.040014
vt 0.029830 0.045582
vt 0.944195 0.040014
vt 0.944195 0.045582
vt 0.944195 0.045582
vt 0.030472 0.041325
vt 0.029830 0.942668
vt 0.029830 0.942668
vt 0.944195 0.942668
vt 0.944837 0.041325
vt 0.944195 0.942668
vt 0.944837 0.942739
vt 0.944195 0.942668
vt 0.029187 0.945586
vt 0.029830 0.942668
vt 0.030471 0.942717
vt 0.943553 0.945607
vt 0.029830 0.945092
vt 0.944195 0.045582
vt 0.943553 0.045472
vt 0.029830 0.045582
vt 0.944195 0.945092
vt 0.029187 0.045472
vt 0.133639 0.137644
vt 0.029830 0.104689
vt 0.029830 0.876127
vt 0.133639 0.843172
vt 0.103170 0.045582
vt 0.135965 0.228249
vt 0.838059 0.228249
vt 0.870854 0.045582
vt 0.133639 0.228249
vt 0.101700 0.045582
vt 0.872324 0.045582
vt 0.840385 0.228249
vt 0.872324 0.040014
vt 0.101700 0.040014
vt 0.840385 0.137644
vt 0.030103 0.223522
vt 0.030103 0.764043
vt 0.135966 0.759316
vt 0.029556 0.223522
vt 0.133639 0.759316
vt 0.029556 0.764043
vt 0.838059 0.228249
vt 0.870854 0.045582
vt 0.103170 0.045582
vt 0.135965 0.228249
vt 0.944195 0.104689
vt 0.840385 0.843172
vt 0.944195 0.876127
vt 0.944468 0.223522
vt 0.944468 0.764043
vt 0.840385 0.759316
vt 0.943921 0.223522
vt 0.838059 0.759316
vt 0.943921 0.764043
vt 0.103170 0.942668
vt 0.870854 0.942668
vt 0.838059 0.759316
vt 0.095201 0.944917
vt 0.128196 0.841499
vt 0.807732 0.849706
vt 0.838220 0.953891
vt 0.029174 0.846536
vt 0.037859 0.127377
vt 0.136731 0.134804
vt 0.127406 0.941502
vt 0.846618 0.941502
vt 0.106243 0.030619
vt 0.849262 0.039592
vt 0.816267 0.143011
vt 0.870854 0.942668
vt 0.135965 0.759316
vt 0.103170 0.942668
vt 0.944195 0.811900
vt 0.944195 0.175665
vt 0.943553 0.840537
vt 0.839743 0.785945
vt 0.839743 0.234606
vt 0.943553 0.180015
vt 0.845508 0.941748
vt 0.131723 0.941675
vt 0.132997 0.785945
vt 0.936115 0.857021
vt 0.944806 0.143289
vt 0.029187 0.840537
vt 0.029187 0.180015
vt 0.132997 0.234606
vt 0.029830 0.811900
vt 0.029830 0.175665
vt 0.127407 0.946301
vt 0.846618 0.946301
vt 0.845976 0.047326
vt 0.126764 0.047326
vt 0.029830 0.045582
vt 0.029830 0.040014
vt 0.029830 0.045582
vt 0.944195 0.040014
vt 0.944195 0.045582
vt 0.944195 0.045582
vt 0.029781 0.944127
vt 0.029830 0.942668
vt 0.029830 0.942668
vt 0.944195 0.942668
vt 0.040823 0.029828
vt 0.944195 0.942668
vt 0.944837 0.942739
vt 0.944195 0.942668
vt 0.933961 0.956331
vt 0.029830 0.942668
vt 0.030471 0.942717
vt 0.945025 0.042033
vt 0.029830 0.945092
vt 0.944195 0.045582
vt 0.943553 0.045472
vt 0.029830 0.045582
vt 0.944195 0.945092
vt 0.029187 0.045472
vt 0.133639 0.137644
vt 0.029830 0.104689
vt 0.029830 0.876127
vt 0.133639 0.843172
vt 0.103170 0.045582
vt 0.135965 0.228249
vt 0.838059 0.228249
vt 0.870854 0.045582
vt 0.133639 0.228249
vt 0.101700 0.045582
vt 0.872324 0.045582
vt 0.840385 0.228249
vt 0.872324 0.040014
vt 0.101700 0.040014
vt 0.840385 0.137644
vt 0.030103 0.223522
vt 0.030103 0.764043
vt 0.135966 0.759316
vt 0.029556 0.223522
vt 0.133639 0.759316
vt 0.029556 0.764043
vt 0.838059 0.228249
vt 0.870854 0.045582
vt 0.103170 0.045582
vt 0.135965 0.228249
vt 0.944195 0.104689
vt 0.840385 0.843172
vt 0.944195 0.876127
vt 0.944468 0.223522
vt 0.944468 0.764043
vt 0.840385 0.759316
vt 0.943921 0.223522
vt 0.838059 0.759316
vt 0.943921 0.764043
vt 0.103170 0.942668
vt 0.870854 0.942668
vt 0.838059 0.759316
vt 0.030472 0.106750
vt 0.134281 0.138493
vt 0.134281 0.818079
vt 0.030472 0.849822
vt 0.128048 0.039539
vt 0.847260 0.039539
vt 0.841027 0.138493
vt 0.127406 0.941502
vt 0.846618 0.941502
vt 0.944837 0.106750
vt 0.944837 0.849822
vt 0.841027 0.818079
vt 0.870854 0.942668
vt 0.135965 0.759316
vt 0.103170 0.942668
vt 0.944195 0.811900
vt 0.944195 0.175665
vt 0.943553 0.840537
vt 0.839743 0.785945
vt 0.839743 0.234606
vt 0.943553 0.180015
vt 0.845508 0.941748
vt 0.131723 0.941675
vt 0.132997 0.785945
vt 0.128516 0.946540
vt 0.842301 0.946611
vt 0.029187 0.840537
vt 0.029187 0.180015
vt 0.132997 0.234606
vt 0.029830 0.811900
vt 0.029830 0.175665
vt 0.127407 0.946301
vt 0.846618 0.946301
vt 0.845976 0.047326
vt 0.126764 0.047326
vt 0.029830 0.045582
vt 0.029830 0.040014
vt 0.029830 0.045582
vt 0.944195 0.040014
vt 0.944195 0.045582
vt 0.944195 0.045582
vt 0.030472 0.041325
vt 0.029830 0.942668
vt 0.029830 0.942668
vt 0.944195 0.942668
vt 0.944837 0.041325
vt 0.944195 0.942668
vt 0.944837 0.942739
vt 0.944195 0.942668
vt 0.029187 0.945586
vt 0.029830 0.942668
vt 0.030471 0.942717
vt 0.943553 0.945607
vt 0.029830 0.945092
vt 0.944195 0.045582
vt 0.943553 0.045472
vt 0.029830 0.045582
vt 0.944195 0.945092
vt 0.029187 0.045472
vt 0.133639 0.137644
vt 0.029830 0.104689
vt 0.029830 0.876127
vt 0.133639 0.843172
vt 0.103170 0.045582
vt 0.135965 0.228249
vt 0.838059 0.228249
vt 0.870854 0.045582
vt 0.133639 0.228249
vt 0.101700 0.045582
vt 0.872324 0.045582
vt 0.840385 0.228249
vt 0.872324 0.040014
vt 0.101700 0.040014
vt 0.840385 0.137644
vt 0.030103 0.223522
vt 0.030103 0.764043
vt 0.135966 0.759316
vt 0.029556 0.223522
vt 0.133639 0.759316
vt 0.029556 0.764043
vt 0.838059 0.228249
vt 0.870854 0.045582
vt 0.103170 0.045582
vt 0.135965 0.228249
vt 0.944195 0.104689
vt 0.840385 0.843172
vt 0.944195 0.876127
vt 0.944468 0.223522
vt 0.944468 0.764043
vt 0.840385 0.759316
vt 0.943921 0.223522
vt 0.838059 0.759316
vt 0.943921 0.764043
vt 0.103170 0.942668
vt 0.870854 0.942668
vt 0.838059 0.759316
vt 0.095201 0.944917
vt 0.128196 0.841499
vt 0.807732 0.849706
vt 0.838220 0.953891
vt 0.029174 0.846536
vt 0.037859 0.127377
vt 0.136731 0.134804
vt 0.127406 0.941502
vt 0.846618 0.941502
vt 0.106243 0.030619
vt 0.849262 0.039592
vt 0.816267 0.143011
vt 0.870854 0.942668
vt 0.135965 0.759316
vt 0.103170 0.942668
vt 0.944195 0.811900
vt 0.944195 0.175665
vt 0.943553 0.840537
vt 0.839743 0.785945
vt 0.839743 0.234606
vt 0.943553 0.180015
vt 0.845508 0.941748
vt 0.131723 0.941675
vt 0.132997 0.785945
vt 0.936115 0.857021
vt 0.944806 0.143289
vt 0.029187 0.840537
vt 0.029187 0.180015
vt 0.132997 0.234606
vt 0.029830 0.811900
vt 0.029830 0.175665
vt 0.127407 0.946301
vt 0.846618 0.946301
vt 0.845976 0.047326
vt 0.126764 0.047326
vt 0.029830 0.045582
vt 0.029830 0.040014
vt 0.029830 0.045582
vt 0.944195 0.040014
vt 0.944195 0.045582
vt 0.944195 0.045582
vt 0.029781 0.944127
vt 0.029830 0.942668
vt 0.029830 0.942668
vt 0.944195 0.942668
vt 0.040823 0.029828
vt 0.944195 0.942668
vt 0.944837 0.942739
vt 0.944195 0.942668
vt 0.933961 0.956331
vt 0.029830 0.942668
vt 0.030471 0.942717
vt 0.945025 0.042033
vt 0.029830 0.945092
vt 0.944195 0.045582
vt 0.943553 0.045472
vt 0.029830 0.045582
vt 0.944195 0.945092
vt 0.029187 0.045472
vt 0.133639 0.137644
vt 0.029830 0.104689
vt 0.029830 0.876127
vt 0.133639 0.843172
vt 0.103170 0.045582
vt 0.135965 0.228249
vt 0.838059 0.228249
vt 0.870854 0.045582
vt 0.133639 0.228249
vt 0.101700 0.045582
vt 0.872324 0.045582
vt 0.840385 0.228249
vt 0.872324 0.040014
vt 0.101700 0.040014
vt 0.840385 0.137644
vt 0.030103 0.223522
vt 0.030103 0.764043
vt 0.135966 0.759316
vt 0.029556 0.223522
vt 0.133639 0.759316
vt 0.029556 0.764043
vt 0.838059 0.228249
vt 0.870854 0.045582
vt 0.103170 0.045582
vt 0.135965 0.228249
vt 0.944195 0.104689
vt 0.840385 0.843172
vt 0.944195 0.876127
vt 0.944468 0.223522
vt 0.944468 0.764043
vt 0.840385 0.759316
vt 0.943921 0.223522
vt 0.838059 0.759316
vt 0.943921 0.764043
vt 0.103170 0.942668
vt 0.870854 0.942668
vt 0.838059 0.759316
vt 0.095201 0.944917
vt 0.128196 0.841499
vt 0.807732 0.849706
vt 0.838220 0.953891
vt 0.029174 0.846536
vt 0.037859 0.127377
vt 0.136731 0.134804
vt 0.127406 0.941502
vt 0.846618 0.941502
vt 0.106243 0.030619
vt 0.849262 0.039592
vt 0.816267 0.143011
vt 0.870854 0.942668
vt 0.135965 0.759316
vt 0.103170 0.942668
vt 0.944195 0.811900
vt 0.944195 0.175665
vt 0.943553 0.840537
vt 0.839743 0.785945
vt 0.839743 0.234606
vt 0.943553 0.180015
vt 0.845508 0.941748
vt 0.131723 0.941675
vt 0.132997 0.785945
vt 0.936115 0.857021
vt 0.944806 0.143289
vt 0.029187 0.840537
vt 0.029187 0.180015
vt 0.132997 0.234606
vt 0.029830 0.811900
vt 0.029830 0.175665
vt 0.127407 0.946301
vt 0.846618 0.946301
vt 0.845976 0.047326
vt 0.126764 0.047326
vt 0.029830 0.045582
vt 0.029830 0.040014
vt 0.029830 0.045582
vt 0.944195 0.040014
vt 0.944195 0.045582
vt 0.944195 0.045582
vt 0.029781 0.944127
vt 0.029830 0.942668
vt 0.029830 0.942668
vt 0.944195 0.942668
vt 0.040823 0.029828
vt 0.944195 0.942668
vt 0.944837 0.942739
vt 0.944195 0.942668
vt 0.933961 0.956331
vt 0.029830 0.942668
vt 0.030471 0.942717
vt 0.945025 0.042033
vt 0.029830 0.945092
vt 0.944195 0.045582
vt 0.943553 0.045472
vt 0.029830 0.045582
vt 0.944195 0.945092
vt 0.029187 0.045472
vt 0.133639 0.137644
vt 0.029830 0.104689
vt 0.029830 0.876127
vt 0.133639 0.843172
vt 0.103171 0.045582
vt 0.135965 0.228249
vt 0.838059 0.228249
vt 0.870854 0.045582
vt 0.133639 0.228249
vt 0.101700 0.045582
vt 0.227471 0.045582
vt 0.248985 0.228249
vt 0.101701 0.040014
vt 0.248985 0.137644
vt 0.227472 0.040014
vt 0.030103 0.223522
vt 0.030103 0.440256
vt 0.135965 0.441192
vt 0.029556 0.223522
vt 0.133639 0.441192
vt 0.029556 0.440256
vt 0.838059 0.228249
vt 0.870854 0.045582
vt 0.103171 0.045582
vt 0.135965 0.228249
vt 0.944195 0.104689
vt 0.840385 0.137644
vt 0.840385 0.843172
vt 0.944195 0.876127
vt 0.840385 0.228249
vt 0.944468 0.223522
vt 0.944468 0.440256
vt 0.840385 0.441192
vt 0.943921 0.223522
vt 0.838059 0.441192
vt 0.943921 0.440256
vt 0.135966 0.759316
vt 0.103170 0.942668
vt 0.870854 0.942668
vt 0.838059 0.759316
vt 0.098288 0.948374
vt 0.130594 0.844738
vt 0.810170 0.848421
vt 0.841350 0.952400
vt 0.031608 0.850435
vt 0.032244 0.733056
vt 0.131219 0.729394
vt 0.127406 0.941502
vt 0.133639 0.759316
vt 0.248985 0.759316
vt 0.244787 0.941503
vt 0.134423 0.138003
vt 0.103243 0.034022
vt 0.846304 0.038048
vt 0.813999 0.141685
vt 0.870854 0.942668
vt 0.838059 0.759316
vt 0.135965 0.759316
vt 0.103171 0.942668
vt 0.838059 0.441192
vt 0.944195 0.430778
vt 0.944195 0.175665
vt 0.943553 0.444867
vt 0.839743 0.455679
vt 0.839743 0.234606
vt 0.943553 0.180015
vt 0.839743 0.785946
vt 0.845508 0.941748
vt 0.726885 0.941797
vt 0.724397 0.785946
vt 0.938598 0.854881
vt 0.810795 0.733076
vt 0.939194 0.736260
vt 0.132997 0.455678
vt 0.029188 0.444867
vt 0.029188 0.180015
vt 0.132997 0.234606
vt 0.029830 0.430778
vt 0.135965 0.441192
vt 0.029830 0.175665
vt 0.127407 0.946301
vt 0.244787 0.946301
vt 0.248985 0.843172
vt 0.845976 0.047326
vt 0.724397 0.234606
vt 0.728596 0.047326
vt 0.248985 0.441192
vt 0.724397 0.455679
vt 0.029830 0.045582
vt 0.029830 0.040014
vt 0.029830 0.045582
vt 0.872324 0.040014
vt 0.944195 0.040014
vt 0.944195 0.045582
vt 0.872324 0.045582
vt 0.944195 0.045582
vt 0.032865 0.948020
vt 0.030103 0.764043
vt 0.029830 0.942668
vt 0.029556 0.764043
vt 0.029830 0.942668
vt 0.943921 0.764043
vt 0.944195 0.942668
vt 0.035505 0.131234
vt 0.037819 0.033668
vt 0.846618 0.941502
vt 0.840385 0.759316
vt 0.944468 0.764043
vt 0.944195 0.942668
vt 0.943553 0.840537
vt 0.944837 0.942739
vt 0.944195 0.811900
vt 0.944195 0.942668
vt 0.937105 0.954203
vt 0.029830 0.811900
vt 0.029830 0.942668
vt 0.029188 0.840537
vt 0.132997 0.785946
vt 0.131723 0.941675
vt 0.030472 0.942717
vt 0.942536 0.141107
vt 0.942081 0.039851
vt 0.029830 0.945091
vt 0.944195 0.045582
vt 0.943553 0.045472
vt 0.029830 0.045582
vt 0.846618 0.946301
vt 0.944195 0.945091
vt 0.126765 0.047326
vt 0.029188 0.045472
vt 0.662044 0.228249
vt 0.677864 0.045582
vt 0.662044 0.441192
vt 0.665131 0.941502
vt 0.662044 0.759316
vt 0.133457 0.316341
vt 0.034521 0.312718
vt 0.813033 0.320023
vt 0.941494 0.319019
vt 0.311338 0.785946
vt 0.309639 0.941757
vt 0.311338 0.234606
vt 0.311338 0.455678
vt 0.308251 0.047326
vt 0.662044 0.843172
vt 0.665131 0.946301
vt 0.662044 0.137644
vt 0.677864 0.040014
vt 0.410606 0.045582
vt 0.416939 0.228249
vt 0.416939 0.441192
vt 0.416939 0.759316
vt 0.415703 0.941502
vt 0.033170 0.562142
vt 0.132129 0.561442
vt 0.811705 0.565125
vt 0.940061 0.563536
vt 0.554159 0.941869
vt 0.556443 0.785946
vt 0.556443 0.455679
vt 0.556443 0.234606
vt 0.557679 0.047326
vt 0.415703 0.946301
vt 0.416939 0.843172
vt 0.416939 0.137644
vt 0.410606 0.040014
vt 0.133639 0.137644
vt 0.029830 0.104689
vt 0.029830 0.876127
vt 0.133639 0.843172
vt 0.103170 0.045582
vt 0.135965 0.228249
vt 0.838059 0.228249
vt 0.870854 0.045582
vt 0.133639 0.228249
vt 0.101700 0.045582
vt 0.872324 0.045582
vt 0.840385 0.228249
vt 0.872324 0.040014
vt 0.101700 0.040014
vt 0.840385 0.137644
vt 0.030103 0.223522
vt 0.030103 0.351257
vt 0.135965 0.353750
vt 0.029556 0.223522
vt 0.133639 0.353750
vt 0.029556 0.351257
vt 0.838059 0.228249
vt 0.870854 0.045582
vt 0.103170 0.045582
vt 0.135965 0.228249
vt 0.944195 0.104689
vt 0.840385 0.843172
vt 0.944195 0.876127
vt 0.944468 0.223522
vt 0.944468 0.351257
vt 0.840385 0.353750
vt 0.943921 0.223522
vt 0.838059 0.353750
vt 0.943921 0.351257
vt 0.135966 0.759316
vt 0.103170 0.942668
vt 0.870854 0.942668
vt 0.838059 0.759316
vt 0.095201 0.944917
vt 0.128196 0.841499
vt 0.807732 0.849706
vt 0.838220 0.953891
vt 0.029174 0.846536
vt 0.037859 0.127377
vt 0.136731 0.134804
vt 0.127406 0.941502
vt 0.133639 0.759316
vt 0.840385 0.759316
vt 0.846618 0.941502
vt 0.106243 0.030619
vt 0.849262 0.039592
vt 0.816267 0.143011
vt 0.870854 0.942668
vt 0.838059 0.759316
vt 0.135965 0.759316
vt 0.103170 0.942668
vt 0.838059 0.353750
vt 0.944195 0.326019
vt 0.944195 0.175665
vt 0.943553 0.336109
vt 0.839743 0.364898
vt 0.839743 0.234606
vt 0.943553 0.180015
vt 0.839743 0.785945
vt 0.845508 0.941748
vt 0.131723 0.941675
vt 0.132997 0.785945
vt 0.936115 0.857021
vt 0.944806 0.143289
vt 0.132997 0.364898
vt 0.029187 0.336109
vt 0.029187 0.180015
vt 0.132997 0.234606
vt 0.029830 0.326019
vt 0.135965 0.353750
vt 0.029830 0.175665
vt 0.127407 0.946301
vt 0.846618 0.946301
vt 0.845976 0.047326
vt 0.126764 0.047326
vt 0.029830 0.045582
vt 0.029830 0.040014
vt 0.029830 0.045582
vt 0.944195 0.040014
vt 0.944195 0.045582
vt 0.944195 0.045582
vt 0.029781 0.944127
vt 0.030103 0.764043
vt 0.029830 0.942668
vt 0.029556 0.764043
vt 0.029830 0.942668
vt 0.943921 0.764043
vt 0.944195 0.942668
vt 0.040823 0.029828
vt 0.944468 0.764043
vt 0.944195 0.942668
vt 0.943553 0.840537
vt 0.944837 0.942739
vt 0.944195 0.811900
vt 0.944195 0.942668
vt 0.933961 0.956331
vt 0.029830 0.811900
vt 0.029830 0.942668
vt 0.029187 0.840537
vt 0.030471 0.942717
vt 0.945025 0.042033
vt 0.029830 0.945092
vt 0.944195 0.045582
vt 0.943553 0.045472
vt 0.029830 0.045582
vt 0.944195 0.945092
vt 0.029187 0.045472
vt 0.135965 0.484896
vt 0.030103 0.484738
vt 0.838059 0.484896
vt 0.944195 0.483137
vt 0.839743 0.501051
vt 0.943553 0.499224
vt 0.132997 0.501051
vt 0.029187 0.499224
vt 0.135965 0.484896
vt 0.029830 0.483137
vt 0.838059 0.484896
vt 0.943921 0.484738
vt 0.840385 0.484896
vt 0.944468 0.484738
vt 0.133639 0.484896
vt 0.029556 0.484738
vt 0.133639 0.137644
vt 0.029830 0.104689
vt 0.029830 0.876127
vt 0.133639 0.843172
vt 0.103170 0.045582
vt 0.135965 0.228249
vt 0.838059 0.228249
vt 0.870854 0.045582
vt 0.133639 0.228249
vt 0.101700 0.045582
vt 0.872324 0.045582
vt 0.840385 0.228249
vt 0.872324 0.040014
vt 0.101700 0.040014
vt 0.840385 0.137644
vt 0.030103 0.223522
vt 0.030103 0.764043
vt 0.135966 0.759316
vt 0.029556 0.223522
vt 0.133639 0.759316
vt 0.029556 0.764043
vt 0.838059 0.228249
vt 0.870854 0.045582
vt 0.103170 0.045582
vt 0.135965 0.228249
vt 0.944195 0.104689
vt 0.840385 0.843172
vt 0.944195 0.876127
vt 0.944468 0.223522
vt 0.944468 0.764043
vt 0.840385 0.759316
vt 0.943921 0.223522
vt 0.838059 0.759316
vt 0.943921 0.764043
vt 0.103170 0.942668
vt 0.870854 0.942668
vt 0.838059 0.759316
vt 0.095201 0.944917
vt 0.128196 0.841499
vt 0.807732 0.849706
vt 0.838220 0.953891
vt 0.029174 0.846536
vt 0.037859 0.127377
vt 0.136731 0.134804
vt 0.127406 0.941502
vt 0.846618 0.941502
vt 0.106243 0.030619
vt 0.849262 0.039592
vt 0.816267 0.143011
vt 0.870854 0.942668
vt 0.135965 0.759316
vt 0.103170 0.942668
vt 0.944195 0.811900
vt 0.944195 0.175665
vt 0.943553 0.840537
vt 0.839743 0.785945
vt 0.839743 0.234606
vt 0.943553 0.180015
vt 0.845508 0.941748
vt 0.131723 0.941675
vt 0.132997 0.785945
vt 0.936115 0.857021
vt 0.944806 0.143289
vt 0.029187 0.840537
vt 0.029187 0.180015
vt 0.132997 0.234606
vt 0.029830 0.811900
vt 0.029830 0.175665
vt 0.127407 0.946301
vt 0.846618 0.946301
vt 0.845976 0.047326
vt 0.126764 0.047326
vt 0.029830 0.045582
vt 0.029830 0.040014
vt 0.029830 0.045582
vt 0.944195 0.040014
vt 0.944195 0.045582
vt 0.944195 0.045582
vt 0.029781 0.944127
vt 0.029830 0.942668
vt 0.029830 0.942668
vt 0.944195 0.942668
vt 0.040823 0.029828
vt 0.944195 0.942668
vt 0.944837 0.942739
vt 0.944195 0.942668
vt 0.933961 0.956331
vt 0.029830 0.942668
vt 0.030471 0.942717
vt 0.945025 0.042033
vt 0.029830 0.945092
vt 0.944195 0.045582
vt 0.943553 0.045472
vt 0.029830 0.045582
vt 0.944195 0.945092
vt 0.029187 0.045472
vt 0.133639 0.137644
vt 0.029830 0.104689
vt 0.029830 0.876127
vt 0.133639 0.843172
vt 0.103170 0.045582
vt 0.135965 0.228249
vt 0.838059 0.228249
vt 0.870854 0.045582
vt 0.133639 0.228249
vt 0.101700 0.045582
vt 0.872324 0.045582
vt 0.840385 0.228249
vt 0.872324 0.040014
vt 0.101700 0.040014
vt 0.840385 0.137644
vt 0.030103 0.223522
vt 0.030103 0.764043
vt 0.135966 0.759316
vt 0.029556 0.223522
vt 0.133639 0.759316
vt 0.029556 0.764043
vt 0.838059 0.228249
vt 0.870854 0.045582
vt 0.103170 0.045582
vt 0.135965 0.228249
vt 0.944195 0.104689
vt 0.840385 0.843172
vt 0.944195 0.876127
vt 0.944468 0.223522
vt 0.944468 0.764043
vt 0.840385 0.759316
vt 0.943921 0.223522
vt 0.838059 0.759316
vt 0.943921 0.764043
vt 0.103170 0.942668
vt 0.870854 0.942668
vt 0.838059 0.759316
vt 0.095201 0.944917
vt 0.128196 0.841499
vt 0.807732 0.849706
vt 0.838220 0.953891
vt 0.029174 0.846536
vt 0.037859 0.127377
vt 0.136731 0.134804
vt 0.127406 0.941502
vt 0.846618 0.941502
vt 0.106243 0.030619
vt 0.849262 0.039592
vt 0.816267 0.143011
vt 0.870854 0.942668
vt 0.135965 0.759316
vt 0.103170 0.942668
vt 0.944195 0.811900
vt 0.944195 0.175665
vt 0.943553 0.840537
vt 0.839743 0.785945
vt 0.839743 0.234606
vt 0.943553 0.180015
vt 0.845508 0.941748
vt 0.131723 0.941675
vt 0.132997 0.785945
vt 0.936115 0.857021
vt 0.944806 0.143289
vt 0.029187 0.840537
vt 0.029187 0.180015
vt 0.132997 0.234606
vt 0.029830 0.811900
vt 0.029830 0.175665
vt 0.127407 0.946301
vt 0.846618 0.946301
vt 0.845976 0.047326
vt 0.126764 0.047326
vt 0.029830 0.045582
vt 0.029830 0.040014
vt 0.029830 0.045582
vt 0.944195 0.040014
vt 0.944195 0.045582
vt 0.944195 0.045582
vt 0.029781 0.944127
vt 0.029830 0.942668
vt 0.029830 0.942668
vt 0.944195 0.942668
vt 0.040823 0.029828
vt 0.944195 0.942668
vt 0.944837 0.942739
vt 0.944195 0.942668
vt 0.933961 0.956331
vt 0.029830 0.942668
vt 0.030471 0.942717
vt 0.945025 0.042033
vt 0.029830 0.945092
vt 0.944195 0.045582
vt 0.943553 0.045472
vt 0.029830 0.045582
vt 0.944195 0.945092
vt 0.029187 0.045472
vt 0.133639 0.137644
vt 0.029830 0.104689
vt 0.029830 0.876127
vt 0.133639 0.843172
vt 0.103170 0.045582
vt 0.135965 0.228249
vt 0.838059 0.228249
vt 0.870854 0.045582
vt 0.133639 0.228249
vt 0.101700 0.045582
vt 0.872324 0.045582
vt 0.840385 0.228249
vt 0.872324 0.040014
vt 0.101700 0.040014
vt 0.840385 0.137644
vt 0.030103 0.223522
vt 0.030103 0.764043
vt 0.135966 0.759316
vt 0.029556 0.223522
vt 0.133639 0.759316
vt 0.029556 0.764043
vt 0.838059 0.228249
vt 0.870854 0.045582
vt 0.103170 0.045582
vt 0.135965 0.228249
vt 0.944195 0.104689
vt 0.840385 0.843172
vt 0.944195 0.876127
vt 0.944468 0.223522
vt 0.944468 0.764043
vt 0.840385 0.759316
vt 0.943921 0.223522
vt 0.838059 0.759316
vt 0.943921 0.764043
vt 0.103170 0.942668
vt 0.870854 0.942668
vt 0.838059 0.759316
vt 0.030472 0.106750
vt 0.134281 0.138493
vt 0.134281 0.818079
vt 0.030472 0.849822
vt 0.128048 0.039539
vt 0.847260 0.039539
vt 0.841027 0.138493
vt 0.127406 0.941502
vt 0.846618 0.941502
vt 0.944837 0.106750
vt 0.944837 0.849822
vt 0.841027 0.818079
vt 0.870854 0.942668
vt 0.135965 0.759316
vt 0.103170 0.942668
vt 0.944195 0.811900
vt 0.944195 0.175665
vt 0.943553 0.840537
vt 0.839743 0.785945
vt 0.839743 0.234606
vt 0.943553 0.180015
vt 0.845508 0.941748
vt 0.131723 0.941675
vt 0.132997 0.785945
vt 0.128516 0.946540
vt 0.842301 0.946611
vt 0.029187 0.840537
vt 0.029187 0.180015
vt 0.132997 0.234606
vt 0.029830 0.811900
vt 0.029830 0.175665
vt 0.127407 0.946301
vt 0.846618 0.946301
vt 0.845976 0.047326
vt 0.126764 0.047326
vt 0.029830 0.045582
vt 0.029830 0.040014
vt 0.029830 0.045582
vt 0.944195 0.040014
vt 0.944195 0.045582
vt 0.944195 0.045582
vt 0.030472 0.041325
vt 0.029830 0.942668
vt 0.029830 0.942668
vt 0.944195 0.942668
vt 0.944837 0.041325
vt 0.944195 0.942668
vt 0.944837 0.942739
vt 0.944195 0.942668
vt 0.029187 0.945586
vt 0.029830 0.942668
vt 0.030471 0.942717
vt 0.943553 0.945607
vt 0.029830 0.945092
vt 0.944195 0.045582
vt 0.943553 0.045472
vt 0.029830 0.045582
vt 0.944195 0.945092
vt 0.029187 0.045472
vt 0.133639 0.137644
vt 0.029830 0.104689
vt 0.029830 0.876127
vt 0.133639 0.843172
vt 0.103170 0.045582
vt 0.135965 0.228249
vt 0.838059 0.228249
vt 0.870854 0.045582
vt 0.133639 0.228249
vt 0.101700 0.045582
vt 0.872324 0.045582
vt 0.840385 0.228249
vt 0.872324 0.040014
vt 0.101700 0.040014
vt 0.840385 0.137644
vt 0.030103 0.223522
vt 0.030103 0.764043
vt 0.135966 0.759316
vt 0.029556 0.223522
vt 0.133639 0.759316
vt 0.029556 0.764043
vt 0.838059 0.228249
vt 0.870854 0.045582
vt 0.103170 0.045582
vt 0.135965 0.228249
vt 0.944195 0.104689
vt 0.840385 0.843172
vt 0.944195 0.876127
vt 0.944468 0.223522
vt 0.944468 0.764043
vt 0.840385 0.759316
vt 0.943921 0.223522
vt 0.838059 0.759316
vt 0.943921 0.764043
vt 0.103170 0.942668
vt 0.870854 0.942668
vt 0.838059 0.759316
vt 0.095201 0.944917
vt 0.128196 0.841499
vt 0.807732 0.849706
vt 0.838220 0.953891
vt 0.029174 0.846536
vt 0.037859 0.127377
vt 0.136731 0.134804
vt 0.127406 0.941502
vt 0.846618 0.941502
vt 0.106243 0.030619
vt 0.849262 0.039592
vt 0.816267 0.143011
vt 0.870854 0.942668
vt 0.135965 0.759316
vt 0.103170 0.942668
vt 0.944195 0.811900
vt 0.944195 0.175665
vt 0.943553 0.840537
vt 0.839743 0.785945
vt 0.839743 0.234606
vt 0.943553 0.180015
vt 0.845508 0.941748
vt 0.131723 0.941675
vt 0.132997 0.785945
vt 0.936115 0.857021
vt 0.944806 0.143289
vt 0.029187 0.840537
vt 0.029187 0.180015
vt 0.132997 0.234606
vt 0.029830 0.811900
vt 0.029830 0.175665
vt 0.127407 0.946301
vt 0.846618 0.946301
vt 0.845976 0.047326
vt 0.126764 0.047326
vt 0.029830 0.045582
vt 0.029830 0.040014
vt 0.029830 0.045582
vt 0.944195 0.040014
vt 0.944195 0.045582
vt 0.944195 0.045582
vt 0.029781 0.944127
vt 0.029830 0.942668
vt 0.029830 0.942668
vt 0.944195 0.942668
vt 0.040823 0.029828
vt 0.944195 0.942668
vt 0.944837 0.942739
vt 0.944195 0.942668
vt 0.933961 0.956331
vt 0.029830 0.942668
vt 0.030471 0.942717
vt 0.945025 0.042033
vt 0.029830 0.945092
vt 0.944195 0.045582
vt 0.943553 0.045472
vt 0.029830 0.045582
vt 0.944195 0.945092
vt 0.029187 0.045472
vt 0.133639 0.137644
vt 0.029830 0.104689
vt 0.029830 0.876127
vt 0.133639 0.843172
vt 0.103170 0.045582
vt 0.135965 0.228249
vt 0.838059 0.228249
vt 0.870854 0.045582
vt 0.133639 0.228249
vt 0.101700 0.045582
vt 0.872324 0.045582
vt 0.840385 0.228249
vt 0.872324 0.040014
vt 0.101700 0.040014
vt 0.840385 0.137644
vt 0.030103 0.223522
vt 0.030103 0.764043
vt 0.135966 0.759316
vt 0.029556 0.223522
vt 0.133639 0.759316
vt 0.029556 0.764043
vt 0.838059 0.228249
vt 0.870854 0.045582
vt 0.103170 0.045582
vt 0.135965 0.228249
vt 0.944195 0.104689
vt 0.840385 0.843172
vt 0.944195 0.876127
vt 0.944468 0.223522
vt 0.944468 0.764043
vt 0.840385 0.759316
vt 0.943921 0.223522
vt 0.838059 0.759316
vt 0.943921 0.764043
vt 0.103170 0.942668
vt 0.870854 0.942668
vt 0.838059 0.759316
vt 0.030472 0.106750
vt 0.134281 0.138493
vt 0.134281 0.818079
vt 0.030472 0.849822
vt 0.128048 0.039539
vt 0.847260 0.039539
vt 0.841027 0.138493
vt 0.127406 0.941502
vt 0.846618 0.941502
vt 0.944837 0.106750
vt 0.944837 0.849822
vt 0.841027 0.818079
vt 0.870854 0.942668
vt 0.135965 0.759316
vt 0.103170 0.942668
vt 0.944195 0.811900
vt 0.944195 0.175665
vt 0.943553 0.840537
vt 0.839743 0.785945
vt 0.839743 0.234606
vt 0.943553 0.180015
vt 0.845508 0.941748
vt 0.131723 0.941675
vt 0.132997 0.785945
vt 0.128516 0.946540
vt 0.842301 0.946611
vt 0.029187 0.840537
vt 0.029187 0.180015
vt 0.132997 0.234606
vt 0.029830 0.811900
vt 0.029830 0.175665
vt 0.127407 0.946301
vt 0.846618 0.946301
vt 0.845976 0.047326
vt 0.126764 0.047326
vt 0.029830 0.045582
vt 0.029830 0.040014
vt 0.029830 0.045582
vt 0.944195 0.040014
vt 0.944195 0.045582
vt 0.944195 0.045582
vt 0.030472 0.041325
vt 0.029830 0.942668
vt 0.029830 0.942668
vt 0.944195 0.942668
vt 0.944837 0.041325
vt 0.944195 0.942668
vt 0.944837 0.942739
vt 0.944195 0.942668
vt 0.029187 0.945586
vt 0.029830 0.942668
vt 0.030471 0.942717
vt 0.943553 0.945607
vt 0.029830 0.945092
vt 0.944195 0.045582
vt 0.943553 0.045472
vt 0.029830 0.045582
vt 0.944195 0.945092
vt 0.029187 0.045472
vt 0.133639 0.137644
vt 0.029830 0.104689
vt 0.029830 0.876127
vt 0.133639 0.843172
vt 0.103170 0.045582
vt 0.135965 0.228249
vt 0.838059 0.228249
vt 0.870854 0.045582
vt 0.133639 0.228249
vt 0.101700 0.045582
vt 0.872324 0.045582
vt 0.840385 0.228249
vt 0.872324 0.040014
vt 0.101700 0.040014
vt 0.840385 0.137644
vt 0.030103 0.223522
vt 0.030103 0.764043
vt 0.135966 0.759316
vt 0.029556 0.223522
vt 0.133639 0.759316
vt 0.029556 0.764043
vt 0.838059 0.228249
vt 0.870854 0.045582
vt 0.103170 0.045582
vt 0.135965 0.228249
vt 0.944195 0.104689
vt 0.840385 0.843172
vt 0.944195 0.876127
vt 0.944468 0.223522
vt 0.944468 0.764043
vt 0.840385 0.759316
vt 0.943921 0.223522
vt 0.838059 0.759316
vt 0.943921 0.764043
vt 0.103170 0.942668
vt 0.870854 0.942668
vt 0.838059 0.759316
vt 0.095201 0.944917
vt 0.128196 0.841499
vt 0.807732 0.849706
vt 0.838220 0.953891
vt 0.029174 0.846536
vt 0.037859 0.127377
vt 0.136731 0.134804
vt 0.127406 0.941502
vt 0.846618 0.941502
vt 0.106243 0.030619
vt 0.849262 0.039592
vt 0.816267 0.143011
vt 0.870854 0.942668
vt 0.135965 0.759316
vt 0.103170 0.942668
vt 0.944195 0.811900
vt 0.944195 0.175665
vt 0.943553 0.840537
vt 0.839743 0.785945
vt 0.839743 0.234606
vt 0.943553 0.180015
vt 0.845508 0.941748
vt 0.131723 0.941675
vt 0.132997 0.785945
vt 0.936115 0.857021
vt 0.944806 0.143289
vt 0.029187 0.840537
vt 0.029187 0.180015
vt 0.132997 0.234606
vt 0.029830 0.811900
vt 0.029830 0.175665
vt 0.127407 0.946301
vt 0.846618 0.946301
vt 0.845976 0.047326
vt 0.126764 0.047326
vt 0.029830 0.045582
vt 0.029830 0.040014
vt 0.029830 0.045582
vt 0.944195 0.040014
vt 0.944195 0.045582
vt 0.944195 0.045582
vt 0.029781 0.944127
vt 0.029830 0.942668
vt 0.029830 0.942668
vt 0.944195 0.942668
vt 0.040823 0.029828
vt 0.944195 0.942668
vt 0.944837 0.942739
vt 0.944195 0.942668
vt 0.933961 0.956331
vt 0.029830 0.942668
vt 0.030471 0.942717
vt 0.945025 0.042033
vt 0.029830 0.945092
vt 0.944195 0.045582
vt 0.943553 0.045472
vt 0.029830 0.045582
vt 0.944195 0.945092
vt 0.029187 0.045472
vt 0.133639 0.137644
vt 0.029830 0.104689
vt 0.029830 0.876127
vt 0.133639 0.843172
vt 0.103170 0.045582
vt 0.135965 0.228249
vt 0.838059 0.228249
vt 0.870854 0.045582
vt 0.133639 0.228249
vt 0.101700 0.045582
vt 0.872324 0.045582
vt 0.840385 0.228249
vt 0.872324 0.040014
vt 0.101700 0.040014
vt 0.840385 0.137644
vt 0.030103 0.223522
vt 0.030103 0.764043
vt 0.135966 0.759316
vt 0.029556 0.223522
vt 0.133639 0.759316
vt 0.029556 0.764043
vt 0.838059 0.228249
vt 0.870854 0.045582
vt 0.103170 0.045582
vt 0.135965 0.228249
vt 0.944195 0.104689
vt 0.840385 0.843172
vt 0.944195 0.876127
vt 0.944468 0.223522
vt 0.944468 0.764043
vt 0.840385 0.759316
vt 0.943921 0.223522
vt 0.838059 0.759316
vt 0.943921 0.764043
vt 0.103170 0.942668
vt 0.870854 0.942668
vt 0.838059 0.759316
vt 0.095201 0.944917
vt 0.128196 0.841499
vt 0.807732 0.849706
vt 0.838220 0.953891
vt 0.029174 0.846536
vt 0.037859 0.127377
vt 0.136731 0.134804
vt 0.127406 0.941502
vt 0.846618 0.941502
vt 0.106243 0.030619
vt 0.849262 0.039592
vt 0.816267 0.143011
vt 0.870854 0.942668
vt 0.135965 0.759316
vt 0.103170 0.942668
vt 0.944195 0.811900
vt 0.944195 0.175665
vt 0.943553 0.840537
vt 0.839743 0.785945
vt 0.839743 0.234606
vt 0.943553 0.180015
vt 0.845508 0.941748
vt 0.131723 0.941675
vt 0.132997 0.785945
vt 0.936115 0.857021
vt 0.944806 0.143289
vt 0.029187 0.840537
vt 0.029187 0.180015
vt 0.132997 0.234606
vt 0.029830 0.811900
vt 0.029830 0.175665
vt 0.127407 0.946301
vt 0.846618 0.946301
vt 0.845976 0.047326
vt 0.126764 0.047326
vt 0.029830 0.045582
vt 0.029830 0.040014
vt 0.029830 0.045582
vt 0.944195 0.040014
vt 0.944195 0.045582
vt 0.944195 0.045582
vt 0.029781 0.944127
vt 0.029830 0.942668
vt 0.029830 0.942668
vt 0.944195 0.942668
vt 0.040823 0.029828
vt 0.944195 0.942668
vt 0.944837 0.942739
vt 0.944195 0.942668
vt 0.933961 0.956331
vt 0.029830 0.942668
vt 0.030471 0.942717
vt 0.945025 0.042033
vt 0.029830 0.945092
vt 0.944195 0.045582
vt 0.943553 0.045472
vt 0.029830 0.045582
vt 0.944195 0.945092
vt 0.029187 0.045472
vt 0.133639 0.137644
vt 0.029830 0.104689
vt 0.029830 0.876127
vt 0.133639 0.843172
vt 0.103170 0.045582
vt 0.135965 0.228249
vt 0.838059 0.228249
vt 0.870854 0.045582
vt 0.133639 0.228249
vt 0.101700 0.045582
vt 0.872324 0.045582
vt 0.840385 0.228249
vt 0.872324 0.040014
vt 0.101700 0.040014
vt 0.840385 0.137644
vt 0.030103 0.223522
vt 0.030103 0.764043
vt 0.135966 0.759316
vt 0.029556 0.223522
vt 0.133639 0.759316
vt 0.029556 0.764043
vt 0.838059 0.228249
vt 0.870854 0.045582
vt 0.103170 0.045582
vt 0.135965 0.228249
vt 0.944195 0.104689
vt 0.840385 0.843172
vt 0.944195 0.876127
vt 0.944468 0.223522
vt 0.944468 0.764043
vt 0.840385 0.759316
vt 0.943921 0.223522
vt 0.838059 0.759316
vt 0.943921 0.764043
vt 0.103170 0.942668
vt 0.870854 0.942668
vt 0.838059 0.759316
vt 0.095201 0.944917
vt 0.128196 0.841499
vt 0.807732 0.849706
vt 0.838220 0.953891
vt 0.029174 0.846536
vt 0.037859 0.127377
vt 0.136731 0.134804
vt 0.127406 0.941502
vt 0.846618 0.941502
vt 0.106243 0.030619
vt 0.849262 0.039592
vt 0.816267 0.143011
vt 0.870854 0.942668
vt 0.135965 0.759316
vt 0.103170 0.942668
vt 0.944195 0.811900
vt 0.944195 0.175665
vt 0.943553 0.840537
vt 0.839743 0.785945
vt 0.839743 0.234606
vt 0.943553 0.180015
vt 0.845508 0.941748
vt 0.131723 0.941675
vt 0.132997 0.785945
vt 0.936115 0.857021
vt 0.944806 0.143289
vt 0.029187 0.840537
vt 0.029187 0.180015
vt 0.132997 0.234606
vt 0.029830 0.811900
vt 0.029830 0.175665
vt 0.127407 0.946301
vt 0.846618 0.946301
vt 0.845976 0.047326
vt 0.126764 0.047326
vt 0.029830 0.045582
vt 0.029830 0.040014
vt 0.029830 0.045582
vt 0.944195 0.040014
vt 0.944195 0.045582
vt 0.944195 0.045582
vt 0.029781 0.944127
vt 0.029830 0.942668
vt 0.029830 0.942668
vt 0.944195 0.942668
vt 0.040823 0.029828
vt 0.944195 0.942668
vt 0.944837 0.942739
vt 0.944195 0.942668
vt 0.933961 0.956331
vt 0.029830 0.942668
vt 0.030471 0.942717
vt 0.945025 0.042033
vt 0.029830 0.945092
vt 0.944195 0.045582
vt 0.943553 0.045472
vt 0.029830 0.045582
vt 0.944195 0.945092
vt 0.029187 0.045472
vt 0.133639 0.137644
vt 0.029830 0.104689
vt 0.029830 0.876127
vt 0.133639 0.843172
vt 0.103170 0.045582
vt 0.135965 0.228249
vt 0.838059 0.228249
vt 0.870854 0.045582
vt 0.133639 0.228249
vt 0.101700 0.045582
vt 0.872324 0.045582
vt 0.840385 0.228249
vt 0.872324 0.040014
vt 0.101700 0.040014
vt 0.840385 0.137644
vt 0.030103 0.223522
vt 0.030103 0.764043
vt 0.135966 0.759316
vt 0.029556 0.223522
vt 0.133639 0.759316
vt 0.029556 0.764043
vt 0.838059 0.228249
vt 0.870854 0.045582
vt 0.103170 0.045582
vt 0.135965 0.228249
vt 0.944195 0.104689
vt 0.840385 0.843172
vt 0.944195 0.876127
vt 0.944468 0.223522
vt 0.944468 0.764043
vt 0.840385 0.759316
vt 0.943921 0.223522
vt 0.838059 0.759316
vt 0.943921 0.764043
vt 0.103170 0.942668
vt 0.870854 0.942668
vt 0.838059 0.759316
vt 0.095201 0.944917
vt 0.128196 0.841499
vt 0.807732 0.849706
vt 0.838220 0.953891
vt 0.029174 0.846536
vt 0.037859 0.127377
vt 0.136731 0.134804
vt 0.127406 0.941502
vt 0.846618 0.941502
vt 0.106243 0.030619
vt 0.849262 0.039592
vt 0.816267 0.143011
vt 0.870854 0.942668
vt 0.135965 0.759316
vt 0.103170 0.942668
vt 0.944195 0.811900
vt 0.944195 0.175665
vt 0.943553 0.840537
vt 0.839743 0.785945
vt 0.839743 0.234606
vt 0.943553 0.180015
vt 0.845508 0.941748
vt 0.131723 0.941675
vt 0.132997 0.785945
vt 0.936115 0.857021
vt 0.944806 0.143289
vt 0.029187 0.840537
vt 0.029187 0.180015
vt 0.132997 0.234606
vt 0.029830 0.811900
vt 0.029830 0.175665
vt 0.127407 0.946301
vt 0.846618 0.946301
vt 0.845976 0.047326
vt 0.126764 0.047326
vt 0.029830 0.045582
vt 0.029830 0.040014
vt 0.029830 0.045582
vt 0.944195 0.040014
vt 0.944195 0.045582
vt 0.944195 0.045582
vt 0.029781 0.944127
vt 0.029830 0.942668
vt 0.029830 0.942668
vt 0.944195 0.942668
vt 0.040823 0.029828
vt 0.944195 0.942668
vt 0.944837 0.942739
vt 0.944195 0.942668
vt 0.933961 0.956331
vt 0.029830 0.942668
vt 0.030471 0.942717
vt 0.945025 0.042033
vt 0.029830 0.945092
vt 0.944195 0.045582
vt 0.943553 0.045472
vt 0.029830 0.045582
vt 0.944195 0.945092
vt 0.029187 0.045472
vt 0.133639 0.137644
vt 0.029830 0.104689
vt 0.029830 0.876127
vt 0.133639 0.843172
vt 0.103170 0.045582
vt 0.135965 0.228249
vt 0.838059 0.228249
vt 0.870854 0.045582
vt 0.133639 0.228249
vt 0.101700 0.045582
vt 0.872324 0.045582
vt 0.840385 0.228249
vt 0.872324 0.040014
vt 0.101700 0.040014
vt 0.840385 0.137644
vt 0.030103 0.223522
vt 0.030103 0.764043
vt 0.135966 0.759316
vt 0.029556 0.223522
vt 0.133639 0.759316
vt 0.029556 0.764043
vt 0.838059 0.228249
vt 0.870854 0.045582
vt 0.103170 0.045582
vt 0.135965 0.228249
vt 0.944195 0.104689
vt 0.840385 0.843172
vt 0.944195 0.876127
vt 0.944468 0.223522
vt 0.944468 0.764043
vt 0.840385 0.759316
vt 0.943921 0.223522
vt 0.838059 0.759316
vt 0.943921 0.764043
vt 0.103170 0.942668
vt 0.870854 0.942668
vt 0.838059 0.759316
vt 0.095201 0.944917
vt 0.128196 0.841499
vt 0.807732 0.849706
vt 0.838220 0.953891
vt 0.029174 0.846536
vt 0.037859 0.127377
vt 0.136731 0.134804
vt 0.127406 0.941502
vt 0.846618 0.941502
vt 0.106243 0.030619
vt 0.849262 0.039592
vt 0.816267 0.143011
vt 0.870854 0.942668
vt 0.135965 0.759316
vt 0.103170 0.942668
vt 0.944195 0.811900
vt 0.944195 0.175665
vt 0.943553 0.840537
vt 0.839743 0.785945
vt 0.839743 0.234606
vt 0.943553 0.180015
vt 0.845508 0.941748
vt 0.131723 0.941675
vt 0.132997 0.785945
vt 0.936115 0.857021
vt 0.944806 0.143289
vt 0.029187 0.840537
vt 0.029187 0.180015
vt 0.132997 0.234606
vt 0.029830 0.811900
vt 0.029830 0.175665
vt 0.127407 0.946301
vt 0.846618 0.946301
vt 0.845976 0.047326
vt 0.126764 0.047326
vt 0.029830 0.045582
vt 0.029830 0.040014
vt 0.029830 0.045582
vt 0.944195 0.040014
vt 0.944195 0.045582
vt 0.944195 0.045582
vt 0.029781 0.944127
vt 0.029830 0.942668
vt 0.029830 0.942668
vt 0.944195 0.942668
vt 0.040823 0.029828
vt 0.944195 0.942668
vt 0.944837 0.942739
vt 0.944195 0.942668
vt 0.933961 0.956331
vt 0.029830 0.942668
vt 0.030471 0.942717
vt 0.945025 0.042033
vt 0.029830 0.945092
vt 0.944195 0.045582
vt 0.943553 0.045472
vt 0.029830 0.045582
vt 0.944195 0.945092
vt 0.029187 0.045472
vt 0.133639 0.137644
vt 0.029830 0.104689
vt 0.029830 0.876127
vt 0.133639 0.843172
vt 0.103170 0.045582
vt 0.135965 0.228249
vt 0.838059 0.228249
vt 0.870854 0.045582
vt 0.133639 0.228249
vt 0.101700 0.045582
vt 0.872324 0.045582
vt 0.840385 0.228249
vt 0.872324 0.040014
vt 0.101700 0.040014
vt 0.840385 0.137644
vt 0.030103 0.223522
vt 0.030103 0.764043
vt 0.135966 0.759316
vt 0.029556 0.223522
vt 0.133639 0.759316
vt 0.029556 0.764043
vt 0.838059 0.228249
vt 0.870854 0.045582
vt 0.103170 0.045582
vt 0.135965 0.228249
vt 0.944195 0.104689
vt 0.840385 0.843172
vt 0.944195 0.876127
vt 0.944468 0.223522
vt 0.944468 0.764043
vt 0.840385 0.759316
vt 0.943921 0.223522
vt 0.838059 0.759316
vt 0.943921 0.764043
vt 0.103170 0.942668
vt 0.870854 0.942668
vt 0.838059 0.759316
vt 0.095201 0.944917
vt 0.128196 0.841499
vt 0.807732 0.849706
vt 0.838220 0.953891
vt 0.029174 0.846536
vt 0.037859 0.127377
vt 0.136731 0.134804
vt 0.127406 0.941502
vt 0.846618 0.941502
vt 0.106243 0.030619
vt 0.849262 0.039592
vt 0.816267 0.143011
vt 0.870854 0.942668
vt 0.135965 0.759316
vt 0.103170 0.942668
vt 0.944195 0.811900
vt 0.944195 0.175665
vt 0.943553 0.840537
vt 0.839743 0.785945
vt 0.839743 0.234606
vt 0.943553 0.180015
vt 0.845508 0.941748
vt 0.131723 0.941675
vt 0.132997 0.785945
vt 0.936115 0.857021
vt 0.944806 0.143289
vt 0.029187 0.840537
vt 0.029187 0.180015
vt 0.132997 0.234606
vt 0.029830 0.811900
vt 0.029830 0.175665
vt 0.127407 0.946301
vt 0.846618 0.946301
vt 0.845976 0.047326
vt 0.126764 0.047326
vt 0.029830 0.045582
vt 0.029830 0.040014
vt 0.029830 0.045582
vt 0.944195 0.040014
vt 0.944195 0.045582
vt 0.944195 0.045582
vt 0.029781 0.944127
vt 0.029830 0.942668
vt 0.029830 0.942668
vt 0.944195 0.942668
vt 0.040823 0.029828
vt 0.944195 0.942668
vt 0.944837 0.942739
vt 0.944195 0.942668
vt 0.933961 0.956331
vt 0.029830 0.942668
vt 0.030471 0.942717
vt 0.945025 0.042033
vt 0.029830 0.945092
vt 0.944195 0.045582
vt 0.943553 0.045472
vt 0.029830 0.045582
vt 0.944195 0.945092
vt 0.029187 0.045472
vt 0.133639 0.137644
vt 0.029830 0.104689
vt 0.029830 0.876127
vt 0.133639 0.843172
vt 0.103170 0.045582
vt 0.135965 0.228249
vt 0.838059 0.228249
vt 0.870854 0.045582
vt 0.133639 0.228249
vt 0.101700 0.045582
vt 0.872324 0.045582
vt 0.840385 0.228249
vt 0.872324 0.040014
vt 0.101700 0.040014
vt 0.840385 0.137644
vt 0.030103 0.223522
vt 0.030103 0.764043
vt 0.135966 0.759316
vt 0.029556 0.223522
vt 0.133639 0.759316
vt 0.029556 0.764043
vt 0.838059 0.228249
vt 0.870854 0.045582
vt 0.103170 0.045582
vt 0.135965 0.228249
vt 0.944195 0.104689
vt 0.840385 0.843172
vt 0.944195 0.876127
vt 0.944468 0.223522
vt 0.944468 0.764043
vt 0.840385 0.759316
vt 0.943921 0.223522
vt 0.838059 0.759316
vt 0.943921 0.764043
vt 0.103170 0.942668
vt 0.870854 0.942668
vt 0.838059 0.759316
vt 0.095201 0.944917
vt 0.128196 0.841499
vt 0.807732 0.849706
vt 0.838220 0.953891
vt 0.029174 0.846536
vt 0.037859 0.127377
vt 0.136731 0.134804
vt 0.127406 0.941502
vt 0.846618 0.941502
vt 0.106243 0.030619
vt 0.849262 0.039592
vt 0.816267 0.143011
vt 0.870854 0.942668
vt 0.135965 0.759316
vt 0.103170 0.942668
vt 0.944195 0.811900
vt 0.944195 0.175665
vt 0.943553 0.840537
vt 0.839743 0.785945
vt 0.839743 0.234606
vt 0.943553 0.180015
vt 0.845508 0.941748
vt 0.131723 0.941675
vt 0.132997 0.785945
vt 0.936115 0.857021
vt 0.944806 0.143289
vt 0.029187 0.840537
vt 0.029187 0.180015
vt 0.132997 0.234606
vt 0.029830 0.811900
vt 0.029830 0.175665
vt 0.127407 0.946301
vt 0.846618 0.946301
vt 0.845976 0.047326
vt 0.126764 0.047326
vt 0.029830 0.045582
vt 0.029830 0.040014
vt 0.029830 0.045582
vt 0.944195 0.040014
vt 0.944195 0.045582
vt 0.944195 0.045582
vt 0.029781 0.944127
vt 0.029830 0.942668
vt 0.029830 0.942668
vt 0.944195 0.942668
vt 0.040823 0.029828
vt 0.944195 0.942668
vt 0.944837 0.942739
vt 0.944195 0.942668
vt 0.933961 0.956331
vt 0.029830 0.942668
vt 0.030471 0.942717
vt 0.945025 0.042033
vt 0.029830 0.945092
vt 0.944195 0.045582
vt 0.943553 0.045472
vt 0.029830 0.045582
vt 0.944195 0.945092
vt 0.029187 0.045472
vt 0.133639 0.137644
vt 0.029830 0.104689
vt 0.029830 0.876127
vt 0.133639 0.843172
vt 0.103170 0.045582
vt 0.135965 0.228249
vt 0.838059 0.228249
vt 0.870854 0.045582
vt 0.133639 0.228249
vt 0.101700 0.045582
vt 0.872324 0.045582
vt 0.840385 0.228249
vt 0.872324 0.040014
vt 0.101700 0.040014
vt 0.840385 0.137644
vt 0.030103 0.223522
vt 0.030103 0.764043
vt 0.135966 0.759316
vt 0.029556 0.223522
vt 0.133639 0.759316
vt 0.029556 0.764043
vt 0.838059 0.228249
vt 0.870854 0.045582
vt 0.103170 0.045582
vt 0.135965 0.228249
vt 0.944195 0.104689
vt 0.840385 0.843172
vt 0.944195 0.876127
vt 0.944468 0.223522
vt 0.944468 0.764043
vt 0.840385 0.759316
vt 0.943921 0.223522
vt 0.838059 0.759316
vt 0.943921 0.764043
vt 0.103170 0.942668
vt 0.870854 0.942668
vt 0.838059 0.759316
vt 0.095201 0.944917
vt 0.128196 0.841499
vt 0.807732 0.849706
vt 0.838219 0.953891
vt 0.029174 0.846536
vt 0.037860 0.127377
vt 0.136731 0.134804
vt 0.127406 0.941502
vt 0.846618 0.941502
vt 0.106243 0.030618
vt 0.849262 0.039592
vt 0.816267 0.143011
vt 0.870854 0.942668
vt 0.135965 0.759316
vt 0.103170 0.942668
vt 0.944195 0.811899
vt 0.944195 0.175665
vt 0.943553 0.840537
vt 0.839743 0.785945
vt 0.839743 0.234607
vt 0.943553 0.180015
vt 0.845508 0.941748
vt 0.131723 0.941675
vt 0.132997 0.785945
vt 0.936115 0.857021
vt 0.944805 0.143289
vt 0.029187 0.840537
vt 0.029187 0.180015
vt 0.132997 0.234607
vt 0.029830 0.811899
vt 0.029830 0.175665
vt 0.127407 0.946301
vt 0.846618 0.946301
vt 0.845976 0.047326
vt 0.126764 0.047326
vt 0.029830 0.045582
vt 0.029830 0.040014
vt 0.029830 0.045582
vt 0.944195 0.040014
vt 0.944195 0.045582
vt 0.944195 0.045582
vt 0.029781 0.944127
vt 0.029830 0.942668
vt 0.029830 0.942668
vt 0.944195 0.942668
vt 0.040824 0.029828
vt 0.944195 0.942668
vt 0.944837 0.942739
vt 0.944195 0.942668
vt 0.933961 0.956331
vt 0.029830 0.942668
vt 0.030471 0.942717
vt 0.945024 0.042033
vt 0.029830 0.945091
vt 0.944195 0.045582
vt 0.943553 0.045472
vt 0.029830 0.045582
vt 0.944195 0.945091
vt 0.029187 0.045472
vt 0.133639 0.137644
vt 0.029830 0.104689
vt 0.029830 0.876127
vt 0.133639 0.843172
vt 0.103170 0.045582
vt 0.135965 0.228249
vt 0.838059 0.228249
vt 0.870854 0.045582
vt 0.133639 0.228249
vt 0.101700 0.045582
vt 0.447700 0.045582
vt 0.450959 0.228249
vt 0.450959 0.137644
vt 0.447700 0.040014
vt 0.101700 0.040014
vt 0.030103 0.223522
vt 0.030103 0.764043
vt 0.135966 0.759316
vt 0.029556 0.223522
vt 0.133639 0.759316
vt 0.029556 0.764043
vt 0.838059 0.228249
vt 0.870854 0.045582
vt 0.103170 0.045582
vt 0.135965 0.228249
vt 0.944195 0.104689
vt 0.840385 0.137644
vt 0.840385 0.843172
vt 0.944195 0.876127
vt 0.840385 0.228249
vt 0.944468 0.223522
vt 0.944468 0.764043
vt 0.840385 0.759316
vt 0.943921 0.223522
vt 0.838059 0.759316
vt 0.943921 0.764043
vt 0.103170 0.942668
vt 0.870854 0.942668
vt 0.838059 0.759316
vt 0.095201 0.944917
vt 0.128196 0.841499
vt 0.807732 0.849706
vt 0.838220 0.953891
vt 0.029174 0.846536
vt 0.033074 0.523643
vt 0.132028 0.524202
vt 0.127406 0.941502
vt 0.450959 0.759316
vt 0.450323 0.941502
vt 0.136731 0.134804
vt 0.106243 0.030619
vt 0.849262 0.039592
vt 0.816267 0.143011
vt 0.870854 0.942668
vt 0.135965 0.759316
vt 0.103170 0.942668
vt 0.944195 0.811900
vt 0.944195 0.175665
vt 0.943553 0.840537
vt 0.839743 0.785945
vt 0.839743 0.234606
vt 0.943553 0.180015
vt 0.845508 0.941748
vt 0.525028 0.941715
vt 0.522423 0.785945
vt 0.936115 0.857021
vt 0.811564 0.532409
vt 0.940017 0.536565
vt 0.132997 0.785945
vt 0.029187 0.840537
vt 0.029187 0.180015
vt 0.132997 0.234606
vt 0.029830 0.811900
vt 0.029830 0.175665
vt 0.127407 0.946301
vt 0.450323 0.946301
vt 0.450959 0.843172
vt 0.845976 0.047326
vt 0.522423 0.234606
vt 0.523059 0.047326
vt 0.029830 0.045582
vt 0.029830 0.040014
vt 0.029830 0.045582
vt 0.872324 0.040014
vt 0.944195 0.040014
vt 0.944195 0.045582
vt 0.872324 0.045582
vt 0.944195 0.045582
vt 0.029781 0.944127
vt 0.029830 0.942668
vt 0.029830 0.942668
vt 0.944195 0.942668
vt 0.037859 0.127377
vt 0.040823 0.029828
vt 0.846618 0.941502
vt 0.944195 0.942668
vt 0.944837 0.942739
vt 0.944195 0.942668
vt 0.933961 0.956331
vt 0.029830 0.942668
vt 0.131723 0.941675
vt 0.030471 0.942717
vt 0.944806 0.143289
vt 0.945025 0.042033
vt 0.029830 0.945092
vt 0.944195 0.045582
vt 0.943553 0.045472
vt 0.029830 0.045582
vt 0.846618 0.946301
vt 0.944195 0.945092
vt 0.126764 0.047326
vt 0.029187 0.045472
vt 0.133639 0.137644
vt 0.029830 0.104689
vt 0.029830 0.876127
vt 0.133639 0.843172
vt 0.103170 0.045582
vt 0.135965 0.228249
vt 0.838059 0.228249
vt 0.870854 0.045582
vt 0.133639 0.228249
vt 0.101700 0.045582
vt 0.872324 0.045582
vt 0.840385 0.228249
vt 0.872324 0.040014
vt 0.101700 0.040014
vt 0.840385 0.137644
vt 0.030103 0.223522
vt 0.030103 0.764043
vt 0.135966 0.759316
vt 0.029556 0.223522
vt 0.133639 0.759316
vt 0.029556 0.764043
vt 0.838059 0.228249
vt 0.870854 0.045582
vt 0.103170 0.045582
vt 0.135965 0.228249
vt 0.944195 0.104689
vt 0.840385 0.843172
vt 0.944195 0.876127
vt 0.944468 0.223522
vt 0.944468 0.764043
vt 0.840385 0.759316
vt 0.943921 0.223522
vt 0.838059 0.759316
vt 0.943921 0.764043
vt 0.103170 0.942668
vt 0.870854 0.942668
vt 0.838059 0.759316
vt 0.095201 0.944917
vt 0.128196 0.841499
vt 0.807732 0.849706
vt 0.838220 0.953891
vt 0.029174 0.846536
vt 0.037859 0.127377
vt 0.136731 0.134804
vt 0.127406 0.941502
vt 0.846618 0.941502
vt 0.106243 0.030619
vt 0.849262 0.039592
vt 0.816267 0.143011
vt 0.870854 0.942668
vt 0.135965 0.759316
vt 0.103170 0.942668
vt 0.944195 0.811900
vt 0.944195 0.175665
vt 0.943553 0.840537
vt 0.839743 0.785945
vt 0.839743 0.234606
vt 0.943553 0.180015
vt 0.845508 0.941748
vt 0.131723 0.941675
vt 0.132997 0.785945
vt 0.936115 0.857021
vt 0.944806 0.143289
vt 0.029187 0.840537
vt 0.029187 0.180015
vt 0.132997 0.234606
vt 0.029830 0.811900
vt 0.029830 0.175665
vt 0.127407 0.946301
vt 0.846618 0.946301
vt 0.845976 0.047326
vt 0.126764 0.047326
vt 0.029830 0.045582
vt 0.029830 0.040014
vt 0.029830 0.045582
vt 0.944195 0.040014
vt 0.944195 0.045582
vt 0.944195 0.045582
vt 0.029781 0.944127
vt 0.029830 0.942668
vt 0.029830 0.942668
vt 0.944195 0.942668
vt 0.040823 0.029828
vt 0.944195 0.942668
vt 0.944837 0.942739
vt 0.944195 0.942668
vt 0.933961 0.956331
vt 0.029830 0.942668
vt 0.030471 0.942717
vt 0.945025 0.042033
vt 0.029830 0.945092
vt 0.944195 0.045582
vt 0.943553 0.045472
vt 0.029830 0.045582
vt 0.944195 0.945092
vt 0.029187 0.045472
vt 0.133639 0.137644
vt 0.029830 0.104689
vt 0.029830 0.876127
vt 0.133639 0.843172
vt 0.103171 0.045582
vt 0.135965 0.228249
vt 0.838059 0.228249
vt 0.870854 0.045582
vt 0.133639 0.228249
vt 0.101700 0.045582
vt 0.227471 0.045582
vt 0.248985 0.228249
vt 0.101701 0.040014
vt 0.248985 0.137644
vt 0.227472 0.040014
vt 0.030103 0.223522
vt 0.030103 0.440256
vt 0.135965 0.441192
vt 0.029556 0.223522
vt 0.133639 0.441192
vt 0.029556 0.440256
vt 0.838059 0.228249
vt 0.870854 0.045582
vt 0.103171 0.045582
vt 0.135965 0.228249
vt 0.944195 0.104689
vt 0.840385 0.137644
vt 0.840385 0.843172
vt 0.944195 0.876127
vt 0.840385 0.228249
vt 0.944468 0.223522
vt 0.944468 0.440256
vt 0.840385 0.441192
vt 0.943921 0.223522
vt 0.838059 0.441192
vt 0.943921 0.440256
vt 0.135966 0.759316
vt 0.103170 0.942668
vt 0.870854 0.942668
vt 0.838059 0.759316
vt 0.098288 0.948374
vt 0.130594 0.844738
vt 0.810170 0.848421
vt 0.841350 0.952400
vt 0.031608 0.850435
vt 0.032244 0.733056
vt 0.131219 0.729394
vt 0.127406 0.941502
vt 0.133639 0.759316
vt 0.248985 0.759316
vt 0.244787 0.941503
vt 0.134423 0.138003
vt 0.103243 0.034022
vt 0.846304 0.038048
vt 0.813999 0.141685
vt 0.870854 0.942668
vt 0.838059 0.759316
vt 0.135965 0.759316
vt 0.103171 0.942668
vt 0.838059 0.441192
vt 0.944195 0.430778
vt 0.944195 0.175665
vt 0.943553 0.444867
vt 0.839743 0.455679
vt 0.839743 0.234606
vt 0.943553 0.180015
vt 0.839743 0.785946
vt 0.845508 0.941748
vt 0.726885 0.941797
vt 0.724397 0.785946
vt 0.938598 0.854881
vt 0.810795 0.733076
vt 0.939194 0.736260
vt 0.132997 0.455678
vt 0.029188 0.444867
vt 0.029188 0.180015
vt 0.132997 0.234606
vt 0.029830 0.430778
vt 0.135965 0.441192
vt 0.029830 0.175665
vt 0.127407 0.946301
vt 0.244787 0.946301
vt 0.248985 0.843172
vt 0.845976 0.047326
vt 0.724397 0.234606
vt 0.728596 0.047326
vt 0.248985 0.441192
vt 0.724397 0.455679
vt 0.029830 0.045582
vt 0.029830 0.040014
vt 0.029830 0.045582
vt 0.872324 0.040014
vt 0.944195 0.040014
vt 0.944195 0.045582
vt 0.872324 0.045582
vt 0.944195 0.045582
vt 0.032865 0.948020
vt 0.030103 0.764043
vt 0.029830 0.942668
vt 0.029556 0.764043
vt 0.029830 0.942668
vt 0.943921 0.764043
vt 0.944195 0.942668
vt 0.035505 0.131234
vt 0.037819 0.033668
vt 0.846618 0.941502
vt 0.840385 0.759316
vt 0.944468 0.764043
vt 0.944195 0.942668
vt 0.943553 0.840537
vt 0.944837 0.942739
vt 0.944195 0.811900
vt 0.944195 0.942668
vt 0.937105 0.954203
vt 0.029830 0.811900
vt 0.029830 0.942668
vt 0.029188 0.840537
vt 0.132997 0.785946
vt 0.131723 0.941675
vt 0.030472 0.942717
vt 0.942536 0.141107
vt 0.942081 0.039851
vt 0.029830 0.945091
vt 0.944195 0.045582
vt 0.943553 0.045472
vt 0.029830 0.045582
vt 0.846618 0.946301
vt 0.944195 0.945091
vt 0.126765 0.047326
vt 0.029188 0.045472
vt 0.662044 0.228249
vt 0.677864 0.045582
vt 0.662044 0.441192
vt 0.665131 0.941502
vt 0.662044 0.759316
vt 0.133457 0.316341
vt 0.034521 0.312718
vt 0.813033 0.320023
vt 0.941494 0.319019
vt 0.311338 0.785946
vt 0.309639 0.941757
vt 0.311338 0.234606
vt 0.311338 0.455678
vt 0.308251 0.047326
vt 0.662044 0.843172
vt 0.665131 0.946301
vt 0.662044 0.137644
vt 0.677864 0.040014
vt 0.410606 0.045582
vt 0.416939 0.228249
vt 0.416939 0.441192
vt 0.416939 0.759316
vt 0.415703 0.941502
vt 0.033170 0.562142
vt 0.132129 0.561442
vt 0.811705 0.565125
vt 0.940061 0.563536
vt 0.554159 0.941869
vt 0.556443 0.785946
vt 0.556443 0.455679
vt 0.556443 0.234606
vt 0.557679 0.047326
vt 0.415703 0.946301
vt 0.416939 0.843172
vt 0.416939 0.137644
vt 0.410606 0.040014
vt 0.133639 0.137644
vt 0.029830 0.104689
vt 0.029830 0.876127
vt 0.133639 0.843172
vt 0.103170 0.045582
vt 0.135965 0.228249
vt 0.838059 0.228249
vt 0.870854 0.045582
vt 0.133639 0.228249
vt 0.101700 0.045582
vt 0.872324 0.045582
vt 0.840385 0.228249
vt 0.872324 0.040014
vt 0.101700 0.040014
vt 0.840385 0.137644
vt 0.030103 0.223522
vt 0.030103 0.764043
vt 0.135966 0.759316
vt 0.029556 0.223522
vt 0.133639 0.759316
vt 0.029556 0.764043
vt 0.838059 0.228249
vt 0.870854 0.045582
vt 0.103170 0.045582
vt 0.135965 0.228249
vt 0.944195 0.104689
vt 0.840385 0.843172
vt 0.944195 0.876127
vt 0.944468 0.223522
vt 0.944468 0.764043
vt 0.840385 0.759316
vt 0.943921 0.223522
vt 0.838059 0.759316
vt 0.943921 0.764043
vt 0.103170 0.942668
vt 0.870854 0.942668
vt 0.838059 0.759316
vt 0.095201 0.944917
vt 0.128196 0.841499
vt 0.807732 0.849706
vt 0.838220 0.953891
vt 0.029174 0.846536
vt 0.037859 0.127377
vt 0.136731 0.134804
vt 0.127406 0.941502
vt 0.846618 0.941502
vt 0.106243 0.030619
vt 0.849262 0.039592
vt 0.816267 0.143011
vt 0.870854 0.942668
vt 0.135965 0.759316
vt 0.103170 0.942668
vt 0.944195 0.811900
vt 0.944195 0.175665
vt 0.943553 0.840537
vt 0.839743 0.785945
vt 0.839743 0.234606
vt 0.943553 0.180015
vt 0.845508 0.941748
vt 0.131723 0.941675
vt 0.132997 0.785945
vt 0.936115 0.857021
vt 0.944806 0.143289
vt 0.029187 0.840537
vt 0.029187 0.180015
vt 0.132997 0.234606
vt 0.029830 0.811900
vt 0.029830 0.175665
vt 0.127407 0.946301
vt 0.846618 0.946301
vt 0.845976 0.047326
vt 0.126764 0.047326
vt 0.029830 0.045582
vt 0.029830 0.040014
vt 0.029830 0.045582
vt 0.944195 0.040014
vt 0.944195 0.045582
vt 0.944195 0.045582
vt 0.029781 0.944127
vt 0.029830 0.942668
vt 0.029830 0.942668
vt 0.944195 0.942668
vt 0.040823 0.029828
vt 0.944195 0.942668
vt 0.944837 0.942739
vt 0.944195 0.942668
vt 0.933961 0.956331
vt 0.029830 0.942668
vt 0.030471 0.942717
vt 0.945025 0.042033
vt 0.029830 0.945092
vt 0.944195 0.045582
vt 0.943553 0.045472
vt 0.029830 0.045582
vt 0.944195 0.945092
vt 0.029187 0.045472
vt 0.133639 0.137644
vt 0.029830 0.104689
vt 0.029830 0.876127
vt 0.133639 0.843172
vt 0.103170 0.045582
vt 0.135965 0.228249
vt 0.838059 0.228249
vt 0.870854 0.045582
vt 0.133639 0.228249
vt 0.101700 0.045582
vt 0.431479 0.045582
vt 0.436082 0.228249
vt 0.436082 0.137644
vt 0.431479 0.040014
vt 0.101700 0.040014
vt 0.030103 0.223522
vt 0.030103 0.764043
vt 0.135966 0.759316
vt 0.029556 0.223522
vt 0.133639 0.759316
vt 0.029556 0.764043
vt 0.838059 0.228249
vt 0.870854 0.045582
vt 0.103170 0.045582
vt 0.135965 0.228249
vt 0.944195 0.104689
vt 0.840385 0.137644
vt 0.840385 0.843172
vt 0.944195 0.876127
vt 0.840385 0.228249
vt 0.944468 0.223522
vt 0.944468 0.764043
vt 0.840385 0.759316
vt 0.943921 0.223522
vt 0.838059 0.759316
vt 0.943921 0.764043
vt 0.103170 0.942668
vt 0.870854 0.942668
vt 0.838059 0.759316
vt 0.095201 0.944917
vt 0.128196 0.841499
vt 0.807732 0.849706
vt 0.838220 0.953891
vt 0.029174 0.846536
vt 0.032891 0.538781
vt 0.131849 0.539078
vt 0.127406 0.941502
vt 0.436082 0.759316
vt 0.435183 0.941502
vt 0.136731 0.134804
vt 0.106243 0.030619
vt 0.849262 0.039592
vt 0.816267 0.143011
vt 0.870854 0.942668
vt 0.135965 0.759316
vt 0.103170 0.942668
vt 0.944195 0.811900
vt 0.944195 0.175665
vt 0.943553 0.840537
vt 0.839743 0.785945
vt 0.839743 0.234606
vt 0.943553 0.180015
vt 0.845508 0.941748
vt 0.540053 0.941717
vt 0.537300 0.785945
vt 0.936115 0.857021
vt 0.811385 0.547285
vt 0.939834 0.551589
vt 0.132997 0.785945
vt 0.029187 0.840537
vt 0.029187 0.180015
vt 0.132997 0.234606
vt 0.029830 0.811900
vt 0.029830 0.175665
vt 0.127407 0.946301
vt 0.435184 0.946301
vt 0.436082 0.843172
vt 0.845976 0.047326
vt 0.537300 0.234606
vt 0.538199 0.047326
vt 0.029830 0.045582
vt 0.029830 0.040014
vt 0.029830 0.045582
vt 0.872324 0.040014
vt 0.944195 0.040014
vt 0.944195 0.045582
vt 0.872324 0.045582
vt 0.944195 0.045582
vt 0.029781 0.944127
vt 0.029830 0.942668
vt 0.029830 0.942668
vt 0.944195 0.942668
vt 0.037859 0.127377
vt 0.040823 0.029828
vt 0.846618 0.941502
vt 0.944195 0.942668
vt 0.944837 0.942739
vt 0.944195 0.942668
vt 0.933961 0.956331
vt 0.029830 0.942668
vt 0.131723 0.941675
vt 0.030471 0.942717
vt 0.944806 0.143289
vt 0.945025 0.042033
vt 0.029830 0.945092
vt 0.944195 0.045582
vt 0.943553 0.045472
vt 0.029830 0.045582
vt 0.846618 0.946301
vt 0.944195 0.945092
vt 0.126764 0.047326
vt 0.029187 0.045472
vt 0.133639 0.137644
vt 0.029830 0.104689
vt 0.029830 0.876127
vt 0.133639 0.843172
vt 0.103170 0.045582
vt 0.135965 0.228249
vt 0.838059 0.228249
vt 0.870854 0.045582
vt 0.133639 0.228249
vt 0.101700 0.045582
vt 0.872324 0.045582
vt 0.840385 0.228249
vt 0.872324 0.040014
vt 0.101700 0.040014
vt 0.840385 0.137644
vt 0.030103 0.223522
vt 0.030103 0.764043
vt 0.135966 0.759316
vt 0.029556 0.223522
vt 0.133639 0.759316
vt 0.029556 0.764043
vt 0.838059 0.228249
vt 0.870854 0.045582
vt 0.103170 0.045582
vt 0.135965 0.228249
vt 0.944195 0.104689
vt 0.840385 0.843172
vt 0.944195 0.876127
vt 0.944468 0.223522
vt 0.944468 0.764043
vt 0.840385 0.759316
vt 0.943921 0.223522
vt 0.838059 0.759316
vt 0.943921 0.764043
vt 0.103170 0.942668
vt 0.870854 0.942668
vt 0.838059 0.759316
vt 0.095201 0.944917
vt 0.128196 0.841499
vt 0.807732 0.849706
vt 0.838219 0.953891
vt 0.029174 0.846536
vt 0.037860 0.127377
vt 0.136731 0.134804
vt 0.127406 0.941502
vt 0.846618 0.941502
vt 0.106243 0.030618
vt 0.849262 0.039592
vt 0.816267 0.143011
vt 0.870854 0.942668
vt 0.135965 0.759316
vt 0.103170 0.942668
vt 0.944195 0.811899
vt 0.944195 0.175665
vt 0.943553 0.840537
vt 0.839743 0.785945
vt 0.839743 0.234607
vt 0.943553 0.180015
vt 0.845508 0.941748
vt 0.131723 0.941675
vt 0.132997 0.785945
vt 0.936115 0.857021
vt 0.944805 0.143289
vt 0.029187 0.840537
vt 0.029187 0.180015
vt 0.132997 0.234607
vt 0.029830 0.811899
vt 0.029830 0.175665
vt 0.127407 0.946301
vt 0.846618 0.946301
vt 0.845976 0.047326
vt 0.126764 0.047326
vt 0.029830 0.045582
vt 0.029830 0.040014
vt 0.029830 0.045582
vt 0.944195 0.040014
vt 0.944195 0.045582
vt 0.944195 0.045582
vt 0.029781 0.944127
vt 0.029830 0.942668
vt 0.029830 0.942668
vt 0.944195 0.942668
vt 0.040824 0.029828
vt 0.944195 0.942668
vt 0.944837 0.942739
vt 0.944195 0.942668
vt 0.933961 0.956331
vt 0.029830 0.942668
vt 0.030471 0.942717
vt 0.945024 0.042033
vt 0.029830 0.945091
vt 0.944195 0.045582
vt 0.943553 0.045472
vt 0.029830 0.045582
vt 0.944195 0.945091
vt 0.029187 0.045472
vn -0.622057 -0.779830 0.070072
vn -0.858269 -0.511270 0.044465
vn -0.858236 -0.511320 -0.044529
vn -0.622056 -0.779831 -0.070071
vn -0.956324 0.287960 0.050235
vn -0.862880 0.501163 0.065384
vn -0.862899 0.501175 -0.065030
vn -0.956335 0.287980 -0.049907
vn -0.099860 -0.042924 0.994075
vn -0.206952 -0.238720 0.948780
vn -0.149505 -0.278325 0.948780
vn -0.010021 -0.106697 0.994241
vn -0.466132 -0.758783 0.454939
vn -0.543380 -0.705528 0.454938
vn -0.507593 -0.858743 0.070072
vn -0.769473 0.464626 0.438217
vn -0.694985 0.567508 0.441511
vn -0.773976 0.629379 0.069589
vn -0.348570 0.168056 0.922094
vn -0.051215 0.042029 0.997803
vn -0.304396 0.246889 0.919994
vn 0.755781 -0.651572 0.065183
vn 0.609267 -0.791372 0.050236
vn 0.609290 -0.791375 -0.049906
vn 0.755799 -0.651586 -0.064827
vn -0.172583 -0.983991 0.044465
vn -0.507594 -0.858742 -0.070071
vn -0.172641 -0.983978 -0.044529
vn 0.272000 -0.277347 0.921463
vn 0.320812 -0.223322 0.920439
vn 0.046458 -0.032340 0.998397
vn 0.690511 -0.576333 0.437075
vn 0.817739 -0.571234 0.070674
vn 0.735278 -0.513247 0.442656
vn -0.688025 0.722675 0.066044
vn -0.590165 0.805685 0.050762
vn -0.590187 0.805690 -0.050430
vn -0.688043 0.722692 -0.065677
vn 0.172583 0.983991 0.044464
vn 0.583689 0.809114 0.068135
vn 0.583688 0.809114 -0.068133
vn 0.172641 0.983978 -0.044528
vn 0.538482 0.709290 0.454912
vn 0.615830 0.646296 0.450616
vn 0.697230 0.713353 0.070697
vn 0.172671 0.263232 0.949154
vn 0.024080 0.112191 0.993395
vn 0.101998 0.038094 0.994055
vn 0.233671 0.220459 0.946993
vn 0.858269 0.511271 0.044464
vn 0.858236 0.511320 -0.044528
vn 0.697227 0.713356 -0.070696
vn 0.962906 -0.265021 0.050761
vn 0.881647 -0.467428 0.064887
vn 0.881667 -0.467439 -0.064534
vn 0.962918 -0.265040 -0.050429
vn -0.773996 0.629396 -0.069218
vn -0.695723 0.568101 -0.439579
vn -0.770268 0.465156 -0.436254
vn -0.303692 0.246316 -0.920380
vn -0.051194 0.042011 -0.997805
vn -0.099839 -0.042929 -0.994077
vn -0.347837 0.167526 -0.922467
vn 0.024088 0.112176 -0.993396
vn 0.172652 0.263225 -0.949159
vn 0.233657 0.220452 -0.946998
vn 0.101980 0.038105 -0.994056
vn 0.538491 0.709326 -0.454845
vn 0.615838 0.646337 -0.450547
vn 0.046441 -0.032329 -0.998398
vn 0.320068 -0.222805 -0.920823
vn 0.271258 -0.276832 -0.921837
vn -0.010032 -0.106684 -0.994242
vn 0.736056 -0.513793 -0.440724
vn 0.817760 -0.571250 -0.070294
vn 0.691273 -0.576909 -0.435107
vn -0.543397 -0.705555 -0.454877
vn -0.466151 -0.758809 -0.454876
vn -0.206946 -0.238707 -0.948785
vn -0.149495 -0.278314 -0.948785
vn -0.870447 0.268350 0.412686
vn -0.774920 -0.485239 0.405022
vn -0.439659 -0.039361 0.897302
vn -0.177900 -0.896832 0.405024
vn 0.560394 -0.718084 0.412690
vn 0.119585 -0.424914 0.897300
vn 0.177898 0.896835 0.405018
vn -0.626817 0.647201 0.433856
vn -0.541918 0.731294 0.414167
vn -0.249204 0.306888 0.918541
vn -0.114718 0.429543 0.895730
vn 0.786507 -0.434447 0.438933
vn 0.876223 -0.246387 0.414159
vn 0.774921 0.485241 0.405017
vn 0.356891 -0.150462 0.921949
vn 0.442252 0.045558 0.895733
vn -0.248525 0.306294 -0.918923
vn -0.114016 0.429033 -0.896064
vn -0.627506 0.647843 -0.431897
vn -0.542566 0.731955 -0.412146
vn 0.178404 0.896920 -0.404606
vn 0.787322 -0.434958 -0.436962
vn 0.877071 -0.246759 -0.412138
vn 0.356146 -0.149952 -0.922320
vn 0.441530 0.046034 -0.896065
vn 0.774821 0.485744 -0.404606
vn -0.774818 -0.485742 -0.404614
vn -0.871282 0.268753 -0.410658
vn -0.438944 -0.039849 -0.897630
vn 0.561070 -0.718725 -0.410652
vn -0.178406 -0.896917 -0.404614
vn 0.118873 -0.424415 -0.897631
vn -0.737830 -0.673178 0.049368
vn -0.968562 -0.246026 0.036864
vn -0.968548 -0.246070 -0.036929
vn -0.737833 -0.673175 -0.049367
vn -0.769722 0.635929 0.055877
vn -0.672543 0.735627 0.080869
vn -0.672572 0.735650 -0.080420
vn -0.769722 0.635962 -0.055501
vn -0.106493 -0.009322 0.994270
vn -0.316503 -0.236612 0.918608
vn -0.272763 -0.325798 0.905238
vn -0.023281 -0.090827 0.995595
vn -0.619352 -0.708605 0.338057
vn -0.674857 -0.647209 0.354525
vn -0.648377 -0.759570 0.051581
vn -0.573723 0.650348 0.497885
vn -0.498039 0.698166 0.514318
vn -0.570985 0.817160 0.078904
vn -0.236431 0.240557 0.941399
vn 0.028425 0.097845 0.994796
vn -0.143283 0.287031 0.947145
vn 0.449654 -0.891503 0.055075
vn 0.279911 -0.959090 0.042382
vn 0.279940 -0.959094 -0.042102
vn 0.449665 -0.891517 -0.054768
vn -0.609224 -0.792473 0.028872
vn -0.648382 -0.759566 -0.051580
vn -0.609261 -0.792443 -0.028910
vn 0.174340 -0.431983 0.884871
vn 0.276427 -0.376480 0.884223
vn 0.107444 0.003509 0.994205
vn 0.429115 -0.826018 0.365452
vn 0.523223 -0.850398 0.055325
vn 0.479436 -0.798000 0.365154
vn -0.279472 0.957724 0.068264
vn -0.279505 0.957748 -0.067795
vn -0.571014 0.817180 -0.078483
vn 0.608768 0.792140 0.043773
vn 0.842418 0.535630 0.058584
vn 0.842418 0.535631 -0.058582
vn 0.608801 0.792109 -0.043867
vn 0.775054 0.483739 0.406556
vn 0.831463 0.398743 0.386875
vn 0.913301 0.403243 0.057246
vn 0.270615 0.225674 0.935863
vn 0.334528 0.159179 0.928845
vn 0.996682 0.076099 0.028873
vn 0.996678 0.076146 -0.028910
vn 0.913301 0.403243 -0.057245
vn 0.649458 -0.759216 0.042381
vn 0.523229 -0.850415 -0.055015
vn 0.649446 -0.759241 -0.042103
vn -0.498861 0.699130 -0.512206
vn -0.574517 0.651228 -0.495814
vn -0.142818 0.286389 -0.947409
vn 0.028431 0.097807 -0.994799
vn -0.106464 -0.009333 -0.994273
vn -0.235964 0.239894 -0.941686
vn 0.270573 0.225636 -0.935884
vn 0.334537 0.159175 -0.928842
vn 0.107433 0.003518 -0.994206
vn 0.775079 0.483766 -0.406475
vn 0.831490 0.398738 -0.386824
vn 0.275971 -0.375595 -0.884742
vn 0.173822 -0.431130 -0.885389
vn -0.023292 -0.090813 -0.995596
vn 0.479752 -0.798609 -0.363402
vn 0.429472 -0.826607 -0.363697
vn -0.674907 -0.647191 -0.354463
vn -0.619393 -0.708592 -0.338007
vn -0.316477 -0.236564 -0.918629
vn -0.272775 -0.325774 -0.905243
vn -0.683619 0.581511 0.441032
vn -0.899167 -0.245863 0.362009
vn -0.421977 0.088148 0.902311
vn -0.598889 -0.750562 0.279266
vn 0.275811 -0.897019 0.345378
vn -0.107181 -0.527025 0.843064
vn 0.562383 0.704807 0.432403
vn -0.251259 0.817154 0.518776
vn 0.071908 0.353585 0.932634
vn 0.599751 -0.721815 0.345371
vn 0.955948 0.090391 0.279271
vn 0.499733 -0.198766 0.843065
vn 0.072296 0.353016 -0.932820
vn -0.251860 0.818431 -0.516466
vn 0.562816 0.704739 -0.431949
vn 0.600019 -0.722476 -0.343521
vn 0.499460 -0.197864 -0.843439
vn 0.956007 0.090808 -0.278935
vn -0.899218 -0.246286 -0.361595
vn -0.684290 0.582359 -0.438869
vn -0.421564 0.087460 -0.902571
vn 0.276227 -0.897605 -0.343517
vn -0.599269 -0.750384 -0.278927
vn -0.107783 -0.526299 -0.843441
vn 0.623847 -0.778706 0.066575
vn 0.623845 -0.778707 -0.066573
vn 0.864032 -0.501628 -0.042645
vn 0.864065 -0.501576 0.042590
vn 0.954008 0.296164 0.046431
vn 0.954017 0.296183 -0.046129
vn 0.874619 0.480914 -0.061346
vn 0.872475 0.483534 0.070590
vn 0.106380 -0.044212 0.993342
vn 0.009302 -0.113107 0.993539
vn 0.155476 -0.292181 0.943641
vn 0.217778 -0.249229 0.943641
vn 0.470173 -0.767043 0.436557
vn 0.505906 -0.860016 0.066575
vn 0.549663 -0.712242 0.436557
vn 0.806301 0.585368 0.084986
vn 0.734892 0.536974 0.414237
vn 0.779589 0.473365 0.410081
vn 0.372407 0.180889 0.910270
vn 0.337619 0.247152 0.908256
vn 0.056341 0.041254 0.997559
vn -0.758012 -0.649454 0.060230
vn -0.758028 -0.649466 -0.059900
vn -0.616132 -0.786291 -0.046128
vn -0.616111 -0.786290 0.046431
vn 0.161464 -0.985959 0.042590
vn 0.161524 -0.985947 -0.042646
vn 0.505907 -0.860015 -0.066573
vn -0.047996 -0.033402 0.998289
vn -0.343369 -0.238958 0.908293
vn -0.292041 -0.295511 0.909607
vn -0.702543 -0.582342 0.409038
vn -0.746402 -0.520822 0.414281
vn -0.818147 -0.571300 0.065207
vn 0.726950 0.682003 0.080095
vn 0.723874 0.687141 -0.062006
vn 0.597603 0.800437 -0.046609
vn 0.597582 0.800434 0.046913
vn -0.161464 0.985959 0.042590
vn -0.161524 0.985947 -0.042645
vn -0.649291 0.757904 -0.063274
vn -0.649292 0.757902 0.063275
vn -0.751172 0.656650 0.067464
vn -0.675314 0.601602 0.426646
vn -0.606441 0.666309 0.433892
vn -0.202520 0.260639 0.943956
vn -0.266513 0.214936 0.939560
vn -0.102316 0.030453 0.994286
vn -0.025202 0.118767 0.992602
vn -0.751169 0.656654 -0.067462
vn -0.864030 0.501631 -0.042645
vn -0.864063 0.501579 0.042590
vn -0.960637 -0.273819 0.046913
vn -0.960646 -0.273837 -0.046609
vn -0.880392 -0.470478 -0.059662
vn -0.880376 -0.470468 0.059989
vn 0.803349 0.592280 -0.061924
vn 0.763131 0.434206 -0.478640
vn 0.702287 0.498806 -0.507923
vn 0.336858 0.246593 -0.908691
vn 0.371643 0.180333 -0.910693
vn 0.106358 -0.044217 -0.993344
vn 0.056318 0.041237 -0.997561
vn -0.025208 0.118744 -0.992605
vn -0.102302 0.030466 -0.994287
vn -0.266492 0.214935 -0.939566
vn -0.202492 0.260636 -0.943963
vn -0.606438 0.666350 -0.433832
vn -0.675312 0.601649 -0.426582
vn -0.047980 -0.033391 -0.998290
vn 0.009313 -0.113093 -0.993541
vn -0.291263 -0.294975 -0.910031
vn -0.342594 -0.238419 -0.908728
vn -0.747094 -0.521308 -0.412418
vn -0.703223 -0.582849 -0.407143
vn -0.818165 -0.571313 -0.064856
vn 0.470190 -0.767068 -0.436495
vn 0.549680 -0.712268 -0.436494
vn 0.217770 -0.249216 -0.943646
vn 0.155467 -0.292169 -0.943646
vn 0.879122 0.279109 0.386321
vn 0.787067 -0.480985 0.386237
vn 0.465074 -0.034836 0.884586
vn 0.169600 -0.906672 0.386241
vn -0.573534 -0.722366 0.386324
vn -0.132855 -0.447055 0.884585
vn -0.169601 0.906672 0.386240
vn 0.555389 0.735591 0.387878
vn 0.693479 0.591672 0.411110
vn 0.292950 0.294414 0.909671
vn 0.127751 0.451784 0.882933
vn -0.796390 -0.443813 0.410843
vn -0.885027 -0.257448 0.387876
vn -0.787065 0.480987 0.386240
vn -0.467673 0.041289 0.882937
vn -0.381060 -0.162428 0.910171
vn 0.127005 0.451257 -0.883310
vn 0.292187 0.293857 -0.910096
vn 0.639045 0.592319 -0.490693
vn 0.555982 0.736165 -0.385936
vn -0.170117 0.906745 -0.385842
vn -0.885773 -0.257796 -0.385938
vn -0.797111 -0.444274 -0.408945
vn -0.380285 -0.161892 -0.910590
vn -0.466923 0.041801 -0.883309
vn -0.786947 0.481496 -0.385844
vn 0.786951 -0.481492 -0.385842
vn 0.879856 0.279486 -0.384370
vn 0.464329 -0.035361 -0.884957
vn -0.574148 -0.722921 -0.384368
vn 0.170116 -0.906742 -0.385848
vn -0.132098 -0.446545 -0.884956
vn 0.096192 -0.994882 0.030943
vn 0.096187 -0.994882 -0.030942
vn 0.211740 -0.977117 -0.020194
vn 0.211781 -0.977109 0.020173
vn 0.884073 -0.466229 0.032322
vn 0.884092 -0.466208 -0.032110
vn 0.995387 -0.086812 -0.040834
vn 0.995378 -0.086816 0.041054
vn 0.091533 -0.123917 0.988062
vn -0.069151 -0.144595 0.987072
vn -0.017082 -0.607628 0.794038
vn 0.085072 -0.608534 0.788954
vn 0.038003 -0.976023 0.214324
vn 0.022304 -0.999286 0.030502
vn 0.085061 -0.973299 0.213197
vn 0.993892 0.102347 0.041282
vn 0.953651 0.073806 0.291722
vn 0.954970 -0.052407 0.292036
vn 0.544458 -0.112304 0.831236
vn 0.542800 0.127464 0.830133
vn 0.081700 0.147626 0.985663
vn -0.962396 -0.268309 0.042480
vn -0.962407 -0.268307 -0.042244
vn -0.913059 -0.406491 -0.032996
vn -0.913040 -0.406515 0.033212
vn -0.211064 -0.977259 0.020402
vn -0.211021 -0.977268 -0.020423
vn 0.022305 -0.999286 -0.030501
vn -0.100302 0.152326 0.983227
vn -0.552892 -0.017386 0.833072
vn -0.531666 -0.204748 0.821833
vn -0.925095 -0.246619 0.288754
vn -0.941700 -0.167363 0.291876
vn -0.988594 -0.144811 0.041375
vn 0.993902 0.102342 -0.041059
vn 0.913057 0.406496 -0.032996
vn 0.913038 0.406519 0.033212
vn 0.211066 0.977259 0.020402
vn 0.211024 0.977268 -0.020423
vn 0.050058 0.998270 -0.030840
vn 0.050061 0.998270 0.030840
vn -0.037559 0.998832 0.030400
vn -0.016570 0.976281 0.215874
vn 0.038953 0.975896 0.214732
vn 0.057382 0.607136 0.792524
vn -0.049089 0.601186 0.797600
vn -0.037560 0.998832 -0.030400
vn -0.369738 0.928912 -0.020423
vn -0.369778 0.928896 0.020402
vn -0.967697 0.249918 0.033212
vn -0.967712 0.249891 -0.032996
vn -0.988602 -0.144817 -0.041153
vn 0.955423 -0.052373 -0.290559
vn 0.954103 0.073784 -0.290247
vn 0.541733 0.127476 -0.830828
vn 0.543390 -0.112338 -0.831930
vn 0.091510 -0.123912 -0.988065
vn 0.081681 0.147613 -0.985667
vn -0.100272 0.152297 -0.983235
vn -0.049082 0.601164 -0.797617
vn 0.057348 0.607114 -0.792543
vn 0.038946 0.975903 -0.214701
vn -0.016599 0.976287 -0.215844
vn -0.069125 -0.144583 -0.987075
vn -0.530641 -0.204568 -0.822540
vn -0.551848 -0.017106 -0.833769
vn -0.942134 -0.167484 -0.290402
vn -0.925531 -0.246688 -0.287295
vn 0.037994 -0.976031 -0.214289
vn 0.085042 -0.973309 -0.213161
vn 0.085029 -0.608511 -0.788977
vn -0.017055 -0.607601 -0.794059
vn 0.859951 -0.437368 0.263045
vn 0.192774 -0.961975 0.193498
vn 0.390615 -0.552164 0.736569
vn -0.191395 -0.961608 0.196667
vn -0.885352 -0.377479 0.271407
vn -0.395431 -0.529560 0.750467
vn 0.191397 0.961608 0.196667
vn 0.885352 0.377479 0.271408
vn 0.395432 0.529560 0.750467
vn -0.935589 0.225863 0.271404
vn -0.347791 0.916714 0.196667
vn -0.477565 0.456868 0.750469
vn 0.394408 0.529687 -0.750916
vn 0.885840 0.377426 -0.269883
vn 0.191040 0.961730 -0.196416
vn -0.936064 0.225717 -0.269881
vn -0.476576 0.457167 -0.750915
vn -0.347460 0.916893 -0.196416
vn 0.192428 -0.962093 -0.193256
vn 0.860416 -0.437341 -0.261565
vn 0.389629 -0.552233 -0.737041
vn -0.885845 -0.377414 -0.269882
vn -0.191038 -0.961730 -0.196417
vn -0.394407 -0.529688 -0.750915
vn 0.147270 -0.987708 0.052393
vn 0.147268 -0.987708 -0.052392
vn 0.650691 -0.758622 -0.033080
vn 0.650753 -0.758569 0.033063
vn 0.931713 -0.362366 0.024547
vn 0.931720 -0.362356 -0.024408
vn 0.993345 -0.110848 -0.031293
vn 0.993340 -0.110846 0.031464
vn 0.097008 -0.067014 0.993025
vn -0.092860 -0.074775 0.992868
vn -0.046654 -0.414540 0.908835
vn 0.065924 -0.413840 0.907960
vn -0.042156 -0.932749 0.358054
vn -0.079792 -0.995420 0.052648
vn 0.101732 -0.927635 0.359366
vn 0.999366 -0.006131 0.035066
vn 0.975314 0.007001 0.220713
vn 0.970694 -0.098199 0.219339
vn 0.680986 -0.083019 0.727575
vn 0.680421 0.031792 0.732131
vn 0.094265 0.081768 0.992184
vn -0.979545 -0.198775 0.031315
vn -0.979550 -0.198777 -0.031144
vn -0.923236 -0.383491 -0.023891
vn -0.923228 -0.383501 0.024032
vn -0.557542 -0.829490 0.033063
vn -0.557474 -0.829535 -0.033080
vn -0.079790 -0.995420 -0.052647
vn -0.107672 0.074281 0.991408
vn -0.675003 -0.024345 0.737413
vn -0.666698 -0.148757 0.730332
vn -0.958020 -0.185662 0.218468
vn -0.971876 -0.077117 0.222507
vn -0.995921 -0.083390 0.034460
vn 0.999536 -0.012229 -0.027901
vn 0.991912 0.126784 -0.006085
vn 0.986687 0.156540 0.044090
vn 0.613051 0.788977 0.041042
vn 0.599431 0.800235 -0.017505
vn 0.108016 0.992589 -0.055677
vn 0.111511 0.992354 0.052907
vn -0.077354 0.995611 0.052678
vn -0.042925 0.931998 0.359913
vn 0.076779 0.929611 0.360456
vn 0.057836 0.407004 0.911594
vn -0.046698 0.409248 0.911227
vn -0.075397 0.995573 -0.056122
vn -0.571746 0.820138 -0.021923
vn -0.582740 0.811770 0.037985
vn -0.973460 0.224757 0.043123
vn -0.980123 0.198272 -0.006937
vn -0.995659 -0.088836 -0.027774
vn 0.970948 -0.098202 -0.218210
vn 0.975340 -0.034971 -0.217921
vn 0.671500 0.016896 -0.740812
vn 0.679975 -0.082989 -0.728523
vn 0.096981 -0.067018 -0.993027
vn 0.089999 0.089698 -0.991894
vn -0.103012 0.082244 -0.991274
vn -0.056473 0.397688 -0.915781
vn 0.068096 0.392646 -0.917165
vn 0.080341 0.932805 -0.351311
vn -0.056595 0.934135 -0.352404
vn -0.092833 -0.074773 -0.992870
vn -0.665693 -0.148635 -0.731273
vn -0.666586 -0.035591 -0.744578
vn -0.968882 -0.116026 -0.218644
vn -0.958271 -0.185695 -0.217334
vn -0.042167 -0.932768 -0.358004
vn 0.101753 -0.927652 -0.359317
vn 0.065922 -0.413827 -0.907965
vn -0.046650 -0.414524 -0.908842
vn 0.903552 -0.372685 0.211426
vn 0.603719 -0.745213 0.283162
vn 0.622535 -0.424912 0.657191
vn -0.512396 -0.810721 0.283165
vn -0.898360 -0.385662 0.210271
vn -0.582301 -0.431756 0.688848
vn 0.649729 0.705457 0.283164
vn 0.937954 0.266546 0.221801
vn 0.629363 0.340401 0.698591
vn -0.921903 0.317991 0.221308
vn -0.603717 0.745213 0.283167
vn -0.608993 0.369791 0.701700
vn 0.608187 0.206495 -0.766465
vn 0.975700 0.004613 -0.219060
vn 0.529405 0.812183 -0.245132
vn -0.972159 0.084043 -0.218731
vn -0.594481 0.254471 -0.762783
vn -0.507047 0.823199 -0.255435
vn 0.603258 -0.745680 -0.282916
vn 0.903800 -0.372684 -0.210363
vn 0.621518 -0.424941 -0.658134
vn -0.898620 -0.385662 -0.209157
vn -0.511880 -0.811133 -0.282917
vn -0.581238 -0.431745 -0.689753
vn -0.079414 -0.996017 0.040546
vn -0.500111 -0.865504 0.028141
vn -0.500045 -0.865541 -0.028156
vn -0.079412 -0.996017 -0.040545
vn -0.977491 -0.209822 0.022068
vn -0.999193 0.030315 0.026368
vn -0.999196 0.030322 -0.026223
vn -0.977497 -0.209808 -0.021929
vn -0.132612 -0.105170 0.985573
vn -0.093129 -0.497869 0.862237
vn 0.059897 -0.503207 0.862087
vn 0.127186 -0.117778 0.984861
vn 0.042184 -0.959730 0.277739
vn -0.054246 -0.958370 0.280328
vn 0.082968 -0.995743 0.040151
vn -0.980990 0.043461 0.189130
vn -0.978221 0.096368 0.183838
vn -0.993926 0.106902 0.026125
vn -0.719969 -0.036228 0.693060
vn -0.115482 0.118274 0.986243
vn -0.731904 0.104575 0.673335
vn 0.998826 0.042113 0.023932
vn 0.986437 -0.163074 0.018671
vn 0.986442 -0.163060 -0.018554
vn 0.998829 0.042116 -0.023800
vn 0.540776 -0.840836 0.023578
vn 0.082967 -0.995743 -0.040150
vn 0.540712 -0.840877 -0.023588
vn 0.760530 -0.010233 0.649223
vn 0.755628 0.119405 0.644025
vn 0.120656 0.105503 0.987072
vn 0.983750 0.056036 0.170575
vn 0.994437 0.102522 0.024166
vn 0.980732 0.096189 0.170039
vn -0.986437 0.163075 0.018672
vn -0.986442 0.163061 -0.018555
vn -0.993930 0.106904 -0.025980
vn -0.540776 0.840836 0.023578
vn -0.022532 0.999087 0.036309
vn -0.022532 0.999087 -0.036308
vn -0.540712 0.840877 -0.023588
vn 0.017422 0.966490 0.256113
vn 0.118211 0.959867 0.254326
vn 0.152565 0.987616 0.036598
vn -0.057813 0.534476 0.843204
vn 0.124761 0.531613 0.837749
vn 0.540776 0.840837 0.023578
vn 0.540712 0.840877 -0.023588
vn 0.152562 0.987616 -0.036597
vn 0.986437 0.163075 0.018671
vn 0.994441 0.102520 -0.024032
vn 0.986442 0.163061 -0.018555
vn -0.978402 0.096394 -0.182859
vn -0.981182 0.043518 -0.188118
vn -0.730973 0.104612 -0.674341
vn -0.115449 0.118263 -0.986248
vn -0.132579 -0.105157 -0.985579
vn -0.719000 -0.036349 -0.694059
vn -0.057795 0.534455 -0.843218
vn 0.124726 0.531595 -0.837765
vn 0.120623 0.105497 -0.987077
vn 0.017381 0.966499 -0.256083
vn 0.118227 0.959873 -0.254294
vn 0.754748 0.119424 -0.645054
vn 0.759641 -0.010393 -0.650260
vn 0.127158 -0.117764 -0.984867
vn 0.980889 0.096186 -0.169128
vn 0.983906 0.056063 -0.169662
vn -0.054259 -0.958380 -0.280291
vn 0.042210 -0.959738 -0.277709
vn -0.093106 -0.497841 -0.862257
vn 0.059882 -0.503198 -0.862094
vn -0.960589 -0.197933 0.195169
vn -0.462301 -0.851454 0.247596
vn -0.599560 -0.358462 0.715565
vn 0.507031 -0.836317 0.208552
vn 0.974573 -0.152894 0.163804
vn 0.670253 -0.358593 0.649748
vn -0.507031 0.836317 0.208553
vn -0.974572 0.152894 0.163805
vn -0.670256 0.358588 0.649747
vn 0.974573 0.152894 0.163804
vn 0.507029 0.836318 0.208553
vn 0.670254 0.358590 0.649748
vn -0.669197 0.359005 -0.650608
vn -0.974753 0.152790 -0.162828
vn -0.506521 0.836678 -0.208344
vn 0.974753 0.152788 -0.162828
vn 0.669196 0.359005 -0.650609
vn 0.506520 0.836679 -0.208344
vn -0.461788 -0.851804 -0.247352
vn -0.960839 -0.197852 -0.194018
vn -0.598446 -0.358722 -0.716366
vn 0.974752 -0.152791 -0.162827
vn 0.506519 -0.836679 -0.208342
vn 0.669195 -0.359005 -0.650610
vn 0.985307 -0.149076 0.083344
vn 0.985307 -0.149079 -0.083342
vn 0.989916 0.129435 -0.057555
vn 0.989916 0.129489 0.057437
vn 0.515534 0.854030 0.069693
vn 0.515535 0.854069 -0.069206
vn 0.178865 0.980758 -0.078244
vn 0.178870 0.980724 0.078657
vn 0.050143 0.049472 0.997516
vn 0.036142 -0.061786 0.997435
vn 0.268443 -0.071221 0.960659
vn 0.270710 -0.009806 0.962611
vn 0.837138 -0.214399 0.503223
vn 0.959109 -0.270743 0.082513
vn 0.844595 -0.128805 0.519681
vn 0.048273 0.995882 0.076734
vn 0.062703 0.862834 0.501584
vn 0.149154 0.843368 0.516220
vn 0.090990 0.306184 0.947614
vn 0.012414 0.331207 0.943477
vn -0.036347 0.067534 0.997055
vn -0.164270 -0.984140 0.066960
vn -0.164277 -0.984163 -0.066603
vn 0.131806 -0.989978 -0.050695
vn 0.131824 -0.989959 0.051033
vn 0.869522 -0.492028 0.042896
vn 0.869547 -0.491978 -0.042962
vn 0.959110 -0.270740 -0.082511
vn -0.050236 -0.043546 0.997788
vn -0.111282 -0.373134 0.921079
vn -0.042301 -0.381207 0.923521
vn -0.158693 -0.883113 0.441507
vn -0.207650 -0.873862 0.439599
vn -0.235400 -0.969405 0.069569
vn 0.048270 0.995913 -0.076334
vn -0.327601 0.943455 -0.050693
vn -0.327615 0.943432 0.051034
vn -0.950510 0.307719 0.042897
vn -0.950524 0.307666 -0.042962
vn -0.995576 0.063451 -0.069298
vn -0.995576 0.063454 0.069300
vn -0.996939 -0.036280 0.069251
vn -0.897173 -0.021668 0.441148
vn -0.896268 0.046260 0.441095
vn -0.323901 0.035996 0.945406
vn -0.324661 -0.027168 0.945440
vn -0.996940 -0.036277 -0.069250
vn -0.957577 -0.284957 -0.042962
vn -0.957564 -0.285011 0.042896
vn -0.349973 -0.935368 0.051035
vn -0.349960 -0.935392 -0.050696
vn -0.235404 -0.969432 -0.069185
vn 0.149289 0.844633 -0.514108
vn 0.062755 0.864032 -0.499511
vn 0.012288 0.330387 -0.943766
vn 0.090834 0.305398 -0.947883
vn 0.050133 0.049449 -0.997518
vn -0.036343 0.067506 -0.997057
vn -0.050233 -0.043531 -0.997788
vn -0.324644 -0.027161 -0.945446
vn -0.323884 0.035988 -0.945412
vn -0.896301 0.046243 -0.441029
vn -0.897206 -0.021651 -0.441082
vn 0.036142 -0.061767 -0.997436
vn -0.042109 -0.380323 -0.923895
vn -0.111104 -0.372252 -0.921458
vn -0.207843 -0.874794 -0.437649
vn -0.158888 -0.884052 -0.439553
vn 0.837181 -0.214392 -0.503155
vn 0.844649 -0.128841 -0.519584
vn 0.270674 -0.009811 -0.962621
vn 0.268441 -0.071219 -0.960660
vn 0.424716 0.722847 0.545076
vn 0.849196 0.093151 0.519798
vn 0.262086 0.181002 0.947918
vn 0.807519 -0.434693 0.398692
vn 0.108831 -0.900275 0.421499
vn 0.227551 -0.356713 0.906078
vn -0.878269 0.263979 0.398697
vn -0.287106 0.860176 0.421506
vn -0.294444 0.303855 0.906076
vn -0.307495 -0.853096 0.421515
vn -0.884303 -0.243003 0.398696
vn -0.301592 -0.296761 0.906077
vn -0.294413 0.303009 -0.906370
vn -0.287248 0.861166 -0.419383
vn -0.878575 0.263595 -0.398276
vn -0.307660 -0.854078 -0.419400
vn -0.301540 -0.295916 -0.906370
vn -0.884598 -0.242611 -0.398279
vn 0.849524 0.092767 -0.519330
vn 0.425347 0.724238 -0.542733
vn 0.261891 0.180366 -0.948093
vn 0.108772 -0.901264 -0.419394
vn 0.807894 -0.434378 -0.398275
vn 0.227692 -0.355880 -0.906370
vn -0.146604 -0.987150 0.063579
vn -0.517986 -0.854479 0.039456
vn -0.517917 -0.854519 -0.039482
vn -0.146600 -0.987151 -0.063578
vn -0.975896 -0.216460 0.027801
vn -0.996553 -0.071753 0.041641
vn -0.996562 -0.071755 -0.041414
vn -0.975903 -0.216449 -0.027624
vn -0.090041 -0.062879 0.993951
vn -0.071269 -0.350670 0.933783
vn 0.024569 -0.356488 0.933977
vn 0.104237 -0.061108 0.992673
vn -0.004532 -0.912838 0.408297
vn -0.114558 -0.905717 0.408110
vn 0.017459 -0.997838 0.063361
vn -0.955696 -0.055696 0.289037
vn -0.954295 0.009810 0.298707
vn -0.998946 0.017225 0.042559
vn -0.557520 -0.052357 0.828511
vn -0.087674 0.059169 0.994390
vn -0.539488 0.049612 0.840531
vn 0.999117 0.021035 0.036370
vn 0.943806 -0.329343 0.027628
vn 0.943815 -0.329333 -0.027451
vn 0.999124 0.021038 -0.036176
vn 0.437428 -0.898408 0.038976
vn 0.017456 -0.997838 -0.063359
vn 0.437359 -0.898441 -0.039003
vn 0.597697 -0.012453 0.801625
vn 0.599279 0.098106 0.794506
vn 0.088250 0.064726 0.993993
vn 0.964642 0.039259 0.260624
vn 0.992520 0.116258 0.037262
vn 0.959963 0.107740 0.258578
vn -0.976527 0.212707 0.033921
vn -0.976537 0.212697 -0.033701
vn -0.998955 0.017218 -0.042327
vn -0.532127 0.845235 0.049186
vn -0.028966 0.997203 0.068902
vn -0.028964 0.997203 -0.068900
vn -0.532060 0.845274 -0.049228
vn -0.008846 0.888285 0.459207
vn 0.141287 0.884324 0.444982
vn 0.191123 0.979024 0.070593
vn -0.052590 0.309948 0.949298
vn 0.060811 0.317044 0.946459
vn 0.517982 0.854481 0.039456
vn 0.517914 0.854521 -0.039483
vn 0.191118 0.979026 -0.070591
vn 0.975896 0.216458 0.027801
vn 0.992528 0.116256 -0.037057
vn 0.975904 0.216447 -0.027624
vn -0.954768 0.009759 -0.297193
vn -0.956135 -0.055735 -0.287576
vn -0.538425 0.049622 -0.841211
vn -0.087645 0.059163 -0.994393
vn -0.090015 -0.062875 -0.993954
vn -0.556454 -0.052381 -0.829226
vn -0.052598 0.309918 -0.949307
vn 0.060809 0.317039 -0.946461
vn 0.088225 0.064720 -0.993996
vn -0.008842 0.888326 -0.459128
vn 0.141268 0.884358 -0.444920
vn 0.598224 0.098036 -0.795310
vn 0.596621 -0.012552 -0.802425
vn 0.104208 -0.061100 -0.992677
vn 0.960319 0.107757 -0.257246
vn 0.965002 0.039284 -0.259282
vn -0.114545 -0.905742 -0.408056
vn -0.004541 -0.912862 -0.408243
vn -0.071265 -0.350656 -0.933789
vn 0.024570 -0.356474 -0.933982
vn -0.946190 -0.202344 0.252551
vn -0.465929 -0.818546 0.335994
vn -0.511668 -0.295016 0.806946
vn 0.390242 -0.858937 0.331570
vn 0.916455 -0.312166 0.250325
vn 0.481675 -0.352873 0.802166
vn -0.465488 0.785723 0.407382
vn -0.929968 0.195213 0.311531
vn -0.439529 0.248939 0.863043
vn 0.946190 0.202344 0.252551
vn 0.465926 0.818548 0.335995
vn 0.511667 0.295016 0.806947
vn -0.438491 0.248967 -0.863563
vn -0.930543 0.195216 -0.309806
vn -0.465052 0.786156 -0.407045
vn 0.946583 0.202308 -0.251101
vn 0.510557 0.295112 -0.807614
vn 0.465435 0.818948 -0.335699
vn -0.465439 -0.818948 -0.335696
vn -0.946583 -0.202308 -0.251103
vn -0.510559 -0.295114 -0.807612
vn 0.916843 -0.312175 -0.248888
vn 0.389732 -0.859281 -0.331279
vn 0.480573 -0.352843 -0.802840
vn -0.157415 -0.986974 0.033196
vn -0.379735 -0.924715 0.026534
vn -0.379735 -0.924715 -0.026534
vn -0.157415 -0.986974 -0.033196
vn -0.881202 -0.471965 0.027051
vn -0.975498 -0.217637 0.032216
vn -0.975498 -0.217637 -0.032216
vn -0.881202 -0.471965 -0.027051
vn -0.219184 -0.278377 0.935128
vn -0.180612 -0.370335 0.911170
vn 0.033610 -0.371160 0.927961
vn 0.025226 -0.295650 0.954963
vn -0.140889 -0.915025 0.377993
vn -0.033020 -0.998335 0.047301
vn -0.017887 -0.918790 0.394341
vn -0.898099 -0.218449 0.381704
vn -0.921145 0.004031 0.389200
vn -0.998616 0.029853 0.043297
vn -0.345584 -0.252276 0.903841
vn -0.264456 -0.089670 0.960220
vn -0.374613 -0.073435 0.924268
vn 0.975498 -0.217635 0.032216
vn 0.881204 -0.471962 0.027051
vn 0.881204 -0.471962 -0.027051
vn 0.975498 -0.217635 -0.032216
vn 0.293660 -0.955532 0.026897
vn 0.133590 -0.990344 0.037062
vn 0.133590 -0.990344 -0.037062
vn 0.293660 -0.955532 -0.026897
vn 0.102255 -0.271793 0.956908
vn 0.266202 -0.251194 0.930612
vn 0.291368 -0.077328 0.953481
vn 0.135633 -0.092979 0.986387
vn 0.898101 -0.218447 0.381702
vn 0.998616 0.029854 0.043296
vn 0.921146 0.004032 0.389195
vn -0.985388 0.165691 0.039458
vn -0.922214 0.386227 0.018683
vn -0.922214 0.386227 -0.018683
vn -0.985388 0.165691 -0.039458
vn -0.379734 0.924715 0.026534
vn -0.184963 0.982252 0.031145
vn -0.184963 0.982252 -0.031145
vn -0.379734 0.924715 -0.026534
vn -0.191847 0.908253 0.371849
vn -0.096117 0.919374 0.381462
vn -0.087618 0.995138 0.044986
vn -0.251107 0.595928 0.762768
vn -0.277803 0.191909 0.941274
vn -0.039130 0.165389 0.985452
vn -0.097401 0.624559 0.774880
vn 0.155545 0.987199 0.035272
vn 0.293659 0.955532 0.026897
vn 0.293659 0.955532 -0.026897
vn 0.155545 0.987199 -0.035272
vn 0.922218 0.386219 0.018683
vn 0.985389 0.165689 0.039458
vn 0.985389 0.165689 -0.039458
vn 0.922218 0.386219 -0.018683
vn -0.998616 0.029853 -0.043297
vn -0.921145 0.004031 -0.389200
vn -0.898099 -0.218448 -0.381704
vn -0.374613 -0.073435 -0.924268
vn -0.264456 -0.089670 -0.960220
vn -0.219184 -0.278377 -0.935128
vn -0.345584 -0.252276 -0.903841
vn -0.277803 0.191909 -0.941274
vn -0.251107 0.595928 -0.762768
vn -0.097401 0.624559 -0.774880
vn -0.039130 0.165389 -0.985452
vn -0.191847 0.908253 -0.371849
vn -0.087618 0.995138 -0.044986
vn -0.096117 0.919374 -0.381462
vn 0.135633 -0.092979 -0.986387
vn 0.291368 -0.077328 -0.953481
vn 0.266202 -0.251194 -0.930612
vn 0.102255 -0.271793 -0.956908
vn 0.921147 0.004032 -0.389195
vn 0.998616 0.029854 -0.043296
vn 0.898100 -0.218447 -0.381702
vn -0.140889 -0.915025 -0.377994
vn -0.017887 -0.918790 -0.394341
vn -0.033020 -0.998335 -0.047301
vn -0.180611 -0.370336 -0.911170
vn 0.025226 -0.295650 -0.954963
vn 0.033610 -0.371160 -0.927961
vn -0.007662 -0.128742 0.991649
vn -0.007661 -0.128742 -0.991649
vn -0.840995 -0.420871 0.339994
vn -0.323465 -0.882990 0.340144
vn -0.309021 -0.344867 0.886325
vn 0.097330 -0.919078 0.381867
vn 0.242695 -0.908435 0.340361
vn 0.840994 -0.420872 0.339994
vn 0.070578 -0.358764 0.930756
vn 0.232020 -0.336345 0.912710
vn -0.323465 0.882990 0.340145
vn -0.914916 0.147306 0.375805
vn -0.845039 0.423765 0.326087
vn -0.372936 0.183818 0.909467
vn -0.306740 0.571945 0.760782
vn 0.914918 0.147306 0.375801
vn 0.845040 0.423764 0.326086
vn 0.135876 0.916016 0.377427
vn 0.242695 0.908435 0.340360
vn 0.139261 0.601504 0.786638
vn 0.142599 0.183664 0.972591
vn 0.288223 0.181818 0.940144
vn 0.229946 0.579277 0.782025
vn -0.372936 0.183818 -0.909467
vn -0.306740 0.571945 -0.760782
vn -0.914916 0.147306 -0.375805
vn -0.845039 0.423765 -0.326087
vn -0.323465 0.882991 -0.340144
vn 0.914918 0.147306 -0.375801
vn 0.845040 0.423764 -0.326086
vn 0.288223 0.181818 -0.940144
vn 0.142599 0.183664 -0.972591
vn 0.139261 0.601504 -0.786638
vn 0.229946 0.579277 -0.782025
vn 0.135876 0.916017 -0.377427
vn 0.242695 0.908435 -0.340360
vn -0.323465 -0.882990 -0.340145
vn -0.840994 -0.420872 -0.339994
vn -0.309022 -0.344867 -0.886325
vn 0.840994 -0.420872 -0.339994
vn 0.097330 -0.919078 -0.381867
vn 0.242695 -0.908435 -0.340361
vn 0.070578 -0.358764 -0.930756
vn 0.232020 -0.336345 -0.912710
vn -0.016233 -0.290424 0.956760
vn -0.019811 -0.362390 0.931816
vn 0.005266 -0.129563 0.991557
vn 0.069281 0.616619 0.784207
vn 0.035687 0.170319 0.984743
vn 0.061340 0.997259 0.041370
vn 0.068853 0.918009 0.390536
vn 0.061340 0.997259 -0.041370
vn 0.068853 0.918009 -0.390536
vn 0.035687 0.170319 -0.984743
vn 0.069281 0.616619 -0.784207
vn -0.016234 -0.290424 -0.956760
vn 0.005266 -0.129563 -0.991557
vn -0.019811 -0.362390 -0.931816
vn 0.023845 -0.998777 -0.043315
vn 0.012227 -0.915058 -0.403137
vn 0.023845 -0.998777 0.043315
vn 0.012227 -0.915058 0.403137
vn 0.032300 -0.361959 0.931634
vn 0.037642 -0.298980 0.953517
vn 0.042837 -0.146029 0.988353
vn 0.040165 0.175517 0.983657
vn 0.029301 0.624345 0.780599
vn 0.004226 0.922661 0.385589
vn -0.008572 0.999191 0.039304
vn -0.008572 0.999191 -0.039304
vn 0.004226 0.922661 -0.385589
vn 0.029301 0.624345 -0.780599
vn 0.040165 0.175517 -0.983657
vn 0.042836 -0.146029 -0.988353
vn 0.037641 -0.298980 -0.953517
vn 0.032300 -0.361959 -0.931634
vn 0.007427 -0.915854 -0.401443
vn -0.007356 -0.999221 -0.038776
vn -0.007356 -0.999221 0.038776
vn 0.007427 -0.915854 0.401443
vn 0.001107 -0.998195 0.060049
vn 0.001106 -0.998195 -0.060047
vn 0.277665 -0.959960 -0.037132
vn 0.277710 -0.959950 0.037066
vn 0.987089 -0.151485 0.052035
vn 0.987112 -0.151457 -0.051682
vn 0.995440 0.073860 -0.060359
vn 0.995422 0.073832 0.060701
vn 0.038548 -0.212686 0.976360
vn -0.049590 -0.197552 0.979037
vn -0.055282 -0.354321 0.933488
vn 0.022941 -0.353193 0.935269
vn -0.083262 -0.912995 0.399384
vn -0.104249 -0.992737 0.060049
vn -0.011527 -0.916712 0.399383
vn 0.966078 -0.245075 0.081442
vn 0.866748 -0.201822 0.456088
vn 0.889970 0.120342 0.439853
vn 0.337813 -0.109290 0.934847
vn 0.368292 -0.087537 0.925580
vn 0.034437 -0.006810 0.999384
vn -0.989982 -0.125546 0.064607
vn -0.990008 -0.125530 -0.064235
vn -0.987096 -0.150902 -0.053580
vn -0.987072 -0.150929 0.053945
vn -0.375418 -0.926114 0.037066
vn -0.375374 -0.926129 -0.037132
vn -0.104248 -0.992737 -0.060047
vn -0.061169 -0.001139 0.998127
vn -0.373697 -0.003778 0.927543
vn -0.355409 -0.154785 0.921806
vn -0.889765 -0.105023 0.444171
vn -0.887070 -0.035887 0.460238
vn -0.996220 -0.045504 0.073998
vn 0.991915 0.104513 0.071980
vn 0.991944 0.104513 -0.071580
vn 0.968284 0.243528 -0.055852
vn 0.968258 0.243547 0.056230
vn 0.375418 0.926114 0.037066
vn 0.375374 0.926129 -0.037132
vn 0.104247 0.992737 -0.060047
vn 0.104249 0.992737 0.060048
vn -0.001107 0.998195 0.060048
vn 0.011528 0.916713 0.399380
vn 0.083262 0.912996 0.399381
vn 0.052797 0.356346 0.932861
vn -0.015692 0.359894 0.932861
vn -0.040393 0.118159 0.992173
vn 0.050727 0.113285 0.992267
vn -0.001105 0.998195 -0.060047
vn -0.277662 0.959961 -0.037132
vn -0.277707 0.959951 0.037066
vn -0.937909 0.342293 0.056230
vn -0.937938 0.342276 -0.055852
vn -0.981864 0.175682 -0.071268
vn -0.981835 0.175681 0.071663
vn 0.966115 -0.245085 -0.080968
vn 0.890968 0.120574 -0.437765
vn 0.867708 -0.202132 -0.454120
vn 0.367427 -0.087355 -0.925941
vn 0.336944 -0.109504 -0.935135
vn 0.038537 -0.212654 -0.976367
vn 0.034425 -0.006808 -0.999384
vn 0.050713 0.113279 -0.992268
vn -0.040379 0.118150 -0.992174
vn -0.015689 0.359875 -0.932869
vn 0.052793 0.356327 -0.932869
vn 0.083264 0.913022 -0.399322
vn 0.011529 0.916739 -0.399321
vn -0.061145 -0.001141 -0.998128
vn -0.049580 -0.197541 -0.979040
vn -0.354559 -0.154793 -0.922132
vn -0.372818 -0.003785 -0.927897
vn -0.888088 -0.035960 -0.458266
vn -0.890799 -0.104999 -0.442099
vn -0.996249 -0.045512 -0.073601
vn -0.083264 -0.913021 -0.399325
vn -0.011528 -0.916737 -0.399325
vn 0.022936 -0.353170 -0.935278
vn -0.055276 -0.354301 -0.933496
vn 0.894396 -0.110999 0.433284
vn 0.242537 -0.899229 0.364093
vn 0.295269 -0.265040 0.917916
vn -0.334160 -0.869351 0.364097
vn -0.891368 -0.120133 0.437072
vn -0.323075 -0.265520 0.908362
vn 0.334160 0.869351 0.364097
vn 0.872307 0.206136 0.443383
vn 0.879929 0.079228 0.468452
vn 0.352843 0.082659 0.932024
vn 0.319222 0.286248 0.903416
vn -0.871490 0.139789 0.470069
vn -0.846338 0.295169 0.443381
vn -0.242533 0.899230 0.364092
vn -0.287933 0.317702 0.903416
vn -0.343124 0.107922 0.933070
vn 0.318428 0.286322 -0.903672
vn 0.351997 0.082667 -0.932344
vn 0.881013 0.079266 -0.466405
vn 0.873394 0.206179 -0.441218
vn 0.333849 0.869643 -0.363683
vn -0.847414 0.295324 -0.441217
vn -0.872575 0.139903 -0.468018
vn -0.342277 0.107872 -0.933386
vn -0.287134 0.317694 -0.903673
vn -0.242195 0.899489 -0.363679
vn 0.242198 -0.899486 -0.363682
vn 0.895510 -0.110868 -0.431011
vn 0.294458 -0.265163 -0.918141
vn -0.892465 -0.120015 -0.434860
vn -0.333849 -0.869644 -0.363681
vn -0.322272 -0.265640 -0.908612
vn 0.976504 -0.203362 0.071309
vn 0.861854 -0.195811 0.467830
vn 0.976526 -0.203382 -0.070945
vn 0.862883 -0.196005 -0.465848
vn 0.359279 -0.054479 -0.931639
vn 0.065452 -0.014785 -0.997746
vn -0.052868 0.004021 -0.998593
vn -0.361508 0.027405 -0.931966
vn -0.880073 0.056092 -0.471513
vn -0.995331 0.059902 -0.075680
vn -0.995300 0.059903 0.076086
vn -0.879004 0.056045 0.473509
vn -0.052888 0.004024 0.998592
vn -0.362369 0.027478 0.931630
vn 0.065481 -0.014788 0.997744
vn 0.360133 -0.054615 0.931301
vn -0.109913 -0.993119 0.040411
vn -0.565213 -0.824368 0.030853
vn -0.565173 -0.824393 -0.030897
vn -0.109918 -0.993119 -0.040410
vn -0.998495 -0.030402 0.045644
vn -0.991927 0.108683 0.065334
vn -0.991951 0.108680 -0.064971
vn -0.998510 -0.030376 -0.045343
vn -0.090595 -0.094693 0.991376
vn -0.098319 -0.458651 0.883161
vn 0.013364 -0.501931 0.864804
vn 0.052094 -0.103009 0.993315
vn 0.002258 -0.960161 0.279439
vn -0.079351 -0.952783 0.293101
vn 0.014390 -0.999035 0.041499
vn -0.899336 0.115817 0.421641
vn -0.876407 0.203595 0.436417
vn -0.969316 0.237233 0.064394
vn -0.404064 0.028330 0.914292
vn -0.053032 0.113386 0.992135
vn -0.357085 0.146638 0.922490
vn 0.926718 -0.373106 0.044569
vn 0.843627 -0.535816 0.034557
vn 0.843648 -0.535798 -0.034333
vn 0.926729 -0.373107 -0.044321
vn 0.065445 -0.997568 0.023988
vn 0.014383 -0.999035 -0.041498
vn 0.065397 -0.997570 -0.024012
vn 0.486072 -0.247380 0.838175
vn 0.534471 -0.115107 0.837312
vn 0.096069 0.089961 0.991301
vn 0.888847 -0.343836 0.302867
vn 0.954908 -0.293512 0.044729
vn 0.907614 -0.290957 0.302622
vn -0.842793 0.535335 0.055831
vn -0.842824 0.535325 -0.055456
vn -0.969341 0.237226 -0.064049
vn -0.065559 0.997168 0.036838
vn 0.279309 0.959013 0.047751
vn 0.279309 0.959013 -0.047750
vn -0.065513 0.997169 -0.036903
vn 0.272468 0.900645 0.338527
vn 0.369504 0.871729 0.321800
vn 0.420136 0.906271 0.046460
vn 0.064009 0.416766 0.906758
vn 0.176070 0.405692 0.896891
vn 0.698495 0.715213 0.023988
vn 0.698460 0.715247 -0.024012
vn 0.420136 0.906271 -0.046458
vn 0.989313 -0.141652 0.034557
vn 0.954918 -0.293519 -0.044479
vn 0.989317 -0.141680 -0.034333
vn -0.877361 0.203700 -0.434446
vn -0.900219 0.115915 -0.419726
vn -0.356198 0.146443 -0.922864
vn -0.052996 0.113356 -0.992140
vn -0.090559 -0.094680 -0.991380
vn -0.403169 0.028108 -0.914694
vn 0.064005 0.416700 -0.906788
vn 0.176075 0.405695 -0.896888
vn 0.096052 0.089961 -0.991303
vn 0.272460 0.900673 -0.338458
vn 0.369530 0.871734 -0.321756
vn 0.533506 -0.114708 -0.837982
vn 0.485068 -0.247084 -0.838844
vn 0.052074 -0.103005 -0.993317
vn 0.908059 -0.291143 -0.301105
vn 0.889311 -0.343970 -0.301348
vn -0.079408 -0.952794 -0.293050
vn 0.002221 -0.960173 -0.279398
vn -0.098328 -0.458595 -0.883189
vn 0.013329 -0.501919 -0.864812
vn -0.929124 -0.014958 0.369465
vn -0.525154 -0.796462 0.299769
vn -0.442490 -0.250442 0.861093
vn 0.046209 -0.972313 0.229070
vn 0.816304 -0.502199 0.285385
vn 0.307815 -0.537203 0.785279
vn -0.044261 0.931228 0.361740
vn -0.764542 0.470357 0.440726
vn -0.214470 0.374294 0.902168
vn 0.946694 -0.149415 0.285388
vn 0.667461 0.708535 0.229071
vn 0.583205 0.207875 0.785277
vn -0.213688 0.374117 -0.902427
vn -0.765554 0.470734 -0.438562
vn -0.043872 0.931406 -0.361330
vn 0.947125 -0.149714 -0.283794
vn 0.582360 0.208474 -0.785745
vn 0.667206 0.708869 -0.228784
vn -0.524876 -0.796780 -0.299411
vn -0.929896 -0.014746 -0.367526
vn -0.441643 -0.250762 -0.861435
vn 0.816825 -0.502254 -0.283792
vn 0.045799 -0.972399 -0.228784
vn 0.306786 -0.537112 -0.785744
vn 0.808874 -0.586095 0.047071
vn 0.808878 -0.586089 -0.047070
vn 0.998090 -0.050127 -0.036113
vn 0.998094 -0.050086 0.036040
vn 0.628559 0.775271 0.062197
vn 0.628554 0.775309 -0.061773
vn 0.500620 0.860680 -0.092788
vn 0.500593 0.860640 0.093305
vn 0.071306 0.025340 0.997133
vn -0.003428 -0.069897 0.997548
vn 0.319955 -0.299966 0.898693
vn 0.342888 -0.204394 0.916870
vn 0.702429 -0.632148 0.327082
vn 0.738719 -0.672102 0.050722
vn 0.742680 -0.573875 0.345099
vn 0.438466 0.894507 0.087202
vn 0.373369 0.748201 0.548444
vn 0.416961 0.731764 0.539133
vn 0.159574 0.264281 0.951153
vn 0.109885 0.276693 0.954655
vn -0.004649 0.074985 0.997174
vn -0.481234 -0.874701 0.057559
vn -0.481245 -0.874714 -0.057255
vn -0.025759 -0.998577 -0.046689
vn -0.025730 -0.998563 0.047003
vn 0.791642 -0.610323 0.028451
vn 0.791667 -0.610288 -0.028494
vn 0.738725 -0.672096 -0.050721
vn -0.057917 -0.024368 0.998024
vn -0.245488 -0.373616 0.894509
vn -0.190067 -0.391491 0.900339
vn -0.454387 -0.800884 0.390021
vn -0.476759 -0.789008 0.387514
vn -0.517214 -0.853497 0.063509
vn 0.438490 0.894540 -0.086745
vn 0.025678 0.996800 -0.075695
vn 0.025649 0.996761 0.076223
vn -0.791143 0.610152 0.042511
vn -0.791164 0.610117 -0.042615
vn -0.946261 0.318097 -0.058345
vn -0.946262 0.318096 0.058347
vn -0.983620 0.171044 0.056886
vn -0.903813 0.185097 0.385826
vn -0.868200 0.282626 0.407862
vn -0.313822 0.153209 0.937039
vn -0.363564 0.072138 0.928772
vn -0.983620 0.171045 -0.056885
vn -0.993467 -0.110429 -0.028782
vn -0.993464 -0.110473 0.028739
vn -0.472053 -0.880312 0.047077
vn -0.472034 -0.880339 -0.046766
vn -0.517224 -0.853517 -0.063144
vn 0.417627 0.732924 -0.537038
vn 0.374036 0.749413 -0.546331
vn 0.109550 0.276023 -0.954888
vn 0.159236 0.263603 -0.951397
vn 0.071281 0.025320 -0.997135
vn -0.004659 0.074945 -0.997177
vn -0.057911 -0.024357 -0.998025
vn -0.363570 0.072135 -0.928770
vn -0.313767 0.153179 -0.937063
vn -0.868234 0.282650 -0.407774
vn -0.903838 0.185091 -0.385770
vn -0.003419 -0.069880 -0.997550
vn -0.189561 -0.390646 -0.900812
vn -0.245012 -0.372773 -0.894992
vn -0.477143 -0.789661 -0.385708
vn -0.454788 -0.801539 -0.388204
vn 0.702480 -0.632115 -0.327036
vn 0.742736 -0.573835 -0.345045
vn 0.342860 -0.204328 -0.916895
vn 0.319966 -0.299931 -0.898701
vn 0.543662 0.692323 0.474469
vn 0.929001 -0.062258 0.364802
vn 0.384142 0.155227 0.910131
vn 0.769592 -0.573107 0.281561
vn -0.038304 -0.926507 0.374324
vn 0.239745 -0.460777 0.854521
vn -0.721974 0.537648 0.435532
vn 0.034381 0.831747 0.554090
vn -0.159650 0.306840 0.938276
vn -0.424814 -0.823190 0.376685
vn -0.954446 -0.089650 0.284596
vn -0.434808 -0.271937 0.858482
vn -0.159872 0.306245 -0.938432
vn 0.034659 0.833286 -0.551755
vn -0.722363 0.537499 -0.435071
vn -0.424961 -0.824008 -0.374726
vn -0.434737 -0.271041 -0.858802
vn -0.954586 -0.089278 -0.284245
vn 0.929139 -0.062632 -0.364387
vn 0.544229 0.693407 -0.472231
vn 0.383905 0.154523 -0.910351
vn -0.038572 -0.927286 -0.372361
vn 0.769896 -0.572867 -0.281217
vn 0.240128 -0.459980 -0.854843
vn -0.099464 -0.994565 0.030789
vn -0.242275 -0.969988 0.020656
vn -0.242224 -0.970000 -0.020671
vn -0.099459 -0.994565 -0.030788
vn -0.924160 -0.381066 0.026759
vn -0.997972 -0.054296 0.033220
vn -0.997978 -0.054292 -0.033042
vn -0.924174 -0.381045 -0.026588
vn -0.112126 -0.124221 0.985899
vn -0.096873 -0.607315 0.788533
vn 0.033848 -0.608212 0.793053
vn 0.090991 -0.146990 0.984944
vn -0.029037 -0.976339 0.214287
vn -0.084862 -0.973282 0.213358
vn -0.007555 -0.999508 0.030450
vn -0.970695 -0.024748 0.239037
vn -0.968325 0.075425 0.238028
vn -0.994562 0.098653 0.033384
vn -0.625003 -0.104336 0.773619
vn -0.101858 0.145153 0.984152
vn -0.626233 0.131104 0.768534
vn 0.971827 -0.233200 0.034209
vn 0.936781 -0.348892 0.026758
vn 0.936794 -0.348869 -0.026588
vn 0.971834 -0.233198 -0.034019
vn 0.275659 -0.961034 0.020655
vn -0.007557 -0.999508 -0.030449
vn 0.275608 -0.961048 -0.020671
vn 0.615208 -0.203444 0.761662
vn 0.636250 -0.024824 0.771083
vn 0.118235 0.151981 0.981286
vn 0.946918 -0.217421 0.236799
vn 0.990588 -0.132687 0.033620
vn 0.959018 -0.153000 0.238488
vn -0.936780 0.348894 0.026759
vn -0.936793 0.348873 -0.026588
vn -0.994568 0.098649 -0.033202
vn -0.275659 0.961034 0.020655
vn -0.081970 0.996160 0.030748
vn -0.081967 0.996161 -0.030747
vn -0.275609 0.961048 -0.020671
vn -0.067049 0.974537 0.213969
vn -0.001221 0.976470 0.215650
vn 0.026437 0.999192 0.030274
vn -0.083102 0.607416 0.790025
vn 0.050300 0.600961 0.797694
vn 0.430797 0.902213 0.020655
vn 0.430749 0.902235 -0.020671
vn 0.026439 0.999192 -0.030273
vn 0.981582 0.189160 0.026759
vn 0.990593 -0.132692 -0.033437
vn 0.981591 0.189138 -0.026587
vn -0.968631 0.075403 -0.236787
vn -0.971002 -0.024720 -0.237791
vn -0.625177 0.131136 -0.769388
vn -0.101835 0.145140 -0.984157
vn -0.112100 -0.124213 -0.985903
vn -0.623931 -0.104428 -0.774471
vn -0.083060 0.607396 -0.790045
vn 0.050290 0.600938 -0.797712
vn 0.118202 0.151952 -0.981295
vn -0.067042 0.974544 -0.213939
vn -0.001182 0.976476 -0.215621
vn 0.635219 -0.024549 -0.771941
vn 0.614187 -0.203318 -0.762520
vn 0.090958 -0.146976 -0.984949
vn 0.959312 -0.153081 -0.237247
vn 0.947218 -0.217454 -0.235567
vn -0.084842 -0.973291 -0.213323
vn -0.029023 -0.976347 -0.214252
vn -0.096816 -0.607292 -0.788558
vn 0.033814 -0.608185 -0.793075
vn -0.905683 -0.359475 0.224756
vn -0.219384 -0.956392 0.192834
vn -0.459675 -0.528360 0.713817
vn 0.252311 -0.948238 0.192830
vn 0.917569 -0.327952 0.224754
vn 0.477661 -0.512153 0.713820
vn -0.252310 0.948238 0.192832
vn -0.917569 0.327950 0.224756
vn -0.477662 0.512151 0.713821
vn 0.959172 0.171683 0.224756
vn 0.405654 0.893454 0.192834
vn 0.555785 0.426103 0.713820
vn -0.476557 0.512370 -0.714402
vn -0.917921 0.327854 -0.223456
vn -0.251890 0.948397 -0.192597
vn 0.959503 0.171530 -0.223455
vn 0.554730 0.426500 -0.714403
vn 0.405267 0.893681 -0.192597
vn -0.218959 -0.956537 -0.192598
vn -0.906040 -0.359385 -0.223457
vn -0.458563 -0.528539 -0.714400
vn 0.917924 -0.327848 -0.223456
vn 0.251890 -0.948398 -0.192595
vn 0.476557 -0.512367 -0.714404
vn -0.048491 -0.997722 0.046894
vn -0.302378 -0.952728 0.029621
vn -0.302337 -0.952739 -0.029667
vn -0.048490 -0.997722 -0.046892
vn -0.947024 -0.317495 0.048410
vn -0.996160 -0.061825 0.062000
vn -0.996181 -0.061822 -0.061662
vn -0.947047 -0.317473 -0.048088
vn -0.058640 -0.090992 0.994124
vn -0.040087 -0.442223 0.896009
vn 0.040086 -0.442223 0.896009
vn 0.058640 -0.090992 0.994124
vn 0.032795 -0.946414 0.321288
vn -0.032795 -0.946414 0.321288
vn 0.048491 -0.997722 0.046894
vn -0.910688 -0.042480 0.410904
vn -0.910688 0.042480 0.410904
vn -0.996159 0.061825 0.062000
vn -0.410724 -0.063296 0.909560
vn -0.058640 0.090992 0.994124
vn -0.410723 0.063296 0.909560
vn 0.996160 -0.061823 0.062000
vn 0.947026 -0.317489 0.048410
vn 0.947049 -0.317467 -0.048088
vn 0.996181 -0.061821 -0.061662
vn 0.302377 -0.952728 0.029621
vn 0.048490 -0.997722 -0.046892
vn 0.302335 -0.952740 -0.029667
vn 0.410722 -0.063295 0.909561
vn 0.410722 0.063296 0.909561
vn 0.058640 0.090992 0.994124
vn 0.910689 -0.042479 0.410902
vn 0.996160 0.061823 0.062000
vn 0.910689 0.042480 0.410902
vn -0.947023 0.317495 0.048410
vn -0.947047 0.317473 -0.048088
vn -0.996181 0.061822 -0.061662
vn -0.302380 0.952727 0.029620
vn -0.048491 0.997722 0.046894
vn -0.048490 0.997722 -0.046893
vn -0.302338 0.952739 -0.029667
vn -0.032795 0.946413 0.321290
vn 0.032795 0.946413 0.321290
vn 0.048491 0.997722 0.046894
vn -0.040086 0.442224 0.896008
vn 0.040087 0.442224 0.896009
vn 0.302378 0.952728 0.029621
vn 0.302336 0.952740 -0.029667
vn 0.048490 0.997722 -0.046893
vn 0.947025 0.317489 0.048410
vn 0.996181 0.061821 -0.061662
vn 0.947049 0.317468 -0.048088
vn -0.911538 0.042470 -0.409016
vn -0.911538 -0.042470 -0.409016
vn -0.409782 0.063309 -0.909984
vn -0.058621 0.090984 -0.994126
vn -0.058621 -0.090984 -0.994126
vn -0.409782 -0.063309 -0.909984
vn -0.040078 0.442203 -0.896019
vn 0.040078 0.442203 -0.896019
vn 0.058621 0.090984 -0.994126
vn -0.032799 0.946429 -0.321241
vn 0.032799 0.946429 -0.321241
vn 0.409780 0.063309 -0.909985
vn 0.409780 -0.063309 -0.909985
vn 0.058621 -0.090984 -0.994126
vn 0.911540 0.042469 -0.409013
vn 0.911540 -0.042469 -0.409013
vn -0.032799 -0.946430 -0.321239
vn 0.032799 -0.946430 -0.321239
vn -0.040078 -0.442202 -0.896020
vn 0.040078 -0.442202 -0.896020
vn -0.879505 -0.279884 0.384885
vn -0.273786 -0.916009 0.293206
vn -0.342031 -0.371176 0.863274
vn 0.273784 -0.916009 0.293205
vn 0.879506 -0.279879 0.384885
vn 0.342030 -0.371176 0.863275
vn -0.273786 0.916010 0.293202
vn -0.879505 0.279883 0.384885
vn -0.342030 0.371175 0.863276
vn 0.879506 0.279880 0.384885
vn 0.273784 0.916010 0.293205
vn 0.342029 0.371175 0.863276
vn -0.341162 0.371249 -0.863587
vn -0.880365 0.279911 -0.382894
vn -0.273454 0.916222 -0.292849
vn 0.880366 0.279909 -0.382893
vn 0.341160 0.371249 -0.863588
vn 0.273453 0.916221 -0.292851
vn -0.273454 -0.916221 -0.292850
vn -0.880365 -0.279910 -0.382894
vn -0.341163 -0.371248 -0.863587
vn 0.880366 -0.279908 -0.382894
vn 0.273453 -0.916222 -0.292851
vn 0.341161 -0.371249 -0.863587
vn 0.079414 -0.996017 0.040546
vn 0.079412 -0.996017 -0.040545
vn 0.500046 -0.865541 -0.028156
vn 0.500112 -0.865504 0.028141
vn 0.977490 -0.209824 0.022068
vn 0.977496 -0.209811 -0.021929
vn 0.999196 0.030321 -0.026224
vn 0.999193 0.030314 0.026368
vn 0.132612 -0.105170 0.985573
vn -0.127186 -0.117778 0.984861
vn -0.059897 -0.503207 0.862087
vn 0.093129 -0.497869 0.862237
vn -0.042184 -0.959730 0.277739
vn -0.082968 -0.995743 0.040151
vn 0.054246 -0.958370 0.280328
vn 0.993926 0.106902 0.026125
vn 0.978221 0.096368 0.183839
vn 0.980990 0.043461 0.189131
vn 0.719969 -0.036228 0.693060
vn 0.731905 0.104576 0.673334
vn 0.115482 0.118274 0.986243
vn -0.998826 0.042113 0.023932
vn -0.998829 0.042116 -0.023800
vn -0.986442 -0.163061 -0.018555
vn -0.986437 -0.163075 0.018671
vn -0.540776 -0.840836 0.023578
vn -0.540712 -0.840877 -0.023588
vn -0.082967 -0.995743 -0.040150
vn -0.120656 0.105503 0.987072
vn -0.755629 0.119405 0.644025
vn -0.760530 -0.010233 0.649223
vn -0.983750 0.056036 0.170576
vn -0.980732 0.096190 0.170039
vn -0.994437 0.102523 0.024166
vn 0.993930 0.106904 -0.025980
vn 0.986442 0.163061 -0.018555
vn 0.986437 0.163075 0.018672
vn 0.540776 0.840836 0.023578
vn 0.540712 0.840877 -0.023588
vn 0.022532 0.999087 -0.036308
vn 0.022532 0.999087 0.036309
vn -0.152565 0.987616 0.036598
vn -0.118211 0.959867 0.254324
vn -0.017422 0.966490 0.256112
vn 0.057813 0.534476 0.843204
vn -0.124761 0.531613 0.837749
vn -0.152562 0.987616 -0.036597
vn -0.540712 0.840877 -0.023588
vn -0.540775 0.840836 0.023578
vn -0.986437 0.163075 0.018671
vn -0.986442 0.163061 -0.018555
vn -0.994441 0.102520 -0.024032
vn 0.981182 0.043518 -0.188119
vn 0.978402 0.096394 -0.182859
vn 0.730973 0.104612 -0.674340
vn 0.719000 -0.036350 -0.694059
vn 0.132579 -0.105157 -0.985579
vn 0.115449 0.118263 -0.986248
vn -0.120623 0.105497 -0.987077
vn -0.124726 0.531595 -0.837765
vn 0.057795 0.534456 -0.843218
vn -0.017381 0.966499 -0.256082
vn -0.118227 0.959874 -0.254293
vn -0.127158 -0.117764 -0.984867
vn -0.759640 -0.010393 -0.650261
vn -0.754747 0.119424 -0.645054
vn -0.980889 0.096186 -0.169129
vn -0.983906 0.056063 -0.169663
vn -0.042210 -0.959738 -0.277708
vn 0.054259 -0.958380 -0.280291
vn 0.093106 -0.497841 -0.862256
vn -0.059882 -0.503198 -0.862094
vn 0.960589 -0.197935 0.195168
vn 0.462299 -0.851455 0.247596
vn 0.599559 -0.358462 0.715566
vn -0.507029 -0.836318 0.208550
vn -0.974572 -0.152897 0.163804
vn -0.670253 -0.358592 0.649748
vn 0.507031 0.836316 0.208554
vn 0.974573 0.152894 0.163805
vn 0.670256 0.358591 0.649746
vn -0.974573 0.152894 0.163804
vn -0.507029 0.836318 0.208553
vn -0.670253 0.358593 0.649748
vn 0.669197 0.359007 -0.650607
vn 0.974753 0.152788 -0.162828
vn 0.506521 0.836677 -0.208344
vn -0.974753 0.152788 -0.162828
vn -0.669195 0.359008 -0.650608
vn -0.506518 0.836680 -0.208343
vn 0.461788 -0.851803 -0.247352
vn 0.960838 -0.197854 -0.194019
vn 0.598447 -0.358725 -0.716365
vn -0.974753 -0.152788 -0.162828
vn -0.506520 -0.836679 -0.208340
vn -0.669194 -0.359008 -0.650610
vn 0.048544 -0.998026 0.039850
vn 0.048543 -0.998026 -0.039849
vn 0.302323 -0.952856 -0.025813
vn 0.302366 -0.952843 0.025780
vn 0.947331 -0.317585 0.041285
vn 0.947351 -0.317561 -0.041014
vn 0.996703 -0.061917 -0.052442
vn 0.996687 -0.061920 0.052731
vn 0.068623 -0.106654 0.991925
vn -0.068623 -0.106654 0.991925
vn -0.046607 -0.501988 0.863618
vn 0.046607 -0.501988 0.863618
vn -0.032257 -0.960389 0.276790
vn -0.048544 -0.998026 0.039850
vn 0.032257 -0.960389 0.276789
vn 0.996687 0.061920 0.052731
vn 0.933015 0.042026 0.357375
vn 0.933015 -0.042026 0.357375
vn 0.468205 -0.073860 0.880528
vn 0.468205 0.073860 0.880528
vn 0.068623 0.106654 0.991925
vn -0.996687 -0.061919 0.052730
vn -0.996703 -0.061917 -0.052442
vn -0.947352 -0.317557 -0.041014
vn -0.947332 -0.317581 0.041285
vn -0.302364 -0.952844 0.025780
vn -0.302322 -0.952856 -0.025814
vn -0.048543 -0.998026 -0.039849
vn -0.068623 0.106654 0.991925
vn -0.468203 0.073859 0.880529
vn -0.468203 -0.073859 0.880529
vn -0.933016 -0.042025 0.357374
vn -0.933015 0.042025 0.357374
vn -0.996687 0.061919 0.052730
vn 0.996703 0.061917 -0.052442
vn 0.947351 0.317561 -0.041014
vn 0.947331 0.317585 0.041285
vn 0.302366 0.952843 0.025780
vn 0.302323 0.952856 -0.025813
vn 0.048543 0.998026 -0.039848
vn 0.048544 0.998026 0.039849
vn -0.048544 0.998026 0.039849
vn -0.032257 0.960390 0.276788
vn 0.032257 0.960390 0.276787
vn 0.046607 0.501987 0.863618
vn -0.046607 0.501987 0.863618
vn -0.048543 0.998026 -0.039848
vn -0.302322 0.952856 -0.025813
vn -0.302364 0.952844 0.025780
vn -0.947332 0.317581 0.041285
vn -0.947352 0.317557 -0.041014
vn -0.996703 0.061917 -0.052442
vn 0.933673 -0.042006 -0.355654
vn 0.933673 0.042006 -0.355654
vn 0.467197 0.073883 -0.881061
vn 0.467197 -0.073883 -0.881061
vn 0.068601 -0.106645 -0.991928
vn 0.068601 0.106644 -0.991928
vn -0.068601 0.106644 -0.991928
vn -0.046593 0.501965 -0.863632
vn 0.046594 0.501965 -0.863632
vn 0.032264 0.960402 -0.276745
vn -0.032264 0.960402 -0.276745
vn -0.068601 -0.106644 -0.991928
vn -0.467195 -0.073883 -0.881062
vn -0.467195 0.073882 -0.881062
vn -0.933674 0.042006 -0.355651
vn -0.933674 -0.042006 -0.355651
vn -0.032264 -0.960401 -0.276747
vn 0.032264 -0.960401 -0.276747
vn 0.046594 -0.501966 -0.863631
vn -0.046594 -0.501966 -0.863631
vn 0.898304 -0.285868 0.333659
vn 0.277135 -0.927222 0.251904
vn 0.384416 -0.417174 0.823523
vn -0.277134 -0.927222 0.251907
vn -0.898306 -0.285862 0.333660
vn -0.384416 -0.417174 0.823523
vn 0.277135 0.927222 0.251904
vn 0.898304 0.285868 0.333661
vn 0.384417 0.417175 0.823522
vn -0.898306 0.285862 0.333660
vn -0.277134 0.927222 0.251907
vn -0.384416 0.417174 0.823523
vn 0.383478 0.417297 -0.823898
vn 0.898983 0.285828 -0.331861
vn 0.276791 0.927409 -0.251592
vn -0.898984 0.285824 -0.331861
vn -0.383476 0.417295 -0.823900
vn -0.276790 0.927410 -0.251593
vn 0.276791 -0.927409 -0.251594
vn 0.898983 -0.285828 -0.331861
vn 0.383478 -0.417297 -0.823898
vn -0.898984 -0.285824 -0.331861
vn -0.276790 -0.927409 -0.251595
vn -0.383476 -0.417296 -0.823900
vn -0.409536 -0.910493 0.057296
vn -0.728534 -0.684007 0.037035
vn -0.728496 -0.684046 -0.037086
vn -0.409537 -0.910493 -0.057294
vn -0.983899 0.172807 0.045605
vn -0.929869 0.362881 0.060501
vn -0.929887 0.362891 -0.060170
vn -0.983909 0.172831 -0.045304
vn -0.088303 -0.040601 0.995266
vn -0.167951 -0.329037 0.929262
vn -0.093279 -0.362709 0.927222
vn 0.025014 -0.083136 0.996224
vn -0.283962 -0.877463 0.386555
vn -0.360686 -0.847828 0.388708
vn -0.294931 -0.953722 0.058563
vn -0.851577 0.341197 0.397997
vn -0.829293 0.391915 0.398342
vn -0.897960 0.435948 0.060145
vn -0.407797 0.132243 0.903445
vn -0.021012 0.097528 0.995011
vn -0.372860 0.209145 0.904010
vn 0.894203 -0.443707 0.059369
vn 0.775752 -0.629388 0.045606
vn 0.775776 -0.629380 -0.045305
vn 0.894222 -0.443713 -0.059045
vn -0.038525 -0.998571 0.037034
vn -0.294933 -0.953722 -0.058562
vn -0.038579 -0.998567 -0.037085
vn 0.365620 -0.219108 0.904607
vn 0.411742 -0.117517 0.903692
vn 0.078065 0.029938 0.996499
vn 0.827286 -0.396632 0.397845
vn 0.935647 -0.347836 0.059783
vn 0.856586 -0.329301 0.397268
vn -0.775751 0.629390 0.045605
vn -0.775775 0.629381 -0.045305
vn -0.897978 0.435955 -0.059818
vn 0.038525 0.998571 0.037034
vn 0.505766 0.860869 0.055729
vn 0.505764 0.860870 -0.055727
vn 0.038580 0.998567 -0.037085
vn 0.487970 0.782824 0.386098
vn 0.554337 0.739959 0.381013
vn 0.605257 0.793855 0.058799
vn 0.170393 0.327528 0.929350
vn 0.245986 0.292107 0.924210
vn 0.728536 0.684005 0.037035
vn 0.728497 0.684044 -0.037085
vn 0.605254 0.793858 -0.058797
vn 0.983899 -0.172809 0.045604
vn 0.935665 -0.347847 -0.059455
vn 0.983909 -0.172833 -0.045304
vn -0.830029 0.392228 -0.396498
vn -0.852306 0.341522 -0.396154
vn -0.371974 0.208771 -0.904461
vn -0.020997 0.097504 -0.995014
vn -0.088276 -0.040601 -0.995268
vn -0.406921 0.131848 -0.903898
vn 0.170366 0.327516 -0.929359
vn 0.245959 0.292100 -0.924220
vn 0.078050 0.029945 -0.996500
vn 0.487956 0.782859 -0.386045
vn 0.554327 0.739996 -0.380957
vn 0.410867 -0.117124 -0.904141
vn 0.364731 -0.218742 -0.905055
vn 0.025000 -0.083128 -0.996225
vn 0.857319 -0.329625 -0.395413
vn 0.828028 -0.396944 -0.395987
vn -0.360708 -0.847844 -0.388652
vn -0.283980 -0.877482 -0.386499
vn -0.167947 -0.329017 -0.929270
vn -0.093282 -0.362688 -0.927230
vn -0.909659 0.171466 0.378312
vn -0.670148 -0.655613 0.347955
vn -0.456471 -0.126694 0.880672
vn -0.055384 -0.935876 0.347948
vn 0.726050 -0.574221 0.378315
vn 0.203743 -0.427675 0.880672
vn 0.055384 0.935876 0.347949
vn -0.726049 0.574226 0.378309
vn -0.203740 0.427674 0.880673
vn 0.909661 -0.171471 0.378304
vn 0.670149 0.655612 0.347955
vn 0.456464 0.126693 0.880676
vn -0.202885 0.427359 -0.881023
vn -0.726800 0.574575 -0.376332
vn 0.055847 0.935992 -0.347564
vn 0.910419 -0.171805 -0.376326
vn 0.455666 0.127134 -0.881026
vn 0.669933 0.656038 -0.347569
vn -0.669934 -0.656036 -0.347570
vn -0.910416 0.171803 -0.376332
vn -0.455670 -0.127134 -0.881023
vn 0.726797 -0.574578 -0.376333
vn -0.055843 -0.935991 -0.347567
vn 0.202886 -0.427362 -0.881022
vn -0.147270 -0.987708 0.052393
vn -0.650755 -0.758568 0.033063
vn -0.650693 -0.758620 -0.033080
vn -0.147268 -0.987708 -0.052392
vn -0.931713 -0.362366 0.024547
vn -0.993339 -0.110846 0.031464
vn -0.993345 -0.110849 -0.031293
vn -0.931720 -0.362356 -0.024408
vn -0.097008 -0.067014 0.993025
vn -0.065924 -0.413840 0.907960
vn 0.046654 -0.414540 0.908835
vn 0.092859 -0.074775 0.992868
vn 0.042156 -0.932749 0.358054
vn -0.101732 -0.927635 0.359366
vn 0.079792 -0.995420 0.052648
vn -0.970694 -0.098199 0.219339
vn -0.975314 0.007001 0.220713
vn -0.999366 -0.006131 0.035066
vn -0.680986 -0.083018 0.727576
vn -0.094265 0.081768 0.992183
vn -0.680421 0.031792 0.732131
vn 0.979545 -0.198775 0.031315
vn 0.923227 -0.383502 0.024032
vn 0.923235 -0.383492 -0.023891
vn 0.979550 -0.198777 -0.031144
vn 0.557542 -0.829490 0.033063
vn 0.079790 -0.995421 -0.052647
vn 0.557474 -0.829535 -0.033080
vn 0.666698 -0.148757 0.730332
vn 0.675003 -0.024345 0.737413
vn 0.107672 0.074282 0.991408
vn 0.958020 -0.185661 0.218468
vn 0.995921 -0.083389 0.034460
vn 0.971876 -0.077117 0.222507
vn -0.986687 0.156542 0.044090
vn -0.991911 0.126786 -0.006085
vn -0.999536 -0.012229 -0.027901
vn -0.613051 0.788977 0.041042
vn -0.111511 0.992354 0.052908
vn -0.108016 0.992589 -0.055677
vn -0.599431 0.800235 -0.017505
vn -0.076779 0.929610 0.360459
vn 0.042925 0.931997 0.359915
vn 0.077354 0.995611 0.052678
vn -0.057836 0.407004 0.911594
vn 0.046698 0.409249 0.911227
vn 0.582740 0.811770 0.037985
vn 0.571746 0.820138 -0.021923
vn 0.075397 0.995573 -0.056122
vn 0.973461 0.224755 0.043123
vn 0.995659 -0.088836 -0.027775
vn 0.980123 0.198270 -0.006937
vn -0.975340 -0.034971 -0.217922
vn -0.970948 -0.098202 -0.218211
vn -0.671501 0.016897 -0.740811
vn -0.089999 0.089697 -0.991894
vn -0.096981 -0.067017 -0.993027
vn -0.679976 -0.082989 -0.728523
vn -0.068096 0.392646 -0.917165
vn 0.056473 0.397688 -0.915781
vn 0.103012 0.082244 -0.991274
vn -0.080341 0.932804 -0.351314
vn 0.056595 0.934134 -0.352407
vn 0.666586 -0.035592 -0.744578
vn 0.665694 -0.148635 -0.731273
vn 0.092833 -0.074773 -0.992870
vn 0.968882 -0.116026 -0.218645
vn 0.958271 -0.185695 -0.217335
vn -0.101753 -0.927652 -0.359317
vn 0.042167 -0.932768 -0.358004
vn -0.065922 -0.413827 -0.907965
vn 0.046650 -0.414524 -0.908842
vn -0.903553 -0.372682 0.211425
vn -0.603723 -0.745209 0.283165
vn -0.622534 -0.424911 0.657193
vn 0.512393 -0.810723 0.283165
vn 0.898361 -0.385660 0.210271
vn 0.582301 -0.431756 0.688848
vn -0.649731 0.705455 0.283166
vn -0.937953 0.266550 0.221800
vn -0.629365 0.340399 0.698590
vn 0.921903 0.317991 0.221306
vn 0.603719 0.745212 0.283164
vn 0.608992 0.369790 0.701701
vn -0.608187 0.206497 -0.766464
vn -0.975700 0.004611 -0.219060
vn -0.529404 0.812183 -0.245133
vn 0.972159 0.084041 -0.218731
vn 0.594480 0.254470 -0.762783
vn 0.507049 0.823199 -0.255432
vn -0.603261 -0.745676 -0.282918
vn -0.903800 -0.372684 -0.210363
vn -0.621518 -0.424938 -0.658136
vn 0.898618 -0.385665 -0.209160
vn 0.511880 -0.811133 -0.282917
vn 0.581241 -0.431742 -0.689752
vn 0.109913 -0.993119 0.040411
vn 0.109918 -0.993119 -0.040410
vn 0.565175 -0.824392 -0.030897
vn 0.565215 -0.824367 0.030852
vn 0.998495 -0.030405 0.045644
vn 0.998509 -0.030380 -0.045343
vn 0.991951 0.108680 -0.064971
vn 0.991927 0.108683 0.065335
vn 0.090595 -0.094693 0.991376
vn -0.052094 -0.103009 0.993315
vn -0.013364 -0.501932 0.864804
vn 0.098319 -0.458651 0.883160
vn -0.002258 -0.960161 0.279440
vn -0.014390 -0.999035 0.041499
vn 0.079351 -0.952783 0.293100
vn 0.969316 0.237233 0.064394
vn 0.876407 0.203594 0.436418
vn 0.899336 0.115816 0.421642
vn 0.404065 0.028330 0.914292
vn 0.357085 0.146637 0.922490
vn 0.053032 0.113386 0.992135
vn -0.926718 -0.373106 0.044569
vn -0.926729 -0.373107 -0.044321
vn -0.843648 -0.535797 -0.034333
vn -0.843627 -0.535816 0.034557
vn -0.065445 -0.997568 0.023988
vn -0.065397 -0.997570 -0.024012
vn -0.014383 -0.999035 -0.041498
vn -0.096069 0.089961 0.991301
vn -0.534471 -0.115107 0.837312
vn -0.486072 -0.247380 0.838175
vn -0.888847 -0.343836 0.302866
vn -0.907614 -0.290957 0.302622
vn -0.954909 -0.293511 0.044729
vn 0.969341 0.237226 -0.064049
vn 0.842823 0.535326 -0.055456
vn 0.842792 0.535336 0.055831
vn 0.065559 0.997168 0.036838
vn 0.065513 0.997169 -0.036903
vn -0.279309 0.959013 -0.047750
vn -0.279309 0.959013 0.047751
vn -0.420136 0.906271 0.046459
vn -0.369504 0.871729 0.321799
vn -0.272468 0.900645 0.338526
vn -0.064009 0.416765 0.906758
vn -0.176070 0.405692 0.896891
vn -0.420136 0.906271 -0.046458
vn -0.698460 0.715246 -0.024012
vn -0.698494 0.715213 0.023988
vn -0.989313 -0.141650 0.034557
vn -0.989317 -0.141677 -0.034333
vn -0.954918 -0.293518 -0.044478
vn 0.900218 0.115914 -0.419728
vn 0.877361 0.203699 -0.434447
vn 0.356198 0.146443 -0.922864
vn 0.403169 0.028108 -0.914694
vn 0.090559 -0.094680 -0.991380
vn 0.052996 0.113356 -0.992140
vn -0.096052 0.089960 -0.991303
vn -0.176075 0.405695 -0.896888
vn -0.064005 0.416700 -0.906788
vn -0.272460 0.900673 -0.338457
vn -0.369530 0.871735 -0.321755
vn -0.052073 -0.103005 -0.993317
vn -0.485068 -0.247083 -0.838844
vn -0.533506 -0.114708 -0.837982
vn -0.908059 -0.291143 -0.301105
vn -0.889311 -0.343970 -0.301348
vn -0.002221 -0.960173 -0.279398
vn 0.079407 -0.952794 -0.293050
vn 0.098328 -0.458595 -0.883189
vn -0.013329 -0.501919 -0.864812
vn 0.929123 -0.014954 0.369467
vn 0.525154 -0.796465 0.299761
vn 0.442493 -0.250441 0.861092
vn -0.046209 -0.972312 0.229071
vn -0.816304 -0.502199 0.285385
vn -0.307814 -0.537203 0.785279
vn 0.044260 0.931229 0.361738
vn 0.764541 0.470359 0.440727
vn 0.214469 0.374292 0.902169
vn -0.946693 -0.149419 0.285389
vn -0.667460 0.708536 0.229070
vn -0.583202 0.207875 0.785279
vn 0.213688 0.374116 -0.902427
vn 0.765554 0.470735 -0.438561
vn 0.043872 0.931405 -0.361331
vn -0.947126 -0.149712 -0.283794
vn -0.582360 0.208477 -0.785745
vn -0.667207 0.708867 -0.228783
vn 0.524876 -0.796781 -0.299408
vn 0.929896 -0.014748 -0.367527
vn 0.441645 -0.250760 -0.861434
vn -0.816826 -0.502253 -0.283793
vn -0.045799 -0.972399 -0.228784
vn -0.306785 -0.537110 -0.785745
vn -0.116866 -0.991691 0.053763
vn -0.509524 -0.859821 0.033063
vn -0.509454 -0.859862 -0.033080
vn -0.116861 -0.991692 -0.053762
vn -0.967596 -0.251525 0.022206
vn -0.992419 -0.118456 0.032755
vn -0.992424 -0.118458 -0.032576
vn -0.967602 -0.251514 -0.022067
vn -0.109296 -0.078653 0.990893
vn -0.073184 -0.407284 0.910365
vn 0.051749 -0.408241 0.911406
vn 0.133686 -0.065914 0.988829
vn 0.028936 -0.934341 0.355202
vn -0.084286 -0.931378 0.354161
vn 0.060728 -0.996722 0.053450
vn -0.967600 -0.102534 0.230730
vn -0.970184 -0.042453 0.238621
vn -0.998779 -0.036259 0.033547
vn -0.645979 -0.091523 0.757848
vn -0.114133 0.064074 0.991397
vn -0.632871 0.022655 0.773925
vn 0.997015 0.071652 0.028745
vn 0.965873 -0.258064 0.022206
vn 0.965879 -0.258053 -0.022067
vn 0.997020 0.071655 -0.028591
vn 0.503695 -0.863249 0.033064
vn 0.060725 -0.996723 -0.053448
vn 0.503625 -0.863289 -0.033080
vn 0.687741 0.019905 0.725684
vn 0.682689 0.141340 0.716909
vn 0.108275 0.081315 0.990790
vn 0.974201 0.089224 0.207297
vn 0.986777 0.159418 0.029262
vn 0.966843 0.151358 0.205681
vn -0.988844 0.146448 0.027221
vn -0.988850 0.146437 -0.027048
vn -0.998785 -0.036266 -0.033364
vn -0.598495 0.800043 0.041644
vn -0.073172 0.995605 0.058455
vn -0.073170 0.995605 -0.058453
vn -0.598429 0.800091 -0.041671
vn -0.042038 0.914819 0.401671
vn 0.115100 0.914465 0.387952
vn 0.164843 0.984520 0.059557
vn -0.083676 0.354274 0.931391
vn 0.062138 0.369822 0.927022
vn 0.509524 0.859821 0.033063
vn 0.509453 0.859862 -0.033079
vn 0.164837 0.984521 -0.059556
vn 0.967596 0.251524 0.022206
vn 0.986783 0.159416 -0.029101
vn 0.967602 0.251513 -0.022067
vn -0.970488 -0.042518 -0.237371
vn -0.967882 -0.102578 -0.229527
vn -0.631817 0.022740 -0.774784
vn -0.114097 0.064069 -0.991402
vn -0.109265 -0.078647 -0.990897
vn -0.644937 -0.091514 -0.758737
vn -0.083677 0.354239 -0.931404
vn 0.062130 0.369815 -0.927026
vn 0.108244 0.081307 -0.990794
vn -0.042047 0.914850 -0.401600
vn 0.115086 0.914491 -0.387894
vn 0.681702 0.141249 -0.717866
vn 0.686730 0.019739 -0.726645
vn 0.133654 -0.065904 -0.988834
vn 0.967072 0.151373 -0.204595
vn 0.974430 0.089253 -0.206202
vn -0.084279 -0.931397 -0.354114
vn 0.028937 -0.934359 -0.355155
vn -0.073173 -0.407266 -0.910373
vn 0.051743 -0.408223 -0.911415
vn -0.949791 -0.239779 0.201003
vn -0.465517 -0.838518 0.283164
vn -0.580437 -0.348027 0.736187
vn 0.459829 -0.841650 0.283167
vn 0.948148 -0.246197 0.201003
vn 0.578065 -0.351946 0.736190
vn -0.540021 0.765926 0.348906
vn -0.958650 0.135070 0.250492
vn -0.534787 0.247085 0.808055
vn 0.949791 0.239780 0.201002
vn 0.465515 0.838519 0.283164
vn 0.580434 0.348026 0.736189
vn -0.533681 0.247240 -0.808738
vn -0.959033 0.135013 -0.249053
vn -0.539562 0.766382 -0.348613
vn 0.950054 0.239728 -0.199821
vn 0.579309 0.348162 -0.737011
vn 0.464977 0.838901 -0.282915
vn -0.464982 -0.838898 -0.282917
vn -0.950053 -0.239731 -0.199822
vn -0.579314 -0.348164 -0.737006
vn 0.948409 -0.246152 -0.199822
vn 0.459291 -0.842026 -0.282919
vn 0.576939 -0.352075 -0.737010
vn 0.015972 -0.999021 0.041266
vn 0.015970 -0.999021 -0.041265
vn 0.357253 -0.933607 -0.027357
vn 0.357308 -0.933587 0.027334
vn 0.958586 -0.283164 0.030514
vn 0.958597 -0.283146 -0.030319
vn 0.994600 -0.096089 -0.039216
vn 0.994591 -0.096092 0.039433
vn 0.086387 -0.106846 0.990516
vn -0.096965 -0.097347 0.990516
vn -0.087554 -0.483479 0.870966
vn 0.037126 -0.489939 0.870966
vn -0.092812 -0.953526 0.286660
vn -0.119120 -0.992022 0.041266
vn -0.006217 -0.958012 0.286660
vn 0.999196 -0.007199 0.039433
vn 0.961603 -0.019341 0.273762
vn 0.958454 -0.080130 0.273762
vn 0.575717 -0.098134 0.811739
vn 0.582776 0.038116 0.811738
vn 0.096965 0.097347 0.990516
vn -0.999196 0.007199 0.039433
vn -0.999205 0.007203 -0.039216
vn -0.982725 -0.182570 -0.030319
vn -0.982716 -0.182589 0.030514
vn -0.451865 -0.891668 0.027334
vn -0.451811 -0.891694 -0.027357
vn -0.119118 -0.992022 -0.041265
vn -0.086387 0.106846 0.990516
vn -0.575715 0.098134 0.811740
vn -0.582773 -0.038117 0.811740
vn -0.961604 0.019341 0.273760
vn -0.958454 0.080129 0.273760
vn -0.994591 0.096091 0.039433
vn 0.999205 -0.007203 -0.039216
vn 0.982725 0.182571 -0.030319
vn 0.982715 0.182591 0.030514
vn 0.451866 0.891667 0.027334
vn 0.451812 0.891693 -0.027357
vn 0.119118 0.992022 -0.041265
vn 0.119120 0.992022 0.041266
vn -0.015972 0.999021 0.041266
vn 0.006217 0.958012 0.286660
vn 0.092812 0.953526 0.286661
vn 0.087554 0.483477 0.870967
vn -0.037125 0.489937 0.870967
vn -0.015970 0.999021 -0.041265
vn -0.357251 0.933608 -0.027357
vn -0.357306 0.933587 0.027334
vn -0.958587 0.283161 0.030514
vn -0.958599 0.283142 -0.030319
vn -0.994600 0.096088 -0.039216
vn 0.958852 -0.080131 -0.272363
vn 0.961999 -0.019381 -0.272363
vn 0.581716 0.038217 -0.812493
vn 0.574653 -0.098124 -0.812493
vn 0.086359 -0.106835 -0.990519
vn 0.096936 0.097339 -0.990519
vn -0.086359 0.106835 -0.990519
vn -0.037111 0.489914 -0.870981
vn 0.087537 0.483456 -0.870981
vn 0.092826 0.953537 -0.286618
vn 0.006205 0.958025 -0.286618
vn -0.096936 -0.097339 -0.990519
vn -0.581714 -0.038218 -0.812495
vn -0.574651 0.098124 -0.812495
vn -0.958852 0.080130 -0.272362
vn -0.962000 0.019381 -0.272362
vn -0.092826 -0.953538 -0.286617
vn -0.006205 -0.958025 -0.286617
vn 0.037111 -0.489916 -0.870979
vn -0.087538 -0.483459 -0.870979
vn 0.929164 -0.262803 0.259980
vn 0.326307 -0.911039 0.252056
vn 0.471110 -0.406570 0.782788
vn -0.418700 -0.872444 0.252056
vn -0.951347 -0.165377 0.259981
vn -0.510599 -0.355711 0.782789
vn 0.418702 0.872443 0.252056
vn 0.951347 0.165377 0.259981
vn 0.510605 0.355710 0.782785
vn -0.929165 0.262800 0.259979
vn -0.326305 0.911040 0.252055
vn -0.471111 0.406571 0.782786
vn 0.509544 0.355980 -0.783354
vn 0.951770 0.165264 -0.258501
vn 0.418287 0.872726 -0.251765
vn -0.929596 0.262731 -0.258501
vn -0.470028 0.406727 -0.783356
vn -0.325864 0.911277 -0.251766
vn 0.325866 -0.911277 -0.251765
vn 0.929595 -0.262738 -0.258499
vn 0.470031 -0.406728 -0.783354
vn -0.951770 -0.165265 -0.258499
vn -0.418286 -0.872727 -0.251765
vn -0.509542 -0.355983 -0.783353
vn 0.409735 -0.910810 0.050431
vn 0.409735 -0.910810 -0.050430
vn 0.728575 -0.684169 -0.033046
vn 0.728613 -0.684130 0.033006
vn 0.984119 0.172859 0.040363
vn 0.984126 0.172882 -0.040099
vn 0.930283 0.363017 -0.052842
vn 0.930270 0.363009 0.053132
vn 0.100247 -0.046078 0.993895
vn -0.028311 -0.094449 0.995127
vn 0.103396 -0.405155 0.908383
vn 0.188366 -0.367097 0.910911
vn 0.289865 -0.892612 0.345284
vn 0.294992 -0.954117 0.051380
vn 0.365979 -0.863421 0.347221
vn 0.898319 0.436152 0.052860
vn 0.845123 0.398663 0.356138
vn 0.867289 0.348133 0.355826
vn 0.452645 0.146033 0.879652
vn 0.413349 0.232705 0.880336
vn 0.023877 0.110634 0.993574
vn -0.894548 -0.443914 0.052196
vn -0.894563 -0.443917 -0.051910
vn -0.775957 -0.629510 -0.040099
vn -0.775935 -0.629520 0.040363
vn 0.038566 -0.998711 0.033005
vn 0.038620 -0.998707 -0.033045
vn 0.294995 -0.954116 -0.051379
vn -0.088706 0.034131 0.995473
vn -0.457087 -0.129526 0.879940
vn -0.405266 -0.243955 0.881048
vn -0.843121 -0.403279 0.355687
vn -0.872283 -0.336126 0.355164
vn -0.936042 -0.347948 0.052510
vn 0.898334 0.436156 -0.052573
vn 0.775957 0.629511 -0.040099
vn 0.775934 0.629521 0.040362
vn -0.038566 0.998711 0.033006
vn -0.038621 0.998707 -0.033045
vn -0.505912 0.861182 -0.049173
vn -0.505914 0.861181 0.049175
vn -0.605539 0.794149 0.051474
vn -0.563289 0.752981 0.340184
vn -0.497693 0.795892 0.344758
vn -0.189457 0.366187 0.911050
vn -0.274965 0.325468 0.904690
vn -0.605535 0.794152 -0.051473
vn -0.728577 0.684167 -0.033045
vn -0.728615 0.684127 0.033005
vn -0.984119 -0.172861 0.040362
vn -0.984126 -0.172884 -0.040098
vn -0.936055 -0.347957 -0.052221
vn 0.867881 0.348403 -0.354117
vn 0.845724 0.398913 -0.354428
vn 0.412414 0.232317 -0.880876
vn 0.451726 0.145612 -0.880194
vn 0.100218 -0.046078 -0.993898
vn 0.023860 0.110608 -0.993578
vn -0.088691 0.034139 -0.995474
vn -0.274935 0.325463 -0.904701
vn -0.189432 0.366174 -0.911061
vn -0.497673 0.795925 -0.344710
vn -0.563278 0.753012 -0.340134
vn -0.028296 -0.094440 -0.995128
vn -0.404325 -0.243576 -0.881585
vn -0.456169 -0.129105 -0.880478
vn -0.872877 -0.336398 -0.353444
vn -0.843727 -0.403526 -0.353965
vn 0.289879 -0.892627 -0.345235
vn 0.366003 -0.863432 -0.347171
vn 0.188359 -0.367077 -0.910920
vn 0.103402 -0.405132 -0.908392
vn 0.925009 0.174362 0.337575
vn 0.679676 -0.664935 0.309679
vn 0.503589 -0.139771 0.852562
vn 0.056171 -0.949186 0.309663
vn -0.738300 -0.583913 0.337577
vn -0.224774 -0.471820 0.852562
vn -0.056171 0.949182 0.309673
vn 0.738302 0.583916 0.337569
vn 0.224771 0.471819 0.852564
vn -0.925012 -0.174364 0.337565
vn -0.679681 0.664935 0.309669
vn -0.503578 0.139771 0.852568
vn 0.223847 0.471513 -0.852976
vn 0.738932 0.584169 -0.335746
vn -0.056639 0.949271 -0.309315
vn -0.925617 -0.174673 -0.335741
vn -0.502745 0.140271 -0.852978
vn -0.679439 0.665345 -0.309320
vn 0.679440 -0.665343 -0.309322
vn 0.925616 0.174668 -0.335747
vn 0.502749 -0.140271 -0.852976
vn -0.738932 -0.584169 -0.335748
vn 0.056635 -0.949270 -0.309321
vn -0.223848 -0.471516 -0.852974
vn 0.086787 -0.995546 0.036817
vn 0.086786 -0.995546 -0.036816
vn 0.437031 -0.899110 -0.024583
vn 0.437087 -0.899084 0.024566
vn 0.978048 -0.206752 0.025986
vn 0.978057 -0.206733 -0.025821
vn 0.999090 -0.026741 -0.033238
vn 0.999084 -0.026744 0.033422
vn 0.109345 -0.112234 0.987647
vn -0.105801 -0.115581 0.987647
vn -0.065082 -0.530958 0.844895
vn 0.081568 -0.528676 0.844895
vn -0.029149 -0.965733 0.257896
vn -0.055774 -0.997764 0.036817
vn 0.059179 -0.964359 0.257896
vn 0.997768 0.057812 0.033422
vn 0.971198 0.043501 0.234270
vn 0.972081 -0.013266 0.234270
vn 0.644137 -0.063659 0.762257
vn 0.641845 0.083667 0.762256
vn 0.105801 0.115581 0.987647
vn -0.997768 -0.057811 0.033422
vn -0.997774 -0.057808 -0.033238
vn -0.971154 -0.237053 -0.025821
vn -0.971145 -0.237071 0.025986
vn -0.408903 -0.912247 0.024566
vn -0.408847 -0.912272 -0.024583
vn -0.055773 -0.997765 -0.036816
vn -0.109345 0.112234 0.987647
vn -0.644135 0.063659 0.762258
vn -0.641843 -0.083667 0.762258
vn -0.971198 -0.043501 0.234268
vn -0.972082 0.013266 0.234268
vn -0.999084 0.026743 0.033422
vn 0.997774 0.057809 -0.033238
vn 0.971152 0.237060 -0.025821
vn 0.971143 0.237078 0.025986
vn 0.408906 0.912246 0.024566
vn 0.408849 0.912271 -0.024583
vn 0.055773 0.997764 -0.036816
vn 0.055774 0.997764 0.036817
vn -0.086787 0.995546 0.036817
vn -0.059179 0.964359 0.257897
vn 0.029149 0.965733 0.257897
vn 0.065082 0.530958 0.844895
vn -0.081568 0.528677 0.844895
vn -0.086786 0.995546 -0.036816
vn -0.437029 0.899111 -0.024583
vn -0.437085 0.899085 0.024566
vn -0.978049 0.206746 0.025986
vn -0.978058 0.206727 -0.025821
vn -0.999090 0.026739 -0.033238
vn 0.972375 -0.013241 -0.233048
vn 0.971493 0.043485 -0.233048
vn 0.640802 0.083715 -0.763128
vn 0.643096 -0.063739 -0.763128
vn 0.109313 -0.112223 -0.987652
vn 0.105768 0.115570 -0.987652
vn -0.109313 0.112223 -0.987652
vn -0.081545 0.528655 -0.844911
vn 0.065059 0.530936 -0.844911
vn 0.029168 0.965742 -0.257860
vn -0.059197 0.964367 -0.257859
vn -0.105768 -0.115570 -0.987652
vn -0.640800 -0.083715 -0.763130
vn -0.643095 0.063740 -0.763129
vn -0.972376 0.013241 -0.233045
vn -0.971493 -0.043485 -0.233045
vn -0.029168 -0.965742 -0.257859
vn 0.059198 -0.964367 -0.257859
vn 0.081545 -0.528655 -0.844911
vn -0.065059 -0.530936 -0.844911
vn 0.955976 -0.191070 0.222714
vn 0.406388 -0.885683 0.224532
vn 0.551714 -0.393481 0.735381
vn -0.378638 -0.897897 0.224533
vn -0.949571 -0.220714 0.222712
vn -0.539204 -0.410454 0.735382
vn 0.378639 0.897896 0.224533
vn 0.949570 0.220717 0.222714
vn 0.539207 0.410456 0.735379
vn -0.955977 0.191067 0.222713
vn -0.406388 0.885683 0.224532
vn -0.551713 0.393483 0.735380
vn 0.538103 0.410731 -0.736033
vn 0.949896 0.220614 -0.221420
vn 0.378185 0.898152 -0.224276
vn -0.956301 0.190952 -0.221420
vn -0.550619 0.393792 -0.736034
vn -0.405940 0.885953 -0.224275
vn 0.405943 -0.885952 -0.224275
vn 0.956300 -0.190952 -0.221421
vn 0.550621 -0.393789 -0.736035
vn -0.949898 -0.220609 -0.221419
vn -0.378183 -0.898153 -0.224275
vn -0.538102 -0.410729 -0.736035
vn -0.068117 -0.997033 0.035842
vn -0.360100 -0.932590 0.024579
vn -0.360048 -0.932609 -0.024602
vn -0.068111 -0.997034 -0.035841
vn -0.958586 -0.283164 0.030514
vn -0.994591 -0.096091 0.039433
vn -0.994600 -0.096088 -0.039216
vn -0.958598 -0.283145 -0.030319
vn -0.302002 -0.115636 0.946268
vn -0.223122 -0.494110 0.840281
vn 0.026061 -0.511101 0.859125
vn 0.005741 -0.108774 0.994050
vn 0.051658 -0.997626 0.045534
vn 0.049947 -0.959634 0.276781
vn -0.053404 -0.960115 0.274459
vn -0.958454 -0.080129 0.273763
vn -0.961603 -0.019341 0.273763
vn -0.999196 -0.007199 0.039433
vn -0.651536 -0.099983 0.752000
vn -0.312334 0.083809 0.946268
vn -0.658380 0.032122 0.752000
vn 0.999196 0.007199 0.039433
vn 0.982715 -0.182591 0.030514
vn 0.982725 -0.182572 -0.030319
vn 0.999205 0.007203 -0.039216
vn 0.454540 -0.890387 0.024579
vn 0.154587 -0.987300 0.036637
vn 0.154583 -0.987300 -0.036635
vn 0.454490 -0.890412 -0.024602
vn 0.271095 -0.088372 0.958488
vn 0.658380 -0.032122 0.752000
vn 0.651535 0.099984 0.752001
vn 0.260512 0.115912 0.958488
vn 0.961603 0.019342 0.273760
vn 0.994591 0.096091 0.039433
vn 0.958454 0.080129 0.273760
vn -0.982715 0.182591 0.030514
vn -0.982725 0.182571 -0.030319
vn -0.999205 -0.007202 -0.039216
vn -0.454541 0.890387 0.024579
vn -0.170780 0.984657 0.035842
vn -0.170774 0.984658 -0.035840
vn -0.454492 0.890411 -0.024602
vn -0.152331 0.949457 0.274456
vn -0.049484 0.959659 0.276778
vn -0.051708 0.997624 0.045534
vn -0.272985 0.468405 0.840284
vn -0.005530 0.108785 0.994050
vn -0.026893 0.511054 0.859128
vn 0.051737 0.997989 0.036636
vn 0.360098 0.932591 0.024579
vn 0.360047 0.932610 -0.024602
vn 0.051733 0.997989 -0.036635
vn 0.958588 0.283158 0.030514
vn 0.994600 0.096088 -0.039216
vn 0.958599 0.283140 -0.030318
vn -0.961999 -0.019381 -0.272364
vn -0.958852 -0.080130 -0.272364
vn -0.657352 0.032235 -0.752894
vn -0.312151 0.083805 -0.946329
vn -0.301820 -0.115613 -0.946329
vn -0.650501 -0.099989 -0.752895
vn -0.272825 0.468389 -0.840344
vn -0.026893 0.511055 -0.859127
vn -0.005530 0.108785 -0.994050
vn -0.152351 0.949475 -0.274385
vn -0.051708 0.997624 -0.045534
vn -0.049484 0.959659 -0.276778
vn 0.260375 0.115892 -0.958527
vn 0.650500 0.099989 -0.752896
vn 0.657351 -0.032234 -0.752895
vn 0.270957 -0.088365 -0.958527
vn 0.958853 0.080130 -0.272362
vn 0.962000 0.019381 -0.272362
vn -0.053421 -0.960134 -0.274388
vn 0.049947 -0.959634 -0.276780
vn 0.051658 -0.997626 -0.045534
vn -0.222965 -0.494077 -0.840342
vn 0.005741 -0.108774 -0.994050
vn 0.026061 -0.511101 -0.859125
vn -0.929165 -0.262798 0.259981
vn -0.352535 -0.901954 0.249397
vn -0.556817 -0.396491 0.729897
vn 0.137044 -0.951631 0.274988
vn 0.443851 -0.860697 0.249395
vn 0.951347 -0.165377 0.259981
vn 0.237556 -0.476629 0.846399
vn 0.594811 -0.336831 0.729894
vn -0.443850 0.860697 0.249397
vn -0.951347 0.165377 0.259981
vn -0.594808 0.336830 0.729896
vn 0.929166 0.262797 0.259979
vn 0.037974 0.960698 0.274986
vn 0.352534 0.901954 0.249396
vn 0.187031 0.498623 0.846401
vn 0.556816 0.396493 0.729896
vn -0.593724 0.337182 -0.730616
vn -0.951769 0.165265 -0.258502
vn -0.443383 0.861024 -0.249096
vn 0.929598 0.262729 -0.258498
vn 0.186915 0.498590 -0.846446
vn 0.555699 0.396724 -0.730622
vn 0.037994 0.960715 -0.274925
vn 0.352037 0.902232 -0.249093
vn -0.352036 -0.902232 -0.249095
vn -0.929596 -0.262732 -0.258501
vn -0.555701 -0.396725 -0.730620
vn 0.951769 -0.165264 -0.258501
vn 0.137066 -0.951645 -0.274926
vn 0.443384 -0.861025 -0.249091
vn 0.237436 -0.476608 -0.846445
vn 0.593723 -0.337181 -0.730618
vn -0.969719 -0.230224 0.081494
vn -0.989916 0.129489 0.057437
vn -0.989916 0.129436 -0.057555
vn -0.969719 -0.230225 -0.081491
vn -0.515531 0.854032 0.069692
vn -0.101496 0.991876 0.076683
vn -0.101487 0.991908 -0.076288
vn -0.515532 0.854071 -0.069206
vn -0.059988 0.053023 0.996790
vn -0.265746 -0.032065 0.963510
vn -0.262916 -0.093626 0.960265
vn -0.040932 -0.064541 0.997075
vn -0.816409 -0.287234 0.500973
vn -0.829744 -0.201961 0.520324
vn -0.933093 -0.349726 0.083835
vn -0.075472 0.852332 0.517526
vn 0.007975 0.869148 0.494487
vn 0.023343 0.996475 0.080583
vn -0.069710 0.304426 0.949982
vn 0.051500 0.060619 0.996832
vn 0.010863 0.339130 0.940677
vn 0.180379 -0.981389 0.065866
vn -0.131824 -0.989959 0.051035
vn -0.131806 -0.989978 -0.050694
vn 0.180387 -0.981412 -0.065514
vn -0.869524 -0.492025 0.042896
vn -0.933095 -0.349721 -0.083833
vn -0.869549 -0.491975 -0.042963
vn 0.042441 -0.379473 0.924229
vn 0.129019 -0.369265 0.920325
vn 0.055495 -0.041181 0.997609
vn 0.177036 -0.880068 0.440612
vn 0.267708 -0.961021 0.069070
vn 0.237146 -0.867350 0.437567
vn 0.131830 0.989958 0.051034
vn 0.131812 0.989978 -0.050694
vn 0.023350 0.996510 -0.080139
vn 0.869522 0.492027 0.042897
vn 0.993476 0.092729 0.066382
vn 0.993476 0.092730 -0.066381
vn 0.869547 0.491978 -0.042963
vn 0.893689 0.062995 0.444242
vn 0.897211 -0.029933 0.440587
vn 0.996608 -0.045332 0.068680
vn 0.315964 0.046998 0.947606
vn 0.324731 -0.031964 0.945266
vn 0.957564 -0.285011 0.042896
vn 0.957577 -0.284957 -0.042963
vn 0.996609 -0.045328 -0.068678
vn 0.349968 -0.935371 0.051035
vn 0.267712 -0.961048 -0.068683
vn 0.349954 -0.935394 -0.050695
vn 0.008014 0.870316 -0.492429
vn -0.075499 0.853610 -0.515413
vn 0.010930 0.338317 -0.940969
vn 0.051495 0.060596 -0.996833
vn -0.059971 0.052993 -0.996792
vn -0.069628 0.303640 -0.950239
vn 0.315944 0.047006 -0.947613
vn 0.324712 -0.031955 -0.945273
vn 0.055493 -0.041167 -0.997610
vn 0.893721 0.063011 -0.444176
vn 0.897245 -0.029913 -0.440519
vn 0.128819 -0.368386 -0.920705
vn 0.042222 -0.378589 -0.924601
vn -0.040932 -0.064522 -0.997077
vn 0.237366 -0.868279 -0.435602
vn 0.177257 -0.881009 -0.438639
vn -0.829796 -0.201983 -0.520232
vn -0.816455 -0.287217 -0.500906
vn -0.265711 -0.032059 -0.963519
vn -0.262915 -0.093619 -0.960266
vn -0.424716 0.722852 0.545070
vn -0.849196 0.093150 0.519798
vn -0.262085 0.181001 0.947919
vn -0.807517 -0.434691 0.398697
vn -0.108831 -0.900270 0.421509
vn -0.227552 -0.356718 0.906076
vn 0.807516 0.434691 0.398699
vn 0.108832 0.900272 0.421506
vn 0.227552 0.356717 0.906076
vn 0.307489 -0.853099 0.421513
vn 0.884303 -0.243002 0.398696
vn 0.301592 -0.296764 0.906076
vn 0.227690 0.355881 -0.906370
vn 0.108773 0.901268 -0.419387
vn 0.807891 0.434375 -0.398285
vn 0.307655 -0.854084 -0.419391
vn 0.301539 -0.295917 -0.906371
vn 0.884597 -0.242611 -0.398281
vn -0.849523 0.092767 -0.519332
vn -0.425346 0.724241 -0.542730
vn -0.261891 0.180366 -0.948093
vn -0.108773 -0.901267 -0.419387
vn -0.807892 -0.434376 -0.398281
vn -0.227688 -0.355879 -0.906371
vn 0.157415 -0.986974 0.033196
vn 0.157415 -0.986974 -0.033196
vn 0.379735 -0.924715 -0.026534
vn 0.379735 -0.924715 0.026534
vn 0.881202 -0.471965 0.027051
vn 0.881202 -0.471965 -0.027051
vn 0.975498 -0.217637 -0.032216
vn 0.975498 -0.217637 0.032216
vn 0.219184 -0.278376 0.935128
vn -0.025226 -0.295650 0.954963
vn -0.033610 -0.371160 0.927961
vn 0.180612 -0.370335 0.911170
vn 0.140889 -0.915025 0.377993
vn 0.017887 -0.918790 0.394341
vn 0.033020 -0.998335 0.047301
vn 0.998616 0.029852 0.043297
vn 0.921145 0.004031 0.389200
vn 0.898099 -0.218448 0.381704
vn 0.345584 -0.252275 0.903841
vn 0.374613 -0.073435 0.924268
vn 0.264456 -0.089669 0.960220
vn -0.975499 -0.217635 0.032216
vn -0.975499 -0.217634 -0.032216
vn -0.881205 -0.471960 -0.027051
vn -0.881205 -0.471960 0.027051
vn -0.293660 -0.955532 0.026897
vn -0.293660 -0.955532 -0.026897
vn -0.133590 -0.990344 -0.037062
vn -0.133590 -0.990344 0.037062
vn -0.102255 -0.271793 0.956908
vn -0.135633 -0.092979 0.986387
vn -0.291368 -0.077328 0.953481
vn -0.266202 -0.251194 0.930612
vn -0.898100 -0.218447 0.381702
vn -0.921147 0.004032 0.389195
vn -0.998616 0.029853 0.043296
vn 0.985388 0.165690 0.039458
vn 0.985388 0.165690 -0.039458
vn 0.922215 0.386226 -0.018683
vn 0.922215 0.386226 0.018683
vn 0.379734 0.924715 0.026534
vn 0.379734 0.924715 -0.026534
vn 0.184962 0.982252 -0.031145
vn 0.184962 0.982252 0.031145
vn 0.087618 0.995138 0.044986
vn 0.096117 0.919374 0.381462
vn 0.191847 0.908253 0.371849
vn 0.251107 0.595928 0.762769
vn 0.097401 0.624559 0.774880
vn 0.039130 0.165389 0.985452
vn 0.277803 0.191909 0.941274
vn -0.155545 0.987199 0.035272
vn -0.155545 0.987199 -0.035272
vn -0.293659 0.955532 -0.026897
vn -0.293659 0.955532 0.026897
vn -0.922218 0.386220 0.018683
vn -0.922218 0.386220 -0.018683
vn -0.985388 0.165689 -0.039458
vn -0.985388 0.165689 0.039458
vn 0.998616 0.029852 -0.043297
vn 0.898099 -0.218448 -0.381704
vn 0.921145 0.004031 -0.389200
vn 0.374613 -0.073435 -0.924268
vn 0.345584 -0.252276 -0.903841
vn 0.219184 -0.278376 -0.935128
vn 0.264456 -0.089669 -0.960220
vn 0.277803 0.191909 -0.941274
vn 0.039130 0.165389 -0.985452
vn 0.097401 0.624559 -0.774880
vn 0.251107 0.595927 -0.762769
vn 0.191847 0.908253 -0.371849
vn 0.096117 0.919374 -0.381462
vn 0.087618 0.995138 -0.044986
vn -0.135633 -0.092979 -0.986387
vn -0.102255 -0.271793 -0.956908
vn -0.266202 -0.251194 -0.930612
vn -0.291368 -0.077328 -0.953481
vn -0.921147 0.004032 -0.389195
vn -0.898101 -0.218446 -0.381702
vn -0.998616 0.029854 -0.043296
vn 0.033020 -0.998335 -0.047301
vn 0.017887 -0.918790 -0.394341
vn 0.140889 -0.915025 -0.377993
vn 0.180612 -0.370335 -0.911170
vn -0.033610 -0.371160 -0.927961
vn -0.025226 -0.295650 -0.954963
vn 0.007662 -0.128742 0.991649
vn 0.007661 -0.128742 -0.991649
vn 0.840994 -0.420872 0.339994
vn 0.323465 -0.882991 0.340144
vn 0.309022 -0.344866 0.886326
vn -0.097330 -0.919078 0.381867
vn -0.242695 -0.908435 0.340361
vn -0.840994 -0.420873 0.339994
vn -0.232020 -0.336345 0.912710
vn -0.070578 -0.358764 0.930756
vn 0.323465 0.882991 0.340144
vn 0.845037 0.423769 0.326086
vn 0.914916 0.147307 0.375805
vn 0.372936 0.183818 0.909467
vn 0.306740 0.571944 0.760783
vn -0.914918 0.147305 0.375801
vn -0.845040 0.423763 0.326086
vn -0.242695 0.908435 0.340360
vn -0.135877 0.916017 0.377427
vn -0.139261 0.601503 0.786639
vn -0.229946 0.579277 0.782025
vn -0.288223 0.181818 0.940144
vn -0.142599 0.183663 0.972591
vn 0.306740 0.571944 -0.760783
vn 0.372936 0.183818 -0.909467
vn 0.914916 0.147307 -0.375805
vn 0.845038 0.423768 -0.326087
vn 0.323465 0.882991 -0.340144
vn -0.845040 0.423763 -0.326086
vn -0.914918 0.147305 -0.375801
vn -0.288223 0.181818 -0.940144
vn -0.229946 0.579277 -0.782025
vn -0.139261 0.601503 -0.786639
vn -0.142599 0.183663 -0.972591
vn -0.135877 0.916016 -0.377428
vn -0.242695 0.908435 -0.340360
vn 0.323465 -0.882991 -0.340144
vn 0.840994 -0.420872 -0.339994
vn 0.309022 -0.344866 -0.886326
vn -0.840994 -0.420873 -0.339994
vn -0.242695 -0.908435 -0.340361
vn -0.097330 -0.919078 -0.381867
vn -0.070578 -0.358764 -0.930756
vn -0.232020 -0.336345 -0.912710
vn 0.016233 -0.290424 0.956760
vn 0.019811 -0.362390 0.931816
vn -0.005266 -0.129563 0.991557
vn -0.069281 0.616619 0.784207
vn -0.035687 0.170319 0.984743
vn -0.061340 0.997259 0.041370
vn -0.068853 0.918009 0.390536
vn -0.061340 0.997259 -0.041370
vn -0.068853 0.918009 -0.390536
vn -0.035687 0.170318 -0.984743
vn -0.069281 0.616619 -0.784207
vn 0.016234 -0.290424 -0.956760
vn -0.005266 -0.129563 -0.991557
vn 0.019811 -0.362390 -0.931816
vn -0.023845 -0.998777 -0.043315
vn -0.012227 -0.915058 -0.403137
vn -0.023845 -0.998777 0.043315
vn -0.012227 -0.915058 0.403137
vn -0.037641 -0.298980 0.953517
vn -0.032300 -0.361959 0.931634
vn -0.042836 -0.146029 0.988353
vn -0.029301 0.624345 0.780599
vn -0.040165 0.175517 0.983657
vn 0.008572 0.999191 0.039304
vn -0.004226 0.922661 0.385589
vn 0.008572 0.999191 -0.039304
vn -0.004226 0.922661 -0.385589
vn -0.040165 0.175517 -0.983657
vn -0.029301 0.624345 -0.780599
vn -0.037641 -0.298980 -0.953517
vn -0.042836 -0.146028 -0.988353
vn -0.032300 -0.361959 -0.931634
vn 0.007356 -0.999221 -0.038776
vn -0.007427 -0.915854 -0.401443
vn 0.007356 -0.999221 0.038776
vn -0.007427 -0.915854 0.401443
vn -0.878275 -0.475323 0.051968
vn -0.998047 -0.050067 0.037368
vn -0.998042 -0.050108 -0.037447
vn -0.878277 -0.475319 -0.051967
vn -0.628449 0.775131 0.064994
vn -0.501982 0.859792 0.093655
vn -0.502012 0.859831 -0.093136
vn -0.628445 0.775171 -0.064551
vn -0.098214 0.010244 0.995113
vn -0.348841 -0.151306 0.924887
vn -0.331242 -0.235889 0.913584
vn -0.044219 -0.074672 0.996227
vn -0.772452 -0.527387 0.353808
vn -0.807381 -0.459675 0.369911
vn -0.818617 -0.571771 0.054266
vn -0.406726 0.727510 0.552542
vn -0.315376 0.758386 0.570428
vn -0.373414 0.923264 0.090250
vn -0.158810 0.250443 0.955017
vn 0.049923 0.079656 0.995572
vn -0.062352 0.274178 0.959656
vn 0.224128 -0.972476 0.063694
vn 0.025725 -0.998461 0.049131
vn 0.025754 -0.998476 -0.048802
vn 0.224137 -0.972497 -0.063338
vn -0.791608 -0.610314 0.029555
vn -0.818620 -0.571766 -0.054265
vn -0.791633 -0.610279 -0.029602
vn 0.057114 -0.411325 0.909698
vn 0.165821 -0.380551 0.909772
vn 0.099870 -0.015400 0.994881
vn 0.215374 -0.884704 0.413415
vn 0.313634 -0.947397 0.063815
vn 0.276246 -0.867594 0.413485
vn -0.025640 0.996494 0.079636
vn -0.025668 0.996538 -0.079083
vn -0.373443 0.923299 -0.089773
vn 0.791081 0.610126 0.044022
vn 0.941213 0.332175 0.061463
vn 0.941213 0.332176 -0.061461
vn 0.791102 0.610091 -0.044132
vn 0.856886 0.295655 0.422297
vn 0.891040 0.209755 0.402555
vn 0.977749 0.201081 0.059780
vn 0.303601 0.148870 0.941097
vn 0.346585 0.079626 0.934633
vn 0.993430 -0.110483 0.029851
vn 0.993433 -0.110439 -0.029899
vn 0.977749 0.201081 -0.059778
vn 0.472007 -0.880221 0.049196
vn 0.313638 -0.947420 -0.063458
vn 0.471989 -0.880249 -0.048869
vn -0.316056 0.759714 -0.568281
vn -0.407421 0.728728 -0.550421
vn -0.062074 0.273522 -0.959861
vn 0.049919 0.079621 -0.995574
vn -0.098191 0.010229 -0.995115
vn -0.158530 0.249768 -0.955241
vn 0.303551 0.148843 -0.941118
vn 0.346591 0.079620 -0.934631
vn 0.099862 -0.015390 -0.994882
vn 0.856922 0.295675 -0.422210
vn 0.891066 0.209747 -0.402501
vn 0.165596 -0.379640 -0.910193
vn 0.056835 -0.410428 -0.910120
vn -0.044226 -0.074657 -0.996228
vn 0.276463 -0.868429 -0.411581
vn 0.215628 -0.885530 -0.411512
vn -0.807423 -0.459653 -0.369849
vn -0.772489 -0.527368 -0.353758
vn -0.348805 -0.151269 -0.924907
vn -0.331246 -0.235865 -0.913589
vn -0.537914 0.685003 0.491345
vn -0.923158 -0.061867 0.379411
vn -0.369807 0.149435 0.917013
vn -0.766698 -0.570951 0.293579
vn 0.038050 -0.920372 0.389188
vn -0.231807 -0.445522 0.864740
vn 0.715526 0.532846 0.451771
vn -0.033889 0.819831 0.571602
vn 0.153342 0.294716 0.943201
vn 0.421960 -0.817672 0.391615
vn 0.950779 -0.089305 0.296722
vn 0.420284 -0.262853 0.868487
vn 0.153552 0.294138 -0.943348
vn -0.034167 0.821444 -0.569265
vn 0.715930 0.532712 -0.451289
vn 0.422142 -0.818544 -0.389591
vn 0.420210 -0.261982 -0.868786
vn 0.950926 -0.088935 -0.296361
vn -0.923309 -0.062239 -0.378982
vn -0.538524 0.686142 -0.489082
vn -0.369575 0.148756 -0.917216
vn 0.038319 -0.921209 -0.387176
vn -0.767008 -0.570717 -0.293225
vn -0.232167 -0.444732 -0.865050
vn -0.047791 -0.997498 0.052093
vn -0.275764 -0.960555 0.035893
vn -0.275721 -0.960565 -0.035959
vn -0.047787 -0.997498 -0.052091
vn -0.886968 -0.457117 0.065820
vn -0.986561 -0.134195 0.093219
vn -0.986597 -0.134198 -0.092829
vn -0.886999 -0.457111 -0.065432
vn -0.187679 -0.080772 0.978904
vn -0.139428 -0.369192 0.918835
vn 0.003118 -0.381519 0.924356
vn -0.013805 -0.077923 0.996864
vn 0.050037 -0.996736 0.063347
vn 0.042136 -0.922331 0.384096
vn -0.047874 -0.922405 0.383247
vn -0.820317 -0.092081 0.564448
vn -0.825080 0.006148 0.564983
vn -0.995165 0.031894 0.092891
vn -0.385160 -0.070213 0.920175
vn -0.195021 0.060946 0.978904
vn -0.390354 0.030037 0.920175
vn 0.997325 -0.005027 0.072926
vn 0.968259 -0.243541 0.056230
vn 0.968286 -0.243522 -0.055852
vn 0.997354 -0.005024 -0.072529
vn 0.379065 -0.924787 0.032861
vn 0.130408 -0.989947 0.054769
vn 0.130404 -0.989947 -0.054766
vn 0.379027 -0.924800 -0.032923
vn 0.156979 -0.065224 0.985446
vn 0.474981 -0.025995 0.879612
vn 0.469752 0.074938 0.879612
vn 0.149399 0.081096 0.985446
vn 0.883309 0.006606 0.468744
vn 0.991466 0.108059 0.072926
vn 0.879263 0.084706 0.468744
vn -0.927306 0.368343 0.066540
vn -0.927337 0.368335 -0.066150
vn -0.995202 0.031894 -0.092502
vn -0.373549 0.926916 0.035893
vn -0.150610 0.987220 0.052093
vn -0.150606 0.987221 -0.052091
vn -0.373507 0.926930 -0.035959
vn -0.142933 0.912519 0.383249
vn -0.053398 0.921750 0.384092
vn -0.053228 0.996571 0.063346
vn -0.176833 0.352809 0.918834
vn -0.021783 0.076079 0.996864
vn -0.036323 0.379799 0.924356
vn 0.027413 0.998123 0.054767
vn 0.281472 0.959007 0.032861
vn 0.281433 0.959016 -0.032923
vn 0.027410 0.998123 -0.054765
vn 0.937910 0.342291 0.056230
vn 0.991495 0.108059 -0.072529
vn 0.937938 0.342275 -0.055852
vn -0.826206 0.006111 -0.563335
vn -0.821441 -0.092162 -0.562797
vn -0.389445 0.030093 -0.920558
vn -0.194890 0.060942 -0.978930
vn -0.187549 -0.080755 -0.978930
vn -0.384250 -0.070175 -0.920558
vn -0.176739 0.352778 -0.918864
vn -0.036323 0.379799 -0.924356
vn -0.021783 0.076079 -0.996864
vn -0.142921 0.912565 -0.383143
vn -0.053228 0.996571 -0.063346
vn -0.053398 0.921749 -0.384092
vn 0.149317 0.081082 -0.985459
vn 0.468738 0.074902 -0.880156
vn 0.473969 -0.026063 -0.880156
vn 0.156896 -0.065218 -0.985459
vn 0.880334 0.084764 -0.466720
vn 0.884380 0.006659 -0.466720
vn -0.047856 -0.922449 -0.383141
vn 0.042136 -0.922331 -0.384096
vn 0.050037 -0.996736 -0.063347
vn -0.139338 -0.369152 -0.918864
vn -0.013805 -0.077923 -0.996864
vn 0.003118 -0.381520 -0.924356
vn -0.792644 -0.352965 0.497123
vn -0.249384 -0.897914 0.362709
vn -0.318477 -0.320000 0.892285
vn 0.118283 -0.916895 0.381199
vn 0.372092 -0.855546 0.359985
vn 0.872307 -0.206135 0.443384
vn 0.143085 -0.364310 0.920220
vn 0.437875 -0.280195 0.854258
vn -0.340836 0.867336 0.362710
vn -0.822907 0.271533 0.499094
vn -0.349841 0.285378 0.892284
vn 0.846337 0.295170 0.443383
vn 0.022902 0.924213 0.381191
vn 0.281689 0.889418 0.359981
vn 0.104673 0.377146 0.920220
vn 0.406578 0.323946 0.854256
vn -0.348988 0.285471 -0.892588
vn -0.823999 0.271689 -0.497203
vn -0.340505 0.867642 -0.362289
vn 0.847415 0.295323 -0.441217
vn 0.104616 0.377111 -0.920240
vn 0.405572 0.323984 -0.854720
vn 0.022905 0.924250 -0.381101
vn 0.281260 0.889740 -0.359521
vn -0.249024 -0.898184 -0.362289
vn -0.793716 -0.353230 -0.495220
vn -0.317620 -0.320005 -0.892589
vn 0.873395 -0.206175 -0.441218
vn 0.118289 -0.916932 -0.381109
vn 0.371698 -0.855909 -0.359527
vn 0.143025 -0.364283 -0.920240
vn 0.436881 -0.280340 -0.854719
vn -0.086787 -0.995546 0.036817
vn -0.437087 -0.899084 0.024566
vn -0.437031 -0.899110 -0.024583
vn -0.086786 -0.995546 -0.036816
vn -0.978049 -0.206749 0.025986
vn -0.999084 -0.026743 0.033422
vn -0.999090 -0.026740 -0.033238
vn -0.978057 -0.206730 -0.025821
vn -0.109345 -0.112234 0.987647
vn -0.081568 -0.528677 0.844895
vn 0.065082 -0.530958 0.844895
vn 0.105801 -0.115581 0.987647
vn 0.029149 -0.965733 0.257897
vn -0.059179 -0.964359 0.257897
vn 0.055774 -0.997764 0.036817
vn -0.972081 -0.013266 0.234268
vn -0.971198 0.043501 0.234268
vn -0.997768 0.057812 0.033422
vn -0.644136 -0.063659 0.762257
vn -0.105801 0.115581 0.987647
vn -0.641844 0.083667 0.762257
vn 0.997768 -0.057811 0.033422
vn 0.971144 -0.237073 0.025986
vn 0.971153 -0.237054 -0.025821
vn 0.997774 -0.057808 -0.033238
vn 0.408903 -0.912247 0.024566
vn 0.055773 -0.997765 -0.036816
vn 0.408847 -0.912272 -0.024583
vn 0.641843 -0.083667 0.762258
vn 0.644135 0.063659 0.762258
vn 0.109345 0.112234 0.987647
vn 0.971199 -0.043501 0.234267
vn 0.999084 0.026743 0.033422
vn 0.972082 0.013266 0.234267
vn -0.971144 0.237076 0.025986
vn -0.971153 0.237057 -0.025821
vn -0.997774 0.057809 -0.033238
vn -0.408905 0.912247 0.024566
vn -0.055774 0.997764 0.036817
vn -0.055773 0.997764 -0.036816
vn -0.408848 0.912271 -0.024583
vn -0.029149 0.965733 0.257897
vn 0.059179 0.964359 0.257897
vn 0.086787 0.995546 0.036817
vn -0.065082 0.530958 0.844895
vn 0.081568 0.528676 0.844895
vn 0.437085 0.899085 0.024566
vn 0.437029 0.899111 -0.024583
vn 0.086786 0.995547 -0.036816
vn 0.978049 0.206748 0.025986
vn 0.999090 0.026740 -0.033238
vn 0.978057 0.206729 -0.025821
vn -0.971493 0.043485 -0.233047
vn -0.972375 -0.013240 -0.233047
vn -0.640802 0.083715 -0.763128
vn -0.105768 0.115570 -0.987652
vn -0.109313 -0.112223 -0.987652
vn -0.643097 -0.063739 -0.763128
vn -0.065059 0.530935 -0.844911
vn 0.081545 0.528655 -0.844911
vn 0.109313 0.112223 -0.987652
vn -0.029168 0.965742 -0.257859
vn 0.059198 0.964367 -0.257859
vn 0.643095 0.063740 -0.763129
vn 0.640800 -0.083715 -0.763130
vn 0.105768 -0.115570 -0.987652
vn 0.972376 0.013241 -0.233045
vn 0.971493 -0.043485 -0.233045
vn -0.059198 -0.964367 -0.257859
vn 0.029168 -0.965742 -0.257859
vn -0.081545 -0.528655 -0.844911
vn 0.065059 -0.530936 -0.844911
vn -0.955977 -0.191068 0.222714
vn -0.406388 -0.885683 0.224532
vn -0.551714 -0.393483 0.735379
vn 0.378638 -0.897897 0.224533
vn 0.949571 -0.220714 0.222712
vn 0.539204 -0.410455 0.735381
vn -0.378639 0.897896 0.224533
vn -0.949570 0.220717 0.222713
vn -0.539205 0.410455 0.735380
vn 0.955977 0.191069 0.222712
vn 0.406387 0.885684 0.224531
vn 0.551712 0.393482 0.735381
vn -0.538103 0.410728 -0.736035
vn -0.949897 0.220609 -0.221420
vn -0.378184 0.898152 -0.224275
vn 0.956300 0.190955 -0.221420
vn 0.550619 0.393793 -0.736034
vn 0.405942 0.885953 -0.224275
vn -0.405941 -0.885953 -0.224275
vn -0.956301 -0.190949 -0.221421
vn -0.550620 -0.393793 -0.736033
vn 0.949897 -0.220611 -0.221419
vn 0.378185 -0.898152 -0.224275
vn 0.538101 -0.410731 -0.736035
s 1
g stone16
usemtl lambert1SG
f 2/1/1 1/25/2 37/54/3 42/21/4
s 2
f 1/26/5 6/22/6 38/8/7 37/53/8
s 3
f 4/2/9 3/27/10 11/34/11 10/16/12
s 1
f 11/33/13 3/28/14 2/1/1 12/3/15
s 2
f 6/22/6 5/29/16 57/97/17 58/99/18
s 3
f 5/88/19 4/2/9 68/112/20 57/98/21
s 4
f 8/4/22 7/30/23 43/59/24 48/12/25
s 1
f 7/31/26 12/3/15 44/13/27 43/58/28
s 3
f 10/16/12 9/32/29 66/109/30 67/111/31
s 4
f 9/85/32 8/4/22 65/108/33 66/110/34
s 2
f 14/23/35 13/35/36 27/46/37 26/24/38
s 6
f 13/36/39 18/17/40 28/9/41 27/45/42
f 18/17/40 17/38/43 21/41/44 20/18/45
s 3
f 17/96/46 16/5/47 22/6/48 21/90/49
s 6
f 20/18/45 19/39/50 35/52/51 34/10/52
s 4
f 19/40/53 24/7/54 36/11/55 35/51/56
s 2
f 59/100/57 60/101/58 39/56/59 38/8/7
s 10
f 60/102/60 61/103/61 40/14/62 39/55/63
f 30/19/64 29/47/65 33/50/66 32/20/67
s 6
f 29/80/68 28/9/41 34/10/52 33/77/69
s 10
f 62/104/70 63/105/71 47/62/72 46/15/73
s 4
f 63/106/74 64/107/75 48/12/25 47/61/76
s 1
f 42/21/4 41/57/77 45/60/78 44/13/27
s 10
f 41/93/79 40/14/62 46/15/73 45/89/80
s 3
f 67/111/31 68/112/20 4/2/9 10/16/12
s 6
f 28/9/41 18/17/40 20/18/45 34/10/52
s 10
f 40/14/62 61/103/61 62/104/70 46/15/73
s 1
f 2/1/1 42/21/4 44/13/27 12/3/15
s 4
f 8/4/22 48/12/25 64/107/75 65/108/33
s 2
f 38/8/7 6/22/6 58/99/18 59/100/57
f 5/29/16 6/22/6 1/26/5 49/64/81
s 1
f 1/25/2 2/1/1 3/28/14 49/63/82
s 3
f 3/27/10 4/2/9 5/88/19 49/87/83
s 1
f 11/33/13 12/3/15 7/31/26 50/66/84
s 4
f 7/30/23 8/4/22 9/85/32 50/65/85
s 3
f 9/32/29 10/16/12 11/34/11 50/86/86
s 6
f 17/38/43 18/17/40 13/36/39 51/84/87
s 2
f 13/35/36 14/23/35 15/83/88 51/67/89
s 3
f 15/37/90 16/5/47 17/96/46 51/95/91
s 4
f 23/42/92 24/7/54 19/40/53 52/81/93
s 6
f 19/39/50 20/18/45 21/41/44 52/68/94
s 3
f 21/90/49 22/6/48 23/82/95 52/94/96
s 10
f 29/47/65 30/19/64 25/44/97 53/70/98
s 2
f 25/43/99 26/24/38 27/46/37 53/69/100
s 6
f 27/45/42 28/9/41 29/80/68 53/79/101
s 4
f 35/51/56 36/11/55 31/49/102 54/72/103
s 10
f 31/48/104 32/20/67 33/50/66 54/71/105
s 6
f 33/77/69 34/10/52 35/52/51 54/78/106
s 1
f 41/57/77 42/21/4 37/54/3 55/74/107
s 2
f 37/53/8 38/8/7 39/56/59 55/73/108
s 10
f 39/55/63 40/14/62 41/93/79 55/92/109
s 4
f 47/61/76 48/12/25 43/59/24 56/76/110
s 1
f 43/58/28 44/13/27 45/60/78 56/75/111
s 10
f 45/89/80 46/15/73 47/62/72 56/91/112
s 2
f 58/99/18 57/97/17 15/83/88 14/23/35
f 59/100/57 58/99/18 14/23/35 26/24/38
f 26/24/38 25/43/99 60/101/58 59/100/57
s 10
f 25/44/97 30/19/64 61/103/61 60/102/60
f 62/104/70 61/103/61 30/19/64 32/20/67
f 32/20/67 31/48/104 63/105/71 62/104/70
s 4
f 31/49/102 36/11/55 64/107/75 63/106/74
f 65/108/33 64/107/75 36/11/55 24/7/54
f 66/110/34 65/108/33 24/7/54 23/42/92
s 3
f 67/111/31 66/109/30 23/82/95 22/6/48
f 16/5/47 68/112/20 67/111/31 22/6/48
f 57/98/21 68/112/20 16/5/47 15/37/90
s 14
f 70/113/113 69/114/114 105/115/115 110/116/116
s 15
f 69/117/117 74/118/118 106/119/119 105/120/120
s 16
f 72/121/121 71/122/122 79/123/123 78/124/124
s 14
f 79/125/125 71/126/126 70/113/113 80/127/127
s 15
f 74/118/118 73/128/128 83/129/129 82/130/130
s 16
f 73/131/131 72/121/121 84/132/132 83/133/133
s 17
f 76/134/134 75/135/135 111/136/136 116/137/137
s 14
f 75/138/138 80/127/127 112/139/139 111/140/140
s 16
f 78/124/124 77/141/141 91/142/142 90/143/143
s 17
f 77/144/144 76/134/134 92/145/145 91/146/146
s 15
f 82/130/130 81/147/147 95/148/148 94/149/149
s 18
f 81/150/150 86/151/151 96/152/152 95/153/153
f 86/151/151 85/154/154 89/155/155 88/156/156
s 16
f 85/157/157 84/132/132 90/143/143 89/158/158
s 18
f 88/156/156 87/159/159 103/160/160 102/161/161
s 17
f 87/162/162 92/145/145 104/163/163 103/164/164
s 15
f 94/149/149 93/165/165 107/166/166 106/119/119
s 19
f 93/167/167 98/168/168 108/169/169 107/170/170
f 98/168/168 97/171/171 101/172/172 100/173/173
s 18
f 97/174/174 96/152/152 102/161/161 101/175/175
s 19
f 100/173/173 99/176/176 115/177/177 114/178/178
s 17
f 99/179/179 104/163/163 116/137/137 115/180/180
s 14
f 110/116/116 109/181/181 113/182/182 112/139/139
s 19
f 109/183/183 108/169/169 114/178/178 113/184/184
s 16
f 84/132/132 72/121/121 78/124/124 90/143/143
s 18
f 96/152/152 86/151/151 88/156/156 102/161/161
s 19
f 108/169/169 98/168/168 100/173/173 114/178/178
s 14
f 70/113/113 110/116/116 112/139/139 80/127/127
s 17
f 76/134/134 116/137/137 104/163/163 92/145/145
s 15
f 106/119/119 74/118/118 82/130/130 94/149/149
f 73/128/128 74/118/118 69/117/117 117/185/185
s 14
f 69/114/114 70/113/113 71/126/126 117/186/186
s 16
f 71/122/122 72/121/121 73/131/131 117/187/187
s 14
f 79/125/125 80/127/127 75/138/138 118/188/188
s 17
f 75/135/135 76/134/134 77/144/144 118/189/189
s 16
f 77/141/141 78/124/124 79/123/123 118/190/190
s 18
f 85/154/154 86/151/151 81/150/150 119/191/191
s 15
f 81/147/147 82/130/130 83/129/129 119/192/192
s 16
f 83/133/133 84/132/132 85/157/157 119/193/193
s 17
f 91/146/146 92/145/145 87/162/162 120/194/194
s 18
f 87/159/159 88/156/156 89/155/155 120/195/195
s 16
f 89/158/158 90/143/143 91/142/142 120/196/196
s 19
f 97/171/171 98/168/168 93/167/167 121/197/197
s 15
f 93/165/165 94/149/149 95/148/148 121/198/198
s 18
f 95/153/153 96/152/152 97/174/174 121/199/199
s 17
f 103/164/164 104/163/163 99/179/179 122/200/200
s 19
f 99/176/176 100/173/173 101/172/172 122/201/201
s 18
f 101/175/175 102/161/161 103/160/160 122/202/202
s 14
f 109/181/181 110/116/116 105/115/115 123/203/203
s 15
f 105/120/120 106/119/119 107/166/166 123/204/204
s 19
f 107/170/170 108/169/169 109/183/183 123/205/205
s 17
f 115/180/180 116/137/137 111/136/136 124/206/206
s 14
f 111/140/140 112/139/139 113/182/182 124/207/207
s 19
f 113/184/184 114/178/178 115/177/177 124/208/208
s 20
usemtl pasted__lambert1SG
f 126/209/209 166/212/210 161/211/211 125/210/212
s 21
f 125/213/213 161/216/214 162/215/215 130/214/216
s 22
f 128/217/217 134/220/218 135/219/219 127/218/220
s 20
f 135/221/221 136/223/222 126/209/209 127/222/223
s 21
f 130/214/216 182/226/224 181/225/225 129/224/226
s 22
f 129/227/227 181/229/228 192/228/229 128/217/217
s 25
f 132/230/230 172/233/231 167/232/232 131/231/233
s 20
f 131/234/234 167/236/235 168/235/236 136/223/222
s 22
f 134/220/218 191/239/237 190/238/238 133/237/239
s 25
f 133/240/240 190/242/241 189/241/242 132/230/230
s 21
f 138/243/243 150/246/244 151/245/245 137/244/246
s 29
f 137/247/247 151/250/248 152/249/249 142/248/250
f 142/248/250 144/253/251 145/252/252 141/251/253
s 22
f 141/254/254 145/257/255 146/256/256 140/255/257
s 29
f 144/253/251 158/260/258 159/259/259 143/258/260
s 25
f 143/261/261 159/264/262 160/263/263 148/262/264
s 21
f 183/265/265 162/215/215 163/267/266 184/266/267
s 32
f 184/268/268 163/271/269 164/270/270 185/269/271
f 154/272/272 156/275/273 157/274/274 153/273/275
s 29
f 153/276/276 157/277/277 158/260/258 152/249/249
s 32
f 186/278/278 170/281/279 171/280/280 187/279/281
s 25
f 187/282/282 171/284/283 172/233/231 188/283/284
s 20
f 166/212/210 168/235/236 169/286/285 165/285/286
s 32
f 165/287/287 169/288/288 170/281/279 164/270/270
s 22
f 191/239/237 134/220/218 128/217/217 192/228/229
s 29
f 152/249/249 158/260/258 144/253/251 142/248/250
s 32
f 164/270/270 170/281/279 186/278/278 185/269/271
s 20
f 126/209/209 136/223/222 168/235/236 166/212/210
s 25
f 132/230/230 189/241/242 188/283/284 172/233/231
s 21
f 162/215/215 183/265/265 182/226/224 130/214/216
f 129/224/226 173/289/289 125/213/213 130/214/216
s 20
f 125/210/212 173/290/290 127/222/223 126/209/209
s 22
f 127/218/220 173/291/291 129/227/227 128/217/217
s 20
f 135/221/221 174/292/292 131/234/234 136/223/222
s 25
f 131/231/233 174/293/293 133/240/240 132/230/230
s 22
f 133/237/239 174/294/294 135/219/219 134/220/218
s 29
f 141/251/253 175/295/295 137/247/247 142/248/250
s 21
f 137/244/246 175/297/296 139/296/297 138/243/243
s 22
f 139/298/298 175/299/299 141/254/254 140/255/257
s 25
f 147/300/300 176/301/301 143/261/261 148/262/264
s 29
f 143/258/260 176/302/302 145/252/252 144/253/251
s 22
f 145/257/255 176/304/303 147/303/304 146/256/256
s 32
f 153/273/275 177/306/305 149/305/306 154/272/272
s 21
f 149/307/307 177/308/308 151/245/245 150/246/244
s 29
f 151/250/248 177/309/309 153/276/276 152/249/249
s 25
f 159/264/262 178/311/310 155/310/311 160/263/263
s 32
f 155/312/312 178/313/313 157/274/274 156/275/273
s 29
f 157/277/277 178/314/314 159/259/259 158/260/258
s 20
f 165/285/286 179/315/315 161/211/211 166/212/210
s 21
f 161/216/214 179/316/316 163/267/266 162/215/215
s 32
f 163/271/269 179/317/317 165/287/287 164/270/270
s 25
f 171/284/283 180/318/318 167/232/232 172/233/231
s 20
f 167/236/235 180/319/319 169/286/285 168/235/236
s 32
f 169/288/288 180/320/320 171/280/280 170/281/279
s 21
f 182/226/224 138/243/243 139/296/297 181/225/225
f 183/265/265 150/246/244 138/243/243 182/226/224
f 150/246/244 183/265/265 184/266/267 149/307/307
s 32
f 149/305/306 184/268/268 185/269/271 154/272/272
f 186/278/278 156/275/273 154/272/272 185/269/271
f 156/275/273 186/278/278 187/279/281 155/312/312
s 25
f 155/310/311 187/282/282 188/283/284 160/263/263
f 189/241/242 148/262/264 160/263/263 188/283/284
f 190/242/241 147/300/300 148/262/264 189/241/242
s 22
f 191/239/237 146/256/256 147/303/304 190/238/238
f 140/255/257 146/256/256 191/239/237 192/228/229
f 181/229/228 139/298/298 140/255/257 192/228/229
s 34
f 194/321/321 234/324/322 229/323/323 193/322/324
s 35
f 193/325/325 229/328/326 230/327/327 198/326/328
s 36
f 196/329/329 202/332/330 203/331/331 195/330/332
s 34
f 203/333/333 204/335/334 194/321/321 195/334/335
s 35
f 198/326/328 206/338/336 207/337/337 197/336/338
s 36
f 197/339/339 207/341/340 208/340/341 196/329/329
s 39
f 200/342/342 240/345/343 235/344/344 199/343/345
s 34
f 199/346/346 235/348/347 236/347/348 204/335/334
s 36
f 202/332/330 214/351/349 215/350/350 201/349/351
s 39
f 201/352/352 215/354/353 216/353/354 200/342/342
s 35
f 206/338/336 218/357/355 219/356/356 205/355/357
s 42
f 205/358/358 219/361/359 220/360/360 210/359/361
f 210/359/361 212/364/362 213/363/363 209/362/364
s 36
f 209/365/365 213/366/366 214/351/349 208/340/341
s 42
f 212/364/362 226/369/367 227/368/368 211/367/369
s 39
f 211/370/370 227/372/371 228/371/372 216/353/354
s 35
f 218/357/355 230/327/327 231/374/373 217/373/374
s 44
f 217/375/375 231/378/376 232/377/377 222/376/378
f 222/376/378 224/381/379 225/380/380 221/379/381
s 42
f 221/382/382 225/383/383 226/369/367 220/360/360
s 44
f 224/381/379 238/386/384 239/385/385 223/384/386
s 39
f 223/387/387 239/388/388 240/345/343 228/371/372
s 34
f 234/324/322 236/347/348 237/390/389 233/389/390
s 44
f 233/391/391 237/392/392 238/386/384 232/377/377
s 36
f 208/340/341 214/351/349 202/332/330 196/329/329
s 42
f 220/360/360 226/369/367 212/364/362 210/359/361
s 44
f 232/377/377 238/386/384 224/381/379 222/376/378
s 34
f 194/321/321 204/335/334 236/347/348 234/324/322
s 39
f 200/342/342 216/353/354 228/371/372 240/345/343
s 35
f 230/327/327 218/357/355 206/338/336 198/326/328
f 197/336/338 241/393/393 193/325/325 198/326/328
s 34
f 193/322/324 241/394/394 195/334/335 194/321/321
s 36
f 195/330/332 241/395/395 197/339/339 196/329/329
s 34
f 203/333/333 242/396/396 199/346/346 204/335/334
s 39
f 199/343/345 242/397/397 201/352/352 200/342/342
s 36
f 201/349/351 242/398/398 203/331/331 202/332/330
s 42
f 209/362/364 243/399/399 205/358/358 210/359/361
s 35
f 205/355/357 243/400/400 207/337/337 206/338/336
s 36
f 207/341/340 243/401/401 209/365/365 208/340/341
s 39
f 215/354/353 244/402/402 211/370/370 216/353/354
s 42
f 211/367/369 244/403/403 213/363/363 212/364/362
s 36
f 213/366/366 244/404/404 215/350/350 214/351/349
s 44
f 221/379/381 245/405/405 217/375/375 222/376/378
s 35
f 217/373/374 245/406/406 219/356/356 218/357/355
s 42
f 219/361/359 245/407/407 221/382/382 220/360/360
s 39
f 227/372/371 246/408/408 223/387/387 228/371/372
s 44
f 223/384/386 246/409/409 225/380/380 224/381/379
s 42
f 225/383/383 246/410/410 227/368/368 226/369/367
s 34
f 233/389/390 247/411/411 229/323/323 234/324/322
s 35
f 229/328/326 247/412/412 231/374/373 230/327/327
s 44
f 231/378/376 247/413/413 233/391/391 232/377/377
s 39
f 239/388/388 248/414/414 235/344/344 240/345/343
s 34
f 235/348/347 248/415/415 237/390/389 236/347/348
s 44
f 237/392/392 248/416/416 239/385/385 238/386/384
s 45
f 250/417/417 290/420/418 285/419/419 249/418/420
s 46
f 249/421/421 285/424/422 286/423/423 254/422/424
s 47
f 252/425/425 258/428/426 259/427/427 251/426/428
s 45
f 259/429/429 260/431/430 250/417/417 251/430/431
s 46
f 254/422/424 262/434/432 263/433/433 253/432/434
s 47
f 253/435/435 263/437/436 264/436/437 252/425/425
s 50
f 256/438/438 296/441/439 291/440/440 255/439/441
s 45
f 255/442/442 291/444/443 292/443/444 260/431/430
s 47
f 258/428/426 270/447/445 271/446/446 257/445/447
s 50
f 257/448/448 271/450/449 272/449/450 256/438/438
s 46
f 262/434/432 274/453/451 275/452/452 261/451/453
s 53
f 261/454/454 275/457/455 276/456/456 266/455/457
f 266/455/457 268/460/458 269/459/459 265/458/460
s 47
f 265/461/461 269/462/462 270/447/445 264/436/437
s 53
f 268/460/458 282/465/463 283/464/464 267/463/465
s 50
f 267/466/466 283/468/467 284/467/468 272/449/450
s 46
f 274/453/451 286/423/423 287/470/469 273/469/470
s 55
f 273/471/471 287/474/472 288/473/473 278/472/474
f 278/472/474 280/477/475 281/476/476 277/475/477
s 53
f 277/478/478 281/479/479 282/465/463 276/456/456
s 55
f 280/477/475 294/482/480 295/481/481 279/480/482
s 50
f 279/483/483 295/484/484 296/441/439 284/467/468
s 45
f 290/420/418 292/443/444 293/486/485 289/485/486
s 55
f 289/487/487 293/488/488 294/482/480 288/473/473
s 47
f 264/436/437 270/447/445 258/428/426 252/425/425
s 53
f 276/456/456 282/465/463 268/460/458 266/455/457
s 55
f 288/473/473 294/482/480 280/477/475 278/472/474
s 45
f 250/417/417 260/431/430 292/443/444 290/420/418
s 50
f 256/438/438 272/449/450 284/467/468 296/441/439
s 46
f 286/423/423 274/453/451 262/434/432 254/422/424
f 253/432/434 297/489/489 249/421/421 254/422/424
s 45
f 249/418/420 297/490/490 251/430/431 250/417/417
s 47
f 251/426/428 297/491/491 253/435/435 252/425/425
s 45
f 259/429/429 298/492/492 255/442/442 260/431/430
s 50
f 255/439/441 298/493/493 257/448/448 256/438/438
s 47
f 257/445/447 298/494/494 259/427/427 258/428/426
s 53
f 265/458/460 299/495/495 261/454/454 266/455/457
s 46
f 261/451/453 299/496/496 263/433/433 262/434/432
s 47
f 263/437/436 299/497/497 265/461/461 264/436/437
s 50
f 271/450/449 300/498/498 267/466/466 272/449/450
s 53
f 267/463/465 300/499/499 269/459/459 268/460/458
s 47
f 269/462/462 300/500/500 271/446/446 270/447/445
s 55
f 277/475/477 301/501/501 273/471/471 278/472/474
s 46
f 273/469/470 301/502/502 275/452/452 274/453/451
s 53
f 275/457/455 301/503/503 277/478/478 276/456/456
s 50
f 283/468/467 302/504/504 279/483/483 284/467/468
s 55
f 279/480/482 302/505/505 281/476/476 280/477/475
s 53
f 281/479/479 302/506/506 283/464/464 282/465/463
s 45
f 289/485/486 303/507/507 285/419/419 290/420/418
s 46
f 285/424/422 303/508/508 287/470/469 286/423/423
s 55
f 287/474/472 303/509/509 289/487/487 288/473/473
s 50
f 295/484/484 304/510/510 291/440/440 296/441/439
s 45
f 291/444/443 304/511/511 293/486/485 292/443/444
s 55
f 293/488/488 304/512/512 295/481/481 294/482/480
s 56
usemtl lambert1SG
f 306/513/513 305/514/514 341/515/515 346/516/516
s 57
f 305/517/517 310/518/518 342/519/519 341/520/520
s 58
f 308/521/521 307/522/522 315/523/523 314/524/524
s 56
f 315/525/525 307/526/526 306/513/513 316/527/527
s 57
f 310/518/518 309/528/528 319/529/529 318/530/530
s 58
f 309/531/531 308/521/521 320/532/532 319/533/533
s 59
f 312/534/534 311/535/535 347/536/536 352/537/537
s 56
f 311/538/538 316/527/527 348/539/539 347/540/540
s 58
f 314/524/524 313/541/541 327/542/542 326/543/543
s 59
f 313/544/544 312/534/534 328/545/545 327/546/546
s 57
f 318/530/530 317/547/547 331/548/548 330/549/549
s 60
f 317/550/550 322/551/551 332/552/552 331/553/553
f 322/551/551 321/554/554 325/555/555 324/556/556
s 58
f 321/557/557 320/532/532 326/543/543 325/558/558
s 60
f 324/556/556 323/559/559 339/560/560 338/561/561
s 59
f 323/562/562 328/545/545 340/563/563 339/564/564
s 57
f 330/549/549 329/565/565 343/566/566 342/519/519
s 61
f 329/567/567 334/568/568 344/569/569 343/570/570
f 334/568/568 333/571/571 337/572/572 336/573/573
s 60
f 333/574/574 332/552/552 338/561/561 337/575/575
s 61
f 336/573/573 335/576/576 351/577/577 350/578/578
s 59
f 335/579/579 340/563/563 352/537/537 351/580/580
s 56
f 346/516/516 345/581/581 349/582/582 348/539/539
s 61
f 345/583/583 344/569/569 350/578/578 349/584/584
s 58
f 320/532/532 308/521/521 314/524/524 326/543/543
s 60
f 332/552/552 322/551/551 324/556/556 338/561/561
s 61
f 344/569/569 334/568/568 336/573/573 350/578/578
s 56
f 306/513/513 346/516/516 348/539/539 316/527/527
s 59
f 312/534/534 352/537/537 340/563/563 328/545/545
s 57
f 342/519/519 310/518/518 318/530/530 330/549/549
f 309/528/528 310/518/518 305/517/517 353/585/585
s 56
f 305/514/514 306/513/513 307/526/526 353/586/586
s 58
f 307/522/522 308/521/521 309/531/531 353/587/587
s 56
f 315/525/525 316/527/527 311/538/538 354/588/588
s 59
f 311/535/535 312/534/534 313/544/544 354/589/589
s 58
f 313/541/541 314/524/524 315/523/523 354/590/590
s 60
f 321/554/554 322/551/551 317/550/550 355/591/591
s 57
f 317/547/547 318/530/530 319/529/529 355/592/592
s 58
f 319/533/533 320/532/532 321/557/557 355/593/593
s 59
f 327/546/546 328/545/545 323/562/562 356/594/594
s 60
f 323/559/559 324/556/556 325/555/555 356/595/595
s 58
f 325/558/558 326/543/543 327/542/542 356/596/596
s 61
f 333/571/571 334/568/568 329/567/567 357/597/597
s 57
f 329/565/565 330/549/549 331/548/548 357/598/598
s 60
f 331/553/553 332/552/552 333/574/574 357/599/599
s 59
f 339/564/564 340/563/563 335/579/579 358/600/600
s 61
f 335/576/576 336/573/573 337/572/572 358/601/601
s 60
f 337/575/575 338/561/561 339/560/560 358/602/602
s 56
f 345/581/581 346/516/516 341/515/515 359/603/603
s 57
f 341/520/520 342/519/519 343/566/566 359/604/604
s 61
f 343/570/570 344/569/569 345/583/583 359/605/605
s 59
f 351/580/580 352/537/537 347/536/536 360/606/606
s 56
f 347/540/540 348/539/539 349/582/582 360/607/607
s 61
f 349/584/584 350/578/578 351/577/577 360/608/608
s 62
usemtl pasted__lambert1SG
f 362/609/609 402/612/610 397/611/611 361/610/612
s 63
f 361/613/613 397/616/614 398/615/615 366/614/616
s 64
f 364/617/617 370/620/618 371/619/619 363/618/620
s 62
f 371/621/621 372/623/622 362/609/609 363/622/623
s 63
f 366/614/616 374/626/624 375/625/625 365/624/626
s 64
f 365/627/627 375/629/628 376/628/629 364/617/617
s 67
f 368/630/630 408/633/631 403/632/632 367/631/633
s 62
f 367/634/634 403/636/635 404/635/636 372/623/622
s 64
f 370/620/618 382/639/637 383/638/638 369/637/639
s 67
f 369/640/640 383/642/641 384/641/642 368/630/630
s 63
f 374/626/624 386/645/643 387/644/644 373/643/645
s 70
f 373/646/646 387/649/647 388/648/648 378/647/649
f 378/647/649 380/652/650 381/651/651 377/650/652
s 64
f 377/653/653 381/654/654 382/639/637 376/628/629
s 70
f 380/652/650 394/657/655 395/656/656 379/655/657
s 67
f 379/658/658 395/660/659 396/659/660 384/641/642
s 63
f 386/645/643 398/615/615 399/662/661 385/661/662
s 72
f 385/663/663 399/666/664 400/665/665 390/664/666
f 390/664/666 392/669/667 393/668/668 389/667/669
s 70
f 389/670/670 393/671/671 394/657/655 388/648/648
s 72
f 392/669/667 406/674/672 407/673/673 391/672/674
s 67
f 391/675/675 407/676/676 408/633/631 396/659/660
s 62
f 402/612/610 404/635/636 405/678/677 401/677/678
s 72
f 401/679/679 405/680/680 406/674/672 400/665/665
s 64
f 376/628/629 382/639/637 370/620/618 364/617/617
s 70
f 388/648/648 394/657/655 380/652/650 378/647/649
s 72
f 400/665/665 406/674/672 392/669/667 390/664/666
s 62
f 362/609/609 372/623/622 404/635/636 402/612/610
s 67
f 368/630/630 384/641/642 396/659/660 408/633/631
s 63
f 398/615/615 386/645/643 374/626/624 366/614/616
f 365/624/626 409/681/681 361/613/613 366/614/616
s 62
f 361/610/612 409/682/682 363/622/623 362/609/609
s 64
f 363/618/620 409/683/683 365/627/627 364/617/617
s 62
f 371/621/621 410/684/684 367/634/634 372/623/622
s 67
f 367/631/633 410/685/685 369/640/640 368/630/630
s 64
f 369/637/639 410/686/686 371/619/619 370/620/618
s 70
f 377/650/652 411/687/687 373/646/646 378/647/649
s 63
f 373/643/645 411/688/688 375/625/625 374/626/624
s 64
f 375/629/628 411/689/689 377/653/653 376/628/629
s 67
f 383/642/641 412/690/690 379/658/658 384/641/642
s 70
f 379/655/657 412/691/691 381/651/651 380/652/650
s 64
f 381/654/654 412/692/692 383/638/638 382/639/637
s 72
f 389/667/669 413/693/693 385/663/663 390/664/666
s 63
f 385/661/662 413/694/694 387/644/644 386/645/643
s 70
f 387/649/647 413/695/695 389/670/670 388/648/648
s 67
f 395/660/659 414/696/696 391/675/675 396/659/660
s 72
f 391/672/674 414/697/697 393/668/668 392/669/667
s 70
f 393/671/671 414/698/698 395/656/656 394/657/655
s 62
f 401/677/678 415/699/699 397/611/611 402/612/610
s 63
f 397/616/614 415/700/700 399/662/661 398/615/615
s 72
f 399/666/664 415/701/701 401/679/679 400/665/665
s 67
f 407/676/676 416/702/702 403/632/632 408/633/631
s 62
f 403/636/635 416/703/703 405/678/677 404/635/636
s 72
f 405/680/680 416/704/704 407/673/673 406/674/672
s 73
f 418/705/705 417/706/706 453/707/707 458/708/708
s 74
f 417/709/709 422/710/710 454/711/711 453/712/712
s 75
f 420/713/713 419/714/714 427/715/715 426/716/716
s 73
f 427/717/717 419/718/718 418/705/705 428/719/719
s 74
f 422/710/710 421/720/720 431/721/721 430/722/722
s 75
f 421/723/723 420/713/713 432/724/724 431/725/725
s 76
f 424/726/726 423/727/727 459/728/728 464/729/729
s 73
f 423/730/730 428/719/719 460/731/731 459/732/732
s 75
f 426/716/716 425/733/733 439/734/734 438/735/735
s 76
f 425/736/736 424/726/726 440/737/737 439/738/738
s 74
f 430/722/722 429/739/739 443/740/740 442/741/741
s 77
f 429/742/742 434/743/743 444/744/744 443/745/745
f 434/743/743 433/746/746 437/747/747 436/748/748
s 75
f 433/749/749 432/724/724 438/735/735 437/750/750
s 77
f 436/748/748 435/751/751 451/752/752 450/753/753
s 76
f 435/754/754 440/737/737 452/755/755 451/756/756
s 74
f 442/741/741 441/757/757 455/758/758 454/711/711
s 78
f 441/759/759 446/760/760 456/761/761 455/762/762
f 446/760/760 445/763/763 449/764/764 448/765/765
s 77
f 445/766/766 444/744/744 450/753/753 449/767/767
s 78
f 448/765/765 447/768/768 463/769/769 462/770/770
s 76
f 447/771/771 452/755/755 464/729/729 463/772/772
s 73
f 458/708/708 457/773/773 461/774/774 460/731/731
s 78
f 457/775/775 456/761/761 462/770/770 461/776/776
s 75
f 432/724/724 420/713/713 426/716/716 438/735/735
s 77
f 444/744/744 434/743/743 436/748/748 450/753/753
s 78
f 456/761/761 446/760/760 448/765/765 462/770/770
s 73
f 418/705/705 458/708/708 460/731/731 428/719/719
s 76
f 424/726/726 464/729/729 452/755/755 440/737/737
s 74
f 454/711/711 422/710/710 430/722/722 442/741/741
f 421/720/720 422/710/710 417/709/709 465/777/777
s 73
f 417/706/706 418/705/705 419/718/718 465/778/778
s 75
f 419/714/714 420/713/713 421/723/723 465/779/779
s 73
f 427/717/717 428/719/719 423/730/730 466/780/780
s 76
f 423/727/727 424/726/726 425/736/736 466/781/781
s 75
f 425/733/733 426/716/716 427/715/715 466/782/782
s 77
f 433/746/746 434/743/743 429/742/742 467/783/783
s 74
f 429/739/739 430/722/722 431/721/721 467/784/784
s 75
f 431/725/725 432/724/724 433/749/749 467/785/785
s 76
f 439/738/738 440/737/737 435/754/754 468/786/786
s 77
f 435/751/751 436/748/748 437/747/747 468/787/787
s 75
f 437/750/750 438/735/735 439/734/734 468/788/788
s 78
f 445/763/763 446/760/760 441/759/759 469/789/789
s 74
f 441/757/757 442/741/741 443/740/740 469/790/790
s 77
f 443/745/745 444/744/744 445/766/766 469/791/791
s 76
f 451/756/756 452/755/755 447/771/771 470/792/792
s 78
f 447/768/768 448/765/765 449/764/764 470/793/793
s 77
f 449/767/767 450/753/753 451/752/752 470/794/794
s 73
f 457/773/773 458/708/708 453/707/707 471/795/795
s 74
f 453/712/712 454/711/711 455/758/758 471/796/796
s 78
f 455/762/762 456/761/761 457/775/775 471/797/797
s 76
f 463/772/772 464/729/729 459/728/728 472/798/798
s 73
f 459/732/732 460/731/731 461/774/774 472/799/799
s 78
f 461/776/776 462/770/770 463/769/769 472/800/800
s 79
usemtl lambert1SG
f 474/801/801 473/802/802 509/803/803 514/804/804
s 80
f 473/805/805 478/806/806 510/807/807 509/808/808
s 81
f 476/809/809 475/810/810 541/811/811 542/812/812
s 79
f 475/813/813 474/801/801 552/814/814 541/815/815
s 80
f 478/806/806 477/816/816 565/817/817 566/818/818
s 81
f 477/819/819 476/809/809 582/820/820 565/821/821
s 82
f 480/822/822 479/823/823 515/824/824 520/825/825
s 79
f 479/826/826 484/827/827 516/828/828 515/829/829
s 81
f 482/830/830 481/831/831 577/832/832 578/833/833
s 82
f 481/834/834 480/822/822 576/835/835 577/836/836
s 80
f 486/837/837 485/838/838 499/839/839 498/840/840
s 86
f 485/841/841 490/842/842 500/843/843 499/844/844
f 490/842/842 489/845/845 544/846/846 545/847/847
s 81
f 489/848/848 488/849/849 543/850/850 544/851/851
s 86
f 492/852/852 491/853/853 507/854/854 506/855/855
s 82
f 491/856/856 496/857/857 508/858/858 507/859/859
s 80
f 567/860/860 568/861/861 511/862/862 510/807/807
s 91
f 568/863/863 569/864/864 512/865/865 511/866/866
f 502/867/867 501/868/868 547/869/869 548/870/870
s 86
f 501/871/871 500/843/843 546/872/872 547/873/873
s 91
f 573/874/874 574/875/875 519/876/876 518/877/877
s 82
f 574/878/878 575/879/879 520/825/825 519/880/880
s 79
f 514/804/804 513/881/881 550/882/882 551/883/883
s 91
f 513/884/884 512/865/865 549/885/885 550/886/886
s 81
f 476/809/809 542/812/812 581/887/887 582/820/820
s 86
f 490/842/842 545/847/847 546/872/872 500/843/843
s 91
f 569/864/864 570/888/888 549/885/885 512/865/865
s 79
f 514/804/804 551/883/883 552/814/814 474/801/801
s 82
f 480/822/822 520/825/825 575/879/879 576/835/835
s 80
f 510/807/807 478/806/806 566/818/818 567/860/860
f 477/816/816 478/806/806 473/805/805 521/889/889
s 79
f 473/802/802 474/801/801 475/813/813 521/890/890
s 81
f 475/810/810 476/809/809 477/819/819 521/891/891
s 79
f 483/892/892 484/827/827 479/826/826 522/893/893
s 82
f 479/823/823 480/822/822 481/834/834 522/894/894
s 81
f 481/831/831 482/830/830 483/895/895 522/896/896
s 86
f 489/845/845 490/842/842 485/841/841 523/897/897
s 80
f 485/838/838 486/837/837 487/898/898 523/899/899
s 81
f 487/900/900 488/849/849 489/848/848 523/901/901
s 82
f 495/902/902 496/857/857 491/856/856 524/903/903
s 86
f 491/853/853 492/852/852 493/904/904 524/905/905
s 81
f 493/906/906 494/907/907 495/908/908 524/909/909
s 91
f 501/868/868 502/867/867 497/910/910 525/911/911
s 80
f 497/912/912 498/840/840 499/839/839 525/913/913
s 86
f 499/844/844 500/843/843 501/871/871 525/914/914
s 82
f 507/859/859 508/858/858 503/915/915 526/916/916
s 91
f 503/917/917 504/918/918 505/919/919 526/920/920
s 86
f 505/921/921 506/855/855 507/854/854 526/922/922
s 79
f 513/881/881 514/804/804 509/803/803 527/923/923
s 80
f 509/808/808 510/807/807 511/862/862 527/924/924
s 91
f 511/866/866 512/865/865 513/884/884 527/925/925
s 82
f 519/880/880 520/825/825 515/824/824 528/926/926
s 79
f 515/829/829 516/828/828 517/927/927 528/928/928
s 91
f 517/929/929 518/877/877 519/876/876 528/930/930
s 81
f 553/931/931 554/932/932 483/895/895 482/830/830
f 578/833/833 579/933/933 553/931/931 482/830/830
f 563/934/934 564/935/935 494/907/907 493/906/906
s 86
f 562/936/936 563/937/937 493/904/904 492/852/852
f 561/938/938 562/936/936 492/852/852 506/855/855
f 560/939/939 561/938/938 506/855/855 505/921/921
s 91
f 559/940/940 560/941/941 505/919/919 504/918/918
f 558/942/942 572/943/943 573/874/874 518/877/877
f 557/944/944 558/942/942 518/877/877 517/929/929
s 79
f 556/945/945 557/946/946 517/927/927 516/828/828
f 555/947/947 556/945/945 516/828/828 484/827/827
f 554/948/948 555/947/947 484/827/827 483/892/892
s 81
f 542/812/812 541/811/811 529/949/949 530/950/950
f 580/951/951 581/887/887 542/812/812 530/950/950
f 544/851/851 543/850/850 531/952/952 532/953/953
s 86
f 545/847/847 544/846/846 532/954/954 533/955/955
f 546/872/872 545/847/847 533/955/955 534/956/956
f 547/873/873 546/872/872 534/956/956 535/957/957
s 91
f 548/870/870 547/869/869 535/958/958 536/959/959
f 549/885/885 570/888/888 571/960/960 537/961/961
f 550/886/886 549/885/885 537/961/961 538/962/962
s 79
f 551/883/883 550/882/882 538/963/963 539/964/964
f 552/814/814 551/883/883 539/964/964 540/965/965
f 541/815/815 552/814/814 540/965/965 529/966/966
s 81
f 530/950/950 529/949/949 554/932/932 553/931/931
s 79
f 529/966/966 540/965/965 555/947/947 554/948/948
f 540/965/965 539/964/964 556/945/945 555/947/947
f 539/964/964 538/963/963 557/946/946 556/945/945
s 91
f 538/962/962 537/961/961 558/942/942 557/944/944
f 537/961/961 571/960/960 572/943/943 558/942/942
f 536/959/959 535/958/958 560/941/941 559/940/940
s 86
f 535/957/957 534/956/956 561/938/938 560/939/939
f 534/956/956 533/955/955 562/936/936 561/938/938
f 533/955/955 532/954/954 563/937/937 562/936/936
s 81
f 532/953/953 531/952/952 564/935/935 563/934/934
f 579/933/933 580/951/951 530/950/950 553/931/931
s 80
f 566/818/818 565/817/817 487/898/898 486/837/837
f 567/860/860 566/818/818 486/837/837 498/840/840
f 498/840/840 497/912/912 568/861/861 567/860/860
s 91
f 497/910/910 502/867/867 569/864/864 568/863/863
f 502/867/867 548/870/870 570/888/888 569/864/864
f 571/960/960 570/888/888 548/870/870 536/959/959
f 572/943/943 571/960/960 536/959/959 559/940/940
f 573/874/874 572/943/943 559/940/940 504/918/918
f 504/918/918 503/917/917 574/875/875 573/874/874
s 82
f 503/915/915 508/858/858 575/879/879 574/878/878
f 576/835/835 575/879/879 508/858/858 496/857/857
f 577/836/836 576/835/835 496/857/857 495/902/902
s 81
f 578/833/833 577/832/832 495/908/908 494/907/907
f 564/935/935 579/933/933 578/833/833 494/907/907
f 531/952/952 580/951/951 579/933/933 564/935/935
f 543/850/850 581/887/887 580/951/951 531/952/952
f 582/820/820 581/887/887 543/850/850 488/849/849
f 565/821/821 582/820/820 488/849/849 487/900/900
s 96
usemtl pasted__lambert1SG
f 584/967/967 624/970/968 619/969/969 583/968/970
s 97
f 583/971/971 619/974/972 620/973/973 588/972/974
s 98
f 586/975/975 592/978/976 593/977/977 585/976/978
s 96
f 593/979/979 594/981/980 584/967/967 585/980/981
s 97
f 588/972/974 640/984/982 639/983/983 587/982/984
s 98
f 587/985/985 639/987/986 650/986/987 586/975/975
s 101
f 590/988/988 630/991/989 625/990/990 589/989/991
s 96
f 589/992/992 625/994/993 626/993/994 594/981/980
s 98
f 592/978/976 649/997/995 648/996/996 591/995/997
s 101
f 591/998/998 648/1000/999 647/999/1000 590/988/988
s 97
f 596/1001/1001 608/1004/1002 609/1003/1003 595/1002/1004
s 105
f 595/1005/1005 609/1008/1006 610/1007/1007 600/1006/1008
f 600/1006/1008 602/1011/1009 603/1010/1010 599/1009/1011
s 98
f 599/1012/1012 603/1015/1013 604/1014/1014 598/1013/1015
s 105
f 602/1011/1009 616/1018/1016 617/1017/1017 601/1016/1018
s 101
f 601/1019/1019 617/1022/1020 618/1021/1021 606/1020/1022
s 97
f 641/1023/1023 620/973/973 621/1025/1024 642/1024/1025
s 108
f 642/1026/1026 621/1029/1027 622/1028/1028 643/1027/1029
f 612/1030/1030 614/1033/1031 615/1032/1032 611/1031/1033
s 105
f 611/1034/1034 615/1035/1035 616/1018/1016 610/1007/1007
s 108
f 644/1036/1036 628/1039/1037 629/1038/1038 645/1037/1039
s 101
f 645/1040/1040 629/1042/1041 630/991/989 646/1041/1042
s 96
f 624/970/968 626/993/994 627/1044/1043 623/1043/1044
s 108
f 623/1045/1045 627/1046/1046 628/1039/1037 622/1028/1028
s 98
f 649/997/995 592/978/976 586/975/975 650/986/987
s 105
f 610/1007/1007 616/1018/1016 602/1011/1009 600/1006/1008
s 108
f 622/1028/1028 628/1039/1037 644/1036/1036 643/1027/1029
s 96
f 584/967/967 594/981/980 626/993/994 624/970/968
s 101
f 590/988/988 647/999/1000 646/1041/1042 630/991/989
s 97
f 620/973/973 641/1023/1023 640/984/982 588/972/974
f 587/982/984 631/1047/1047 583/971/971 588/972/974
s 96
f 583/968/970 631/1048/1048 585/980/981 584/967/967
s 98
f 585/976/978 631/1049/1049 587/985/985 586/975/975
s 96
f 593/979/979 632/1050/1050 589/992/992 594/981/980
s 101
f 589/989/991 632/1051/1051 591/998/998 590/988/988
s 98
f 591/995/997 632/1052/1052 593/977/977 592/978/976
s 105
f 599/1009/1011 633/1053/1053 595/1005/1005 600/1006/1008
s 97
f 595/1002/1004 633/1055/1054 597/1054/1055 596/1001/1001
s 98
f 597/1056/1056 633/1057/1057 599/1012/1012 598/1013/1015
s 101
f 605/1058/1058 634/1059/1059 601/1019/1019 606/1020/1022
s 105
f 601/1016/1018 634/1060/1060 603/1010/1010 602/1011/1009
s 98
f 603/1015/1013 634/1062/1061 605/1061/1062 604/1014/1014
s 108
f 611/1031/1033 635/1064/1063 607/1063/1064 612/1030/1030
s 97
f 607/1065/1065 635/1066/1066 609/1003/1003 608/1004/1002
s 105
f 609/1008/1006 635/1067/1067 611/1034/1034 610/1007/1007
s 101
f 617/1022/1020 636/1069/1068 613/1068/1069 618/1021/1021
s 108
f 613/1070/1070 636/1071/1071 615/1032/1032 614/1033/1031
s 105
f 615/1035/1035 636/1072/1072 617/1017/1017 616/1018/1016
s 96
f 623/1043/1044 637/1073/1073 619/969/969 624/970/968
s 97
f 619/974/972 637/1074/1074 621/1025/1024 620/973/973
s 108
f 621/1029/1027 637/1075/1075 623/1045/1045 622/1028/1028
s 101
f 629/1042/1041 638/1076/1076 625/990/990 630/991/989
s 96
f 625/994/993 638/1077/1077 627/1044/1043 626/993/994
s 108
f 627/1046/1046 638/1078/1078 629/1038/1038 628/1039/1037
s 97
f 651/1079/1079 596/1001/1001 597/1054/1055 652/1080/1080
f 662/1081/1081 608/1004/1002 596/1001/1001 651/1079/1079
f 608/1004/1002 662/1081/1081 661/1082/1082 607/1065/1065
s 108
f 607/1063/1064 661/1084/1083 660/1083/1084 612/1030/1030
f 659/1085/1085 614/1033/1031 612/1030/1030 660/1083/1084
f 614/1033/1031 659/1085/1085 658/1086/1086 613/1070/1070
s 101
f 613/1068/1069 658/1088/1087 657/1087/1088 618/1021/1021
f 656/1089/1089 606/1020/1022 618/1021/1021 657/1087/1088
f 655/1090/1090 605/1058/1058 606/1020/1022 656/1089/1089
s 98
f 654/1091/1091 604/1014/1014 605/1061/1062 655/1092/1092
f 598/1013/1015 604/1014/1014 654/1091/1091 653/1093/1093
f 652/1094/1094 597/1056/1056 598/1013/1015 653/1093/1093
s 97
f 640/984/982 651/1079/1079 652/1080/1080 639/983/983
s 98
f 639/987/986 652/1094/1094 653/1093/1093 650/986/987
f 654/1091/1091 649/997/995 650/986/987 653/1093/1093
f 649/997/995 654/1091/1091 655/1092/1092 648/996/996
s 101
f 648/1000/999 655/1090/1090 656/1089/1089 647/999/1000
f 647/999/1000 656/1089/1089 657/1087/1088 646/1041/1042
f 658/1088/1087 645/1040/1040 646/1041/1042 657/1087/1088
s 108
f 659/1085/1085 644/1036/1036 645/1037/1039 658/1086/1086
f 644/1036/1036 659/1085/1085 660/1083/1084 643/1027/1029
f 661/1084/1083 642/1026/1026 643/1027/1029 660/1083/1084
s 97
f 662/1081/1081 641/1023/1023 642/1024/1025 661/1082/1082
f 641/1023/1023 662/1081/1081 651/1079/1079 640/984/982
s 110
usemtl lambert1SG
f 664/1095/1095 663/1096/1096 699/1097/1097 704/1098/1098
s 111
f 663/1099/1099 668/1100/1100 700/1101/1101 699/1102/1102
s 112
f 666/1103/1103 665/1104/1104 673/1105/1105 672/1106/1106
s 110
f 673/1107/1107 665/1108/1108 664/1095/1095 674/1109/1109
s 111
f 668/1100/1100 667/1110/1110 677/1111/1111 676/1112/1112
s 112
f 667/1113/1113 666/1103/1103 678/1114/1114 677/1115/1115
s 113
f 670/1116/1116 669/1117/1117 705/1118/1118 710/1119/1119
s 110
f 669/1120/1120 674/1109/1109 706/1121/1121 705/1122/1122
s 112
f 672/1106/1106 671/1123/1123 685/1124/1124 684/1125/1125
s 113
f 671/1126/1126 670/1116/1116 686/1127/1127 685/1128/1128
s 111
f 676/1112/1112 675/1129/1129 689/1130/1130 688/1131/1131
s 114
f 675/1132/1132 680/1133/1133 690/1134/1134 689/1135/1135
f 680/1133/1133 679/1136/1136 683/1137/1137 682/1138/1138
s 112
f 679/1139/1139 678/1114/1114 684/1125/1125 683/1140/1140
s 114
f 682/1138/1138 681/1141/1141 697/1142/1142 696/1143/1143
s 113
f 681/1144/1144 686/1127/1127 698/1145/1145 697/1146/1146
s 111
f 688/1131/1131 687/1147/1147 701/1148/1148 700/1101/1101
s 115
f 687/1149/1149 692/1150/1150 702/1151/1151 701/1152/1152
f 692/1150/1150 691/1153/1153 695/1154/1154 694/1155/1155
s 114
f 691/1156/1156 690/1134/1134 696/1143/1143 695/1157/1157
s 115
f 694/1155/1155 693/1158/1158 709/1159/1159 708/1160/1160
s 113
f 693/1161/1161 698/1145/1145 710/1119/1119 709/1162/1162
s 110
f 704/1098/1098 703/1163/1163 707/1164/1164 706/1121/1121
s 115
f 703/1165/1165 702/1151/1151 708/1160/1160 707/1166/1166
s 112
f 678/1114/1114 666/1103/1103 672/1106/1106 684/1125/1125
s 114
f 690/1134/1134 680/1133/1133 682/1138/1138 696/1143/1143
s 115
f 702/1151/1151 692/1150/1150 694/1155/1155 708/1160/1160
s 110
f 664/1095/1095 704/1098/1098 706/1121/1121 674/1109/1109
s 113
f 670/1116/1116 710/1119/1119 698/1145/1145 686/1127/1127
s 111
f 700/1101/1101 668/1100/1100 676/1112/1112 688/1131/1131
f 667/1110/1110 668/1100/1100 663/1099/1099 711/1167/1167
s 110
f 663/1096/1096 664/1095/1095 665/1108/1108 711/1168/1168
s 112
f 665/1104/1104 666/1103/1103 667/1113/1113 711/1169/1169
s 110
f 673/1107/1107 674/1109/1109 669/1120/1120 712/1170/1170
s 113
f 669/1117/1117 670/1116/1116 671/1126/1126 712/1171/1171
s 112
f 671/1123/1123 672/1106/1106 673/1105/1105 712/1172/1172
s 114
f 679/1136/1136 680/1133/1133 675/1132/1132 713/1173/1173
s 111
f 675/1129/1129 676/1112/1112 677/1111/1111 713/1174/1174
s 112
f 677/1115/1115 678/1114/1114 679/1139/1139 713/1175/1175
s 113
f 685/1128/1128 686/1127/1127 681/1144/1144 714/1176/1176
s 114
f 681/1141/1141 682/1138/1138 683/1137/1137 714/1177/1177
s 112
f 683/1140/1140 684/1125/1125 685/1124/1124 714/1178/1178
s 115
f 691/1153/1153 692/1150/1150 687/1149/1149 715/1179/1179
s 111
f 687/1147/1147 688/1131/1131 689/1130/1130 715/1180/1180
s 114
f 689/1135/1135 690/1134/1134 691/1156/1156 715/1181/1181
s 113
f 697/1146/1146 698/1145/1145 693/1161/1161 716/1182/1182
s 115
f 693/1158/1158 694/1155/1155 695/1154/1154 716/1183/1183
s 114
f 695/1157/1157 696/1143/1143 697/1142/1142 716/1184/1184
s 110
f 703/1163/1163 704/1098/1098 699/1097/1097 717/1185/1185
s 111
f 699/1102/1102 700/1101/1101 701/1148/1148 717/1186/1186
s 115
f 701/1152/1152 702/1151/1151 703/1165/1165 717/1187/1187
s 113
f 709/1162/1162 710/1119/1119 705/1118/1118 718/1188/1188
s 110
f 705/1122/1122 706/1121/1121 707/1164/1164 718/1189/1189
s 115
f 707/1166/1166 708/1160/1160 709/1159/1159 718/1190/1190
s 116
usemtl pasted__lambert1SG
f 720/1191/1191 760/1194/1192 755/1193/1193 719/1192/1194
s 117
f 719/1195/1195 755/1198/1196 756/1197/1197 724/1196/1198
s 118
f 722/1199/1199 728/1202/1200 729/1201/1201 721/1200/1202
s 116
f 729/1203/1203 730/1205/1204 720/1191/1191 721/1204/1205
s 117
f 724/1196/1198 732/1208/1206 733/1207/1207 723/1206/1208
s 118
f 723/1209/1209 733/1211/1210 734/1210/1211 722/1199/1199
s 121
f 726/1212/1212 766/1215/1213 761/1214/1214 725/1213/1215
s 116
f 725/1216/1216 761/1218/1217 762/1217/1218 730/1205/1204
s 118
f 728/1202/1200 740/1221/1219 741/1220/1220 727/1219/1221
s 121
f 727/1222/1222 741/1224/1223 742/1223/1224 726/1212/1212
s 117
f 732/1208/1206 744/1227/1225 745/1226/1226 731/1225/1227
s 124
f 731/1228/1228 745/1231/1229 746/1230/1230 736/1229/1231
f 736/1229/1231 738/1234/1232 739/1233/1233 735/1232/1234
s 118
f 735/1235/1235 739/1236/1236 740/1221/1219 734/1210/1211
s 124
f 738/1234/1232 752/1239/1237 753/1238/1238 737/1237/1239
s 121
f 737/1240/1240 753/1242/1241 754/1241/1242 742/1223/1224
s 117
f 744/1227/1225 756/1197/1197 757/1244/1243 743/1243/1244
s 126
f 743/1245/1245 757/1248/1246 758/1247/1247 748/1246/1248
f 748/1246/1248 750/1251/1249 751/1250/1250 747/1249/1251
s 124
f 747/1252/1252 751/1253/1253 752/1239/1237 746/1230/1230
s 126
f 750/1251/1249 764/1256/1254 765/1255/1255 749/1254/1256
s 121
f 749/1257/1257 765/1258/1258 766/1215/1213 754/1241/1242
s 116
f 760/1194/1192 762/1217/1218 763/1260/1259 759/1259/1260
s 126
f 759/1261/1261 763/1262/1262 764/1256/1254 758/1247/1247
s 118
f 734/1210/1211 740/1221/1219 728/1202/1200 722/1199/1199
s 124
f 746/1230/1230 752/1239/1237 738/1234/1232 736/1229/1231
s 126
f 758/1247/1247 764/1256/1254 750/1251/1249 748/1246/1248
s 116
f 720/1191/1191 730/1205/1204 762/1217/1218 760/1194/1192
s 121
f 726/1212/1212 742/1223/1224 754/1241/1242 766/1215/1213
s 117
f 756/1197/1197 744/1227/1225 732/1208/1206 724/1196/1198
f 723/1206/1208 767/1263/1263 719/1195/1195 724/1196/1198
s 116
f 719/1192/1194 767/1264/1264 721/1204/1205 720/1191/1191
s 118
f 721/1200/1202 767/1265/1265 723/1209/1209 722/1199/1199
s 116
f 729/1203/1203 768/1266/1266 725/1216/1216 730/1205/1204
s 121
f 725/1213/1215 768/1267/1267 727/1222/1222 726/1212/1212
s 118
f 727/1219/1221 768/1268/1268 729/1201/1201 728/1202/1200
s 124
f 735/1232/1234 769/1269/1269 731/1228/1228 736/1229/1231
s 117
f 731/1225/1227 769/1270/1270 733/1207/1207 732/1208/1206
s 118
f 733/1211/1210 769/1271/1271 735/1235/1235 734/1210/1211
s 121
f 741/1224/1223 770/1272/1272 737/1240/1240 742/1223/1224
s 124
f 737/1237/1239 770/1273/1273 739/1233/1233 738/1234/1232
s 118
f 739/1236/1236 770/1274/1274 741/1220/1220 740/1221/1219
s 126
f 747/1249/1251 771/1275/1275 743/1245/1245 748/1246/1248
s 117
f 743/1243/1244 771/1276/1276 745/1226/1226 744/1227/1225
s 124
f 745/1231/1229 771/1277/1277 747/1252/1252 746/1230/1230
s 121
f 753/1242/1241 772/1278/1278 749/1257/1257 754/1241/1242
s 126
f 749/1254/1256 772/1279/1279 751/1250/1250 750/1251/1249
s 124
f 751/1253/1253 772/1280/1280 753/1238/1238 752/1239/1237
s 116
f 759/1259/1260 773/1281/1281 755/1193/1193 760/1194/1192
s 117
f 755/1198/1196 773/1282/1282 757/1244/1243 756/1197/1197
s 126
f 757/1248/1246 773/1283/1283 759/1261/1261 758/1247/1247
s 121
f 765/1258/1258 774/1284/1284 761/1214/1214 766/1215/1213
s 116
f 761/1218/1217 774/1285/1285 763/1260/1259 762/1217/1218
s 126
f 763/1262/1262 774/1286/1286 765/1255/1255 764/1256/1254
s 127
usemtl lambert1SG
f 776/1287/1287 775/1288/1288 811/1289/1289 816/1290/1290
s 128
f 775/1291/1291 780/1292/1292 812/1293/1293 811/1294/1294
s 129
f 778/1295/1295 777/1296/1296 785/1297/1297 784/1298/1298
s 127
f 785/1299/1299 777/1300/1300 776/1287/1287 786/1301/1301
s 128
f 780/1292/1292 779/1302/1302 789/1303/1303 788/1304/1304
s 129
f 779/1305/1305 778/1295/1295 790/1306/1306 789/1307/1307
s 130
f 782/1308/1308 781/1309/1309 817/1310/1310 822/1311/1311
s 127
f 781/1312/1312 786/1301/1301 818/1313/1313 817/1314/1314
s 129
f 784/1298/1298 783/1315/1315 797/1316/1316 796/1317/1317
s 130
f 783/1318/1318 782/1308/1308 798/1319/1319 797/1320/1320
s 128
f 788/1304/1304 787/1321/1321 801/1322/1322 800/1323/1323
s 131
f 787/1324/1324 792/1325/1325 802/1326/1326 801/1327/1327
f 792/1325/1325 791/1328/1328 795/1329/1329 794/1330/1330
s 129
f 791/1331/1331 790/1306/1306 796/1317/1317 795/1332/1332
s 131
f 794/1330/1330 793/1333/1333 809/1334/1334 808/1335/1335
s 130
f 793/1336/1336 798/1319/1319 810/1337/1337 809/1338/1338
s 128
f 800/1323/1323 799/1339/1339 813/1340/1340 812/1293/1293
s 132
f 799/1341/1341 804/1342/1342 814/1343/1343 813/1344/1344
f 804/1342/1342 803/1345/1345 807/1346/1346 806/1347/1347
s 131
f 803/1348/1348 802/1326/1326 808/1335/1335 807/1349/1349
s 132
f 806/1347/1347 805/1350/1350 821/1351/1351 820/1352/1352
s 130
f 805/1353/1353 810/1337/1337 822/1311/1311 821/1354/1354
s 127
f 816/1290/1290 815/1355/1355 819/1356/1356 818/1313/1313
s 132
f 815/1357/1357 814/1343/1343 820/1352/1352 819/1358/1358
s 129
f 790/1306/1306 778/1295/1295 784/1298/1298 796/1317/1317
s 131
f 802/1326/1326 792/1325/1325 794/1330/1330 808/1335/1335
s 132
f 814/1343/1343 804/1342/1342 806/1347/1347 820/1352/1352
s 127
f 776/1287/1287 816/1290/1290 818/1313/1313 786/1301/1301
s 130
f 782/1308/1308 822/1311/1311 810/1337/1337 798/1319/1319
s 128
f 812/1293/1293 780/1292/1292 788/1304/1304 800/1323/1323
f 779/1302/1302 780/1292/1292 775/1291/1291 823/1359/1359
s 127
f 775/1288/1288 776/1287/1287 777/1300/1300 823/1360/1360
s 129
f 777/1296/1296 778/1295/1295 779/1305/1305 823/1361/1361
s 127
f 785/1299/1299 786/1301/1301 781/1312/1312 824/1362/1362
s 130
f 781/1309/1309 782/1308/1308 783/1318/1318 824/1363/1363
s 129
f 783/1315/1315 784/1298/1298 785/1297/1297 824/1364/1364
s 131
f 791/1328/1328 792/1325/1325 787/1324/1324 825/1365/1365
s 128
f 787/1321/1321 788/1304/1304 789/1303/1303 825/1366/1366
s 129
f 789/1307/1307 790/1306/1306 791/1331/1331 825/1367/1367
s 130
f 797/1320/1320 798/1319/1319 793/1336/1336 826/1368/1368
s 131
f 793/1333/1333 794/1330/1330 795/1329/1329 826/1369/1369
s 129
f 795/1332/1332 796/1317/1317 797/1316/1316 826/1370/1370
s 132
f 803/1345/1345 804/1342/1342 799/1341/1341 827/1371/1371
s 128
f 799/1339/1339 800/1323/1323 801/1322/1322 827/1372/1372
s 131
f 801/1327/1327 802/1326/1326 803/1348/1348 827/1373/1373
s 130
f 809/1338/1338 810/1337/1337 805/1353/1353 828/1374/1374
s 132
f 805/1350/1350 806/1347/1347 807/1346/1346 828/1375/1375
s 131
f 807/1349/1349 808/1335/1335 809/1334/1334 828/1376/1376
s 127
f 815/1355/1355 816/1290/1290 811/1289/1289 829/1377/1377
s 128
f 811/1294/1294 812/1293/1293 813/1340/1340 829/1378/1378
s 132
f 813/1344/1344 814/1343/1343 815/1357/1357 829/1379/1379
s 130
f 821/1354/1354 822/1311/1311 817/1310/1310 830/1380/1380
s 127
f 817/1314/1314 818/1313/1313 819/1356/1356 830/1381/1381
s 132
f 819/1358/1358 820/1352/1352 821/1351/1351 830/1382/1382
s 133
f 832/1383/1383 831/1384/1384 867/1385/1385 872/1386/1386
s 134
f 831/1387/1387 836/1388/1388 868/1389/1389 867/1390/1390
s 135
f 834/1391/1391 833/1392/1392 841/1393/1393 840/1394/1394
s 133
f 841/1395/1395 833/1396/1396 832/1383/1383 842/1397/1397
s 134
f 836/1388/1388 835/1398/1398 845/1399/1399 844/1400/1400
s 135
f 835/1401/1401 834/1391/1391 846/1402/1402 845/1403/1403
s 136
f 838/1404/1404 837/1405/1405 873/1406/1406 878/1407/1407
s 133
f 837/1408/1408 842/1397/1397 874/1409/1409 873/1410/1410
s 135
f 840/1394/1394 839/1411/1411 853/1412/1412 852/1413/1413
s 136
f 839/1414/1414 838/1404/1404 854/1415/1415 853/1416/1416
s 134
f 844/1400/1400 843/1417/1417 857/1418/1418 856/1419/1419
s 137
f 843/1420/1420 848/1421/1421 858/1422/1422 857/1423/1423
f 848/1421/1421 847/1424/1424 851/1425/1425 850/1426/1426
s 135
f 847/1427/1427 846/1402/1402 852/1413/1413 851/1428/1428
s 137
f 850/1426/1426 849/1429/1429 865/1430/1430 864/1431/1431
s 136
f 849/1432/1432 854/1415/1415 866/1433/1433 865/1434/1434
s 134
f 856/1419/1419 855/1435/1435 869/1436/1436 868/1389/1389
s 138
f 855/1437/1437 860/1438/1438 870/1439/1439 869/1440/1440
f 860/1438/1438 859/1441/1441 863/1442/1442 862/1443/1443
s 137
f 859/1444/1444 858/1422/1422 864/1431/1431 863/1445/1445
s 138
f 862/1443/1443 861/1446/1446 877/1447/1447 876/1448/1448
s 136
f 861/1449/1449 866/1433/1433 878/1407/1407 877/1450/1450
s 133
f 872/1386/1386 871/1451/1451 875/1452/1452 874/1409/1409
s 138
f 871/1453/1453 870/1439/1439 876/1448/1448 875/1454/1454
s 135
f 846/1402/1402 834/1391/1391 840/1394/1394 852/1413/1413
s 137
f 858/1422/1422 848/1421/1421 850/1426/1426 864/1431/1431
s 138
f 870/1439/1439 860/1438/1438 862/1443/1443 876/1448/1448
s 133
f 832/1383/1383 872/1386/1386 874/1409/1409 842/1397/1397
s 136
f 838/1404/1404 878/1407/1407 866/1433/1433 854/1415/1415
s 134
f 868/1389/1389 836/1388/1388 844/1400/1400 856/1419/1419
f 835/1398/1398 836/1388/1388 831/1387/1387 879/1455/1455
s 133
f 831/1384/1384 832/1383/1383 833/1396/1396 879/1456/1456
s 135
f 833/1392/1392 834/1391/1391 835/1401/1401 879/1457/1457
s 133
f 841/1395/1395 842/1397/1397 837/1408/1408 880/1458/1458
s 136
f 837/1405/1405 838/1404/1404 839/1414/1414 880/1459/1459
s 135
f 839/1411/1411 840/1394/1394 841/1393/1393 880/1460/1460
s 137
f 847/1424/1424 848/1421/1421 843/1420/1420 881/1461/1461
s 134
f 843/1417/1417 844/1400/1400 845/1399/1399 881/1462/1462
s 135
f 845/1403/1403 846/1402/1402 847/1427/1427 881/1463/1463
s 136
f 853/1416/1416 854/1415/1415 849/1432/1432 882/1464/1464
s 137
f 849/1429/1429 850/1426/1426 851/1425/1425 882/1465/1465
s 135
f 851/1428/1428 852/1413/1413 853/1412/1412 882/1466/1466
s 138
f 859/1441/1441 860/1438/1438 855/1437/1437 883/1467/1467
s 134
f 855/1435/1435 856/1419/1419 857/1418/1418 883/1468/1468
s 137
f 857/1423/1423 858/1422/1422 859/1444/1444 883/1469/1469
s 136
f 865/1434/1434 866/1433/1433 861/1449/1449 884/1470/1470
s 138
f 861/1446/1446 862/1443/1443 863/1442/1442 884/1471/1471
s 137
f 863/1445/1445 864/1431/1431 865/1430/1430 884/1472/1472
s 133
f 871/1451/1451 872/1386/1386 867/1385/1385 885/1473/1473
s 134
f 867/1390/1390 868/1389/1389 869/1436/1436 885/1474/1474
s 138
f 869/1440/1440 870/1439/1439 871/1453/1453 885/1475/1475
s 136
f 877/1450/1450 878/1407/1407 873/1406/1406 886/1476/1476
s 133
f 873/1410/1410 874/1409/1409 875/1452/1452 886/1477/1477
s 138
f 875/1454/1454 876/1448/1448 877/1447/1447 886/1478/1478
s 139
usemtl pasted__lambert1SG
f 888/1479/1479 928/1482/1480 923/1481/1481 887/1480/1482
s 140
f 887/1483/1483 923/1486/1484 924/1485/1485 892/1484/1486
s 141
f 890/1487/1487 896/1490/1488 897/1489/1489 889/1488/1490
s 139
f 897/1491/1491 898/1493/1492 888/1479/1479 889/1492/1493
s 140
f 892/1484/1486 900/1496/1494 901/1495/1495 891/1494/1496
s 141
f 891/1497/1497 901/1499/1498 902/1498/1499 890/1487/1487
s 144
f 894/1500/1500 934/1503/1501 929/1502/1502 893/1501/1503
s 139
f 893/1504/1504 929/1506/1505 930/1505/1506 898/1493/1492
s 141
f 896/1490/1488 908/1509/1507 909/1508/1508 895/1507/1509
s 144
f 895/1510/1510 909/1512/1511 910/1511/1512 894/1500/1500
s 140
f 900/1496/1494 912/1515/1513 913/1514/1514 899/1513/1515
s 147
f 899/1516/1516 913/1519/1517 914/1518/1518 904/1517/1519
f 904/1517/1519 906/1522/1520 907/1521/1521 903/1520/1522
s 141
f 903/1523/1523 907/1524/1524 908/1509/1507 902/1498/1499
s 147
f 906/1522/1520 920/1527/1525 921/1526/1526 905/1525/1527
s 144
f 905/1528/1528 921/1530/1529 922/1529/1530 910/1511/1512
s 140
f 912/1515/1513 924/1485/1485 925/1532/1531 911/1531/1532
s 149
f 911/1533/1533 925/1536/1534 926/1535/1535 916/1534/1536
f 916/1534/1536 918/1539/1537 919/1538/1538 915/1537/1539
s 147
f 915/1540/1540 919/1541/1541 920/1527/1525 914/1518/1518
s 149
f 918/1539/1537 932/1544/1542 933/1543/1543 917/1542/1544
s 144
f 917/1545/1545 933/1546/1546 934/1503/1501 922/1529/1530
s 139
f 928/1482/1480 930/1505/1506 931/1548/1547 927/1547/1548
s 149
f 927/1549/1549 931/1550/1550 932/1544/1542 926/1535/1535
s 141
f 902/1498/1499 908/1509/1507 896/1490/1488 890/1487/1487
s 147
f 914/1518/1518 920/1527/1525 906/1522/1520 904/1517/1519
s 149
f 926/1535/1535 932/1544/1542 918/1539/1537 916/1534/1536
s 139
f 888/1479/1479 898/1493/1492 930/1505/1506 928/1482/1480
s 144
f 894/1500/1500 910/1511/1512 922/1529/1530 934/1503/1501
s 140
f 924/1485/1485 912/1515/1513 900/1496/1494 892/1484/1486
f 891/1494/1496 935/1551/1551 887/1483/1483 892/1484/1486
s 139
f 887/1480/1482 935/1552/1552 889/1492/1493 888/1479/1479
s 141
f 889/1488/1490 935/1553/1553 891/1497/1497 890/1487/1487
s 139
f 897/1491/1491 936/1554/1554 893/1504/1504 898/1493/1492
s 144
f 893/1501/1503 936/1555/1555 895/1510/1510 894/1500/1500
s 141
f 895/1507/1509 936/1556/1556 897/1489/1489 896/1490/1488
s 147
f 903/1520/1522 937/1557/1557 899/1516/1516 904/1517/1519
s 140
f 899/1513/1515 937/1558/1558 901/1495/1495 900/1496/1494
s 141
f 901/1499/1498 937/1559/1559 903/1523/1523 902/1498/1499
s 144
f 909/1512/1511 938/1560/1560 905/1528/1528 910/1511/1512
s 147
f 905/1525/1527 938/1561/1561 907/1521/1521 906/1522/1520
s 141
f 907/1524/1524 938/1562/1562 909/1508/1508 908/1509/1507
s 149
f 915/1537/1539 939/1563/1563 911/1533/1533 916/1534/1536
s 140
f 911/1531/1532 939/1564/1564 913/1514/1514 912/1515/1513
s 147
f 913/1519/1517 939/1565/1565 915/1540/1540 914/1518/1518
s 144
f 921/1530/1529 940/1566/1566 917/1545/1545 922/1529/1530
s 149
f 917/1542/1544 940/1567/1567 919/1538/1538 918/1539/1537
s 147
f 919/1541/1541 940/1568/1568 921/1526/1526 920/1527/1525
s 139
f 927/1547/1548 941/1569/1569 923/1481/1481 928/1482/1480
s 140
f 923/1486/1484 941/1570/1570 925/1532/1531 924/1485/1485
s 149
f 925/1536/1534 941/1571/1571 927/1549/1549 926/1535/1535
s 144
f 933/1546/1546 942/1572/1572 929/1502/1502 934/1503/1501
s 139
f 929/1506/1505 942/1573/1573 931/1548/1547 930/1505/1506
s 149
f 931/1550/1550 942/1574/1574 933/1543/1543 932/1544/1542
s 150
f 944/1575/1575 984/1578/1576 979/1577/1577 943/1576/1578
s 151
f 943/1579/1579 979/1582/1580 980/1581/1581 948/1580/1582
s 152
f 946/1583/1583 952/1586/1584 953/1585/1585 945/1584/1586
s 150
f 953/1587/1587 954/1589/1588 944/1575/1575 945/1588/1589
s 151
f 948/1580/1582 956/1592/1590 957/1591/1591 947/1590/1592
s 152
f 947/1593/1593 957/1595/1594 958/1594/1595 946/1583/1583
s 155
f 950/1596/1596 990/1599/1597 985/1598/1598 949/1597/1599
s 150
f 949/1600/1600 985/1602/1601 986/1601/1602 954/1589/1588
s 152
f 952/1586/1584 964/1605/1603 965/1604/1604 951/1603/1605
s 155
f 951/1606/1606 965/1608/1607 966/1607/1608 950/1596/1596
s 151
f 956/1592/1590 968/1611/1609 969/1610/1610 955/1609/1611
s 158
f 955/1612/1612 969/1615/1613 970/1614/1614 960/1613/1615
f 960/1613/1615 962/1618/1616 963/1617/1617 959/1616/1618
s 152
f 959/1619/1619 963/1620/1620 964/1605/1603 958/1594/1595
s 158
f 962/1618/1616 976/1623/1621 977/1622/1622 961/1621/1623
s 155
f 961/1624/1624 977/1626/1625 978/1625/1626 966/1607/1608
s 151
f 968/1611/1609 980/1581/1581 981/1628/1627 967/1627/1628
s 160
f 967/1629/1629 981/1632/1630 982/1631/1631 972/1630/1632
f 972/1630/1632 974/1635/1633 975/1634/1634 971/1633/1635
s 158
f 971/1636/1636 975/1637/1637 976/1623/1621 970/1614/1614
s 160
f 974/1635/1633 988/1640/1638 989/1639/1639 973/1638/1640
s 155
f 973/1641/1641 989/1642/1642 990/1599/1597 978/1625/1626
s 150
f 984/1578/1576 986/1601/1602 987/1644/1643 983/1643/1644
s 160
f 983/1645/1645 987/1646/1646 988/1640/1638 982/1631/1631
s 152
f 958/1594/1595 964/1605/1603 952/1586/1584 946/1583/1583
s 158
f 970/1614/1614 976/1623/1621 962/1618/1616 960/1613/1615
s 160
f 982/1631/1631 988/1640/1638 974/1635/1633 972/1630/1632
s 150
f 944/1575/1575 954/1589/1588 986/1601/1602 984/1578/1576
s 155
f 950/1596/1596 966/1607/1608 978/1625/1626 990/1599/1597
s 151
f 980/1581/1581 968/1611/1609 956/1592/1590 948/1580/1582
f 947/1590/1592 991/1647/1647 943/1579/1579 948/1580/1582
s 150
f 943/1576/1578 991/1648/1648 945/1588/1589 944/1575/1575
s 152
f 945/1584/1586 991/1649/1649 947/1593/1593 946/1583/1583
s 150
f 953/1587/1587 992/1650/1650 949/1600/1600 954/1589/1588
s 155
f 949/1597/1599 992/1651/1651 951/1606/1606 950/1596/1596
s 152
f 951/1603/1605 992/1652/1652 953/1585/1585 952/1586/1584
s 158
f 959/1616/1618 993/1653/1653 955/1612/1612 960/1613/1615
s 151
f 955/1609/1611 993/1654/1654 957/1591/1591 956/1592/1590
s 152
f 957/1595/1594 993/1655/1655 959/1619/1619 958/1594/1595
s 155
f 965/1608/1607 994/1656/1656 961/1624/1624 966/1607/1608
s 158
f 961/1621/1623 994/1657/1657 963/1617/1617 962/1618/1616
s 152
f 963/1620/1620 994/1658/1658 965/1604/1604 964/1605/1603
s 160
f 971/1633/1635 995/1659/1659 967/1629/1629 972/1630/1632
s 151
f 967/1627/1628 995/1660/1660 969/1610/1610 968/1611/1609
s 158
f 969/1615/1613 995/1661/1661 971/1636/1636 970/1614/1614
s 155
f 977/1626/1625 996/1662/1662 973/1641/1641 978/1625/1626
s 160
f 973/1638/1640 996/1663/1663 975/1634/1634 974/1635/1633
s 158
f 975/1637/1637 996/1664/1664 977/1622/1622 976/1623/1621
s 150
f 983/1643/1644 997/1665/1665 979/1577/1577 984/1578/1576
s 151
f 979/1582/1580 997/1666/1666 981/1628/1627 980/1581/1581
s 160
f 981/1632/1630 997/1667/1667 983/1645/1645 982/1631/1631
s 155
f 989/1642/1642 998/1668/1668 985/1598/1598 990/1599/1597
s 150
f 985/1602/1601 998/1669/1669 987/1644/1643 986/1601/1602
s 160
f 987/1646/1646 998/1670/1670 989/1639/1639 988/1640/1638
s 161
usemtl lambert1SG
f 1000/1671/1671 999/1672/1672 1035/1673/1673 1040/1674/1674
s 162
f 999/1675/1675 1004/1676/1676 1036/1677/1677 1035/1678/1678
s 163
f 1002/1679/1679 1001/1680/1680 1009/1681/1681 1008/1682/1682
s 161
f 1009/1683/1683 1001/1684/1684 1000/1671/1671 1010/1685/1685
s 162
f 1004/1676/1676 1003/1686/1686 1013/1687/1687 1012/1688/1688
s 163
f 1003/1689/1689 1002/1679/1679 1014/1690/1690 1013/1691/1691
s 164
f 1006/1692/1692 1005/1693/1693 1041/1694/1694 1046/1695/1695
s 161
f 1005/1696/1696 1010/1685/1685 1042/1697/1697 1041/1698/1698
s 163
f 1008/1682/1682 1007/1699/1699 1021/1700/1700 1020/1701/1701
s 164
f 1007/1702/1702 1006/1692/1692 1022/1703/1703 1021/1704/1704
s 162
f 1012/1688/1688 1011/1705/1705 1025/1706/1706 1024/1707/1707
s 165
f 1011/1708/1708 1016/1709/1709 1026/1710/1710 1025/1711/1711
f 1016/1709/1709 1015/1712/1712 1019/1713/1713 1018/1714/1714
s 163
f 1015/1715/1715 1014/1690/1690 1020/1701/1701 1019/1716/1716
s 165
f 1018/1714/1714 1017/1717/1717 1033/1718/1718 1032/1719/1719
s 164
f 1017/1720/1720 1022/1703/1703 1034/1721/1721 1033/1722/1722
s 162
f 1024/1707/1707 1023/1723/1723 1037/1724/1724 1036/1677/1677
s 166
f 1023/1725/1725 1028/1726/1726 1038/1727/1727 1037/1728/1728
f 1028/1726/1726 1027/1729/1729 1031/1730/1730 1030/1731/1731
s 165
f 1027/1732/1732 1026/1710/1710 1032/1719/1719 1031/1733/1733
s 166
f 1030/1731/1731 1029/1734/1734 1045/1735/1735 1044/1736/1736
s 164
f 1029/1737/1737 1034/1721/1721 1046/1695/1695 1045/1738/1738
s 161
f 1040/1674/1674 1039/1739/1739 1043/1740/1740 1042/1697/1697
s 166
f 1039/1741/1741 1038/1727/1727 1044/1736/1736 1043/1742/1742
s 163
f 1014/1690/1690 1002/1679/1679 1008/1682/1682 1020/1701/1701
s 165
f 1026/1710/1710 1016/1709/1709 1018/1714/1714 1032/1719/1719
s 166
f 1038/1727/1727 1028/1726/1726 1030/1731/1731 1044/1736/1736
s 161
f 1000/1671/1671 1040/1674/1674 1042/1697/1697 1010/1685/1685
s 164
f 1006/1692/1692 1046/1695/1695 1034/1721/1721 1022/1703/1703
s 162
f 1036/1677/1677 1004/1676/1676 1012/1688/1688 1024/1707/1707
f 1003/1686/1686 1004/1676/1676 999/1675/1675 1047/1743/1743
s 161
f 999/1672/1672 1000/1671/1671 1001/1684/1684 1047/1744/1744
s 163
f 1001/1680/1680 1002/1679/1679 1003/1689/1689 1047/1745/1745
s 161
f 1009/1683/1683 1010/1685/1685 1005/1696/1696 1048/1746/1746
s 164
f 1005/1693/1693 1006/1692/1692 1007/1702/1702 1048/1747/1747
s 163
f 1007/1699/1699 1008/1682/1682 1009/1681/1681 1048/1748/1748
s 165
f 1015/1712/1712 1016/1709/1709 1011/1708/1708 1049/1749/1749
s 162
f 1011/1705/1705 1012/1688/1688 1013/1687/1687 1049/1750/1750
s 163
f 1013/1691/1691 1014/1690/1690 1015/1715/1715 1049/1751/1751
s 164
f 1021/1704/1704 1022/1703/1703 1017/1720/1720 1050/1752/1752
s 165
f 1017/1717/1717 1018/1714/1714 1019/1713/1713 1050/1753/1753
s 163
f 1019/1716/1716 1020/1701/1701 1021/1700/1700 1050/1754/1754
s 166
f 1027/1729/1729 1028/1726/1726 1023/1725/1725 1051/1755/1755
s 162
f 1023/1723/1723 1024/1707/1707 1025/1706/1706 1051/1756/1756
s 165
f 1025/1711/1711 1026/1710/1710 1027/1732/1732 1051/1757/1757
s 164
f 1033/1722/1722 1034/1721/1721 1029/1737/1737 1052/1758/1758
s 166
f 1029/1734/1734 1030/1731/1731 1031/1730/1730 1052/1759/1759
s 165
f 1031/1733/1733 1032/1719/1719 1033/1718/1718 1052/1760/1760
s 161
f 1039/1739/1739 1040/1674/1674 1035/1673/1673 1053/1761/1761
s 162
f 1035/1678/1678 1036/1677/1677 1037/1724/1724 1053/1762/1762
s 166
f 1037/1728/1728 1038/1727/1727 1039/1741/1741 1053/1763/1763
s 164
f 1045/1738/1738 1046/1695/1695 1041/1694/1694 1054/1764/1764
s 161
f 1041/1698/1698 1042/1697/1697 1043/1740/1740 1054/1765/1765
s 166
f 1043/1742/1742 1044/1736/1736 1045/1735/1735 1054/1766/1766
s 167
f 1056/1767/1767 1055/1768/1768 1091/1769/1769 1096/1770/1770
s 168
f 1055/1771/1771 1060/1772/1772 1092/1773/1773 1091/1774/1774
s 169
f 1058/1775/1775 1057/1776/1776 1065/1777/1777 1064/1778/1778
s 167
f 1065/1779/1779 1057/1780/1780 1056/1767/1767 1066/1781/1781
s 168
f 1060/1772/1772 1059/1782/1782 1069/1783/1783 1068/1784/1784
s 169
f 1059/1785/1785 1058/1775/1775 1070/1786/1786 1069/1787/1787
s 170
f 1062/1788/1788 1061/1789/1789 1097/1790/1790 1102/1791/1791
s 167
f 1061/1792/1792 1066/1781/1781 1098/1793/1793 1097/1794/1794
s 169
f 1064/1778/1778 1063/1795/1795 1077/1796/1796 1076/1797/1797
s 170
f 1063/1798/1798 1062/1788/1788 1078/1799/1799 1077/1800/1800
s 168
f 1068/1784/1784 1067/1801/1801 1081/1802/1802 1080/1803/1803
s 171
f 1067/1804/1804 1072/1805/1805 1082/1806/1806 1081/1807/1807
f 1072/1805/1805 1071/1808/1808 1075/1809/1809 1074/1810/1810
s 169
f 1071/1811/1811 1070/1786/1786 1076/1797/1797 1075/1812/1812
s 171
f 1074/1810/1810 1073/1813/1813 1089/1814/1814 1088/1815/1815
s 170
f 1073/1816/1816 1078/1799/1799 1090/1817/1817 1089/1818/1818
s 168
f 1080/1803/1803 1079/1819/1819 1093/1820/1820 1092/1773/1773
s 172
f 1079/1821/1821 1084/1822/1822 1094/1823/1823 1093/1824/1824
f 1084/1822/1822 1083/1825/1825 1087/1826/1826 1086/1827/1827
s 171
f 1083/1828/1828 1082/1806/1806 1088/1815/1815 1087/1829/1829
s 172
f 1086/1827/1827 1085/1830/1830 1101/1831/1831 1100/1832/1832
s 170
f 1085/1833/1833 1090/1817/1817 1102/1791/1791 1101/1834/1834
s 167
f 1096/1770/1770 1095/1835/1835 1099/1836/1836 1098/1793/1793
s 172
f 1095/1837/1837 1094/1823/1823 1100/1832/1832 1099/1838/1838
s 169
f 1070/1786/1786 1058/1775/1775 1064/1778/1778 1076/1797/1797
s 171
f 1082/1806/1806 1072/1805/1805 1074/1810/1810 1088/1815/1815
s 172
f 1094/1823/1823 1084/1822/1822 1086/1827/1827 1100/1832/1832
s 167
f 1056/1767/1767 1096/1770/1770 1098/1793/1793 1066/1781/1781
s 170
f 1062/1788/1788 1102/1791/1791 1090/1817/1817 1078/1799/1799
s 168
f 1092/1773/1773 1060/1772/1772 1068/1784/1784 1080/1803/1803
f 1059/1782/1782 1060/1772/1772 1055/1771/1771 1103/1839/1839
s 167
f 1055/1768/1768 1056/1767/1767 1057/1780/1780 1103/1840/1840
s 169
f 1057/1776/1776 1058/1775/1775 1059/1785/1785 1103/1841/1841
s 167
f 1065/1779/1779 1066/1781/1781 1061/1792/1792 1104/1842/1842
s 170
f 1061/1789/1789 1062/1788/1788 1063/1798/1798 1104/1843/1843
s 169
f 1063/1795/1795 1064/1778/1778 1065/1777/1777 1104/1844/1844
s 171
f 1071/1808/1808 1072/1805/1805 1067/1804/1804 1105/1845/1845
s 168
f 1067/1801/1801 1068/1784/1784 1069/1783/1783 1105/1846/1846
s 169
f 1069/1787/1787 1070/1786/1786 1071/1811/1811 1105/1847/1847
s 170
f 1077/1800/1800 1078/1799/1799 1073/1816/1816 1106/1848/1848
s 171
f 1073/1813/1813 1074/1810/1810 1075/1809/1809 1106/1849/1849
s 169
f 1075/1812/1812 1076/1797/1797 1077/1796/1796 1106/1850/1850
s 172
f 1083/1825/1825 1084/1822/1822 1079/1821/1821 1107/1851/1851
s 168
f 1079/1819/1819 1080/1803/1803 1081/1802/1802 1107/1852/1852
s 171
f 1081/1807/1807 1082/1806/1806 1083/1828/1828 1107/1853/1853
s 170
f 1089/1818/1818 1090/1817/1817 1085/1833/1833 1108/1854/1854
s 172
f 1085/1830/1830 1086/1827/1827 1087/1826/1826 1108/1855/1855
s 171
f 1087/1829/1829 1088/1815/1815 1089/1814/1814 1108/1856/1856
s 167
f 1095/1835/1835 1096/1770/1770 1091/1769/1769 1109/1857/1857
s 168
f 1091/1774/1774 1092/1773/1773 1093/1820/1820 1109/1858/1858
s 172
f 1093/1824/1824 1094/1823/1823 1095/1837/1837 1109/1859/1859
s 170
f 1101/1834/1834 1102/1791/1791 1097/1790/1790 1110/1860/1860
s 167
f 1097/1794/1794 1098/1793/1793 1099/1836/1836 1110/1861/1861
s 172
f 1099/1838/1838 1100/1832/1832 1101/1831/1831 1110/1862/1862
s 173
usemtl pasted__lambert1SG
f 1112/1863/1863 1152/1866/1864 1147/1865/1865 1111/1864/1866
s 174
f 1111/1867/1867 1147/1870/1868 1148/1869/1869 1116/1868/1870
s 175
f 1114/1871/1871 1120/1874/1872 1121/1873/1873 1113/1872/1874
s 173
f 1121/1875/1875 1122/1877/1876 1112/1863/1863 1113/1876/1877
s 174
f 1116/1868/1870 1124/1880/1878 1125/1879/1879 1115/1878/1880
s 175
f 1115/1881/1881 1125/1883/1882 1126/1882/1883 1114/1871/1871
s 178
f 1118/1884/1884 1158/1887/1885 1153/1886/1886 1117/1885/1887
s 173
f 1117/1888/1888 1153/1890/1889 1154/1889/1890 1122/1877/1876
s 175
f 1120/1874/1872 1132/1893/1891 1133/1892/1892 1119/1891/1893
s 178
f 1119/1894/1894 1133/1896/1895 1134/1895/1896 1118/1884/1884
s 174
f 1124/1880/1878 1136/1899/1897 1137/1898/1898 1123/1897/1899
s 181
f 1123/1900/1900 1137/1903/1901 1138/1902/1902 1128/1901/1903
f 1128/1901/1903 1130/1906/1904 1131/1905/1905 1127/1904/1906
s 175
f 1127/1907/1907 1131/1908/1908 1132/1893/1891 1126/1882/1883
s 181
f 1130/1906/1904 1144/1911/1909 1145/1910/1910 1129/1909/1911
s 178
f 1129/1912/1912 1145/1914/1913 1146/1913/1914 1134/1895/1896
s 174
f 1136/1899/1897 1148/1869/1869 1149/1916/1915 1135/1915/1916
s 183
f 1135/1917/1917 1149/1920/1918 1150/1919/1919 1140/1918/1920
f 1140/1918/1920 1142/1923/1921 1143/1922/1922 1139/1921/1923
s 181
f 1139/1924/1924 1143/1925/1925 1144/1911/1909 1138/1902/1902
s 183
f 1142/1923/1921 1156/1928/1926 1157/1927/1927 1141/1926/1928
s 178
f 1141/1929/1929 1157/1930/1930 1158/1887/1885 1146/1913/1914
s 173
f 1152/1866/1864 1154/1889/1890 1155/1932/1931 1151/1931/1932
s 183
f 1151/1933/1933 1155/1934/1934 1156/1928/1926 1150/1919/1919
s 175
f 1126/1882/1883 1132/1893/1891 1120/1874/1872 1114/1871/1871
s 181
f 1138/1902/1902 1144/1911/1909 1130/1906/1904 1128/1901/1903
s 183
f 1150/1919/1919 1156/1928/1926 1142/1923/1921 1140/1918/1920
s 173
f 1112/1863/1863 1122/1877/1876 1154/1889/1890 1152/1866/1864
s 178
f 1118/1884/1884 1134/1895/1896 1146/1913/1914 1158/1887/1885
s 174
f 1148/1869/1869 1136/1899/1897 1124/1880/1878 1116/1868/1870
f 1115/1878/1880 1159/1935/1935 1111/1867/1867 1116/1868/1870
s 173
f 1111/1864/1866 1159/1936/1936 1113/1876/1877 1112/1863/1863
s 175
f 1113/1872/1874 1159/1937/1937 1115/1881/1881 1114/1871/1871
s 173
f 1121/1875/1875 1160/1938/1938 1117/1888/1888 1122/1877/1876
s 178
f 1117/1885/1887 1160/1939/1939 1119/1894/1894 1118/1884/1884
s 175
f 1119/1891/1893 1160/1940/1940 1121/1873/1873 1120/1874/1872
s 181
f 1127/1904/1906 1161/1941/1941 1123/1900/1900 1128/1901/1903
s 174
f 1123/1897/1899 1161/1942/1942 1125/1879/1879 1124/1880/1878
s 175
f 1125/1883/1882 1161/1943/1943 1127/1907/1907 1126/1882/1883
s 178
f 1133/1896/1895 1162/1944/1944 1129/1912/1912 1134/1895/1896
s 181
f 1129/1909/1911 1162/1945/1945 1131/1905/1905 1130/1906/1904
s 175
f 1131/1908/1908 1162/1946/1946 1133/1892/1892 1132/1893/1891
s 183
f 1139/1921/1923 1163/1947/1947 1135/1917/1917 1140/1918/1920
s 174
f 1135/1915/1916 1163/1948/1948 1137/1898/1898 1136/1899/1897
s 181
f 1137/1903/1901 1163/1949/1949 1139/1924/1924 1138/1902/1902
s 178
f 1145/1914/1913 1164/1950/1950 1141/1929/1929 1146/1913/1914
s 183
f 1141/1926/1928 1164/1951/1951 1143/1922/1922 1142/1923/1921
s 181
f 1143/1925/1925 1164/1952/1952 1145/1910/1910 1144/1911/1909
s 173
f 1151/1931/1932 1165/1953/1953 1147/1865/1865 1152/1866/1864
s 174
f 1147/1870/1868 1165/1954/1954 1149/1916/1915 1148/1869/1869
s 183
f 1149/1920/1918 1165/1955/1955 1151/1933/1933 1150/1919/1919
s 178
f 1157/1930/1930 1166/1956/1956 1153/1886/1886 1158/1887/1885
s 173
f 1153/1890/1889 1166/1957/1957 1155/1932/1931 1154/1889/1890
s 183
f 1155/1934/1934 1166/1958/1958 1157/1927/1927 1156/1928/1926
s 184
usemtl lambert1SG
f 1168/1959/1959 1167/1960/1960 1203/1961/1961 1208/1962/1962
s 185
f 1167/1963/1963 1172/1964/1964 1204/1965/1965 1203/1966/1966
s 186
f 1170/1967/1967 1169/1968/1968 1177/1969/1969 1176/1970/1970
s 184
f 1177/1971/1971 1169/1972/1972 1168/1959/1959 1178/1973/1973
s 185
f 1172/1964/1964 1171/1974/1974 1181/1975/1975 1180/1976/1976
s 186
f 1171/1977/1977 1170/1967/1967 1182/1978/1978 1181/1979/1979
s 187
f 1174/1980/1980 1173/1981/1981 1209/1982/1982 1214/1983/1983
s 184
f 1173/1984/1984 1178/1973/1973 1210/1985/1985 1209/1986/1986
s 186
f 1176/1970/1970 1175/1987/1987 1189/1988/1988 1188/1989/1989
s 187
f 1175/1990/1990 1174/1980/1980 1190/1991/1991 1189/1992/1992
s 185
f 1180/1976/1976 1179/1993/1993 1193/1994/1994 1192/1995/1995
s 188
f 1179/1996/1996 1184/1997/1997 1194/1998/1998 1193/1999/1999
f 1184/1997/1997 1183/2000/2000 1187/2001/2001 1186/2002/2002
s 186
f 1183/2003/2003 1182/1978/1978 1188/1989/1989 1187/2004/2004
s 188
f 1186/2002/2002 1185/2005/2005 1201/2006/2006 1200/2007/2007
s 187
f 1185/2008/2008 1190/1991/1991 1202/2009/2009 1201/2010/2010
s 185
f 1192/1995/1995 1191/2011/2011 1205/2012/2012 1204/1965/1965
s 189
f 1191/2013/2013 1196/2014/2014 1206/2015/2015 1205/2016/2016
f 1196/2014/2014 1195/2017/2017 1199/2018/2018 1198/2019/2019
s 188
f 1195/2020/2020 1194/1998/1998 1200/2007/2007 1199/2021/2021
s 189
f 1198/2019/2019 1197/2022/2022 1213/2023/2023 1212/2024/2024
s 187
f 1197/2025/2025 1202/2009/2009 1214/1983/1983 1213/2026/2026
s 184
f 1208/1962/1962 1207/2027/2027 1211/2028/2028 1210/1985/1985
s 189
f 1207/2029/2029 1206/2015/2015 1212/2024/2024 1211/2030/2030
s 186
f 1182/1978/1978 1170/1967/1967 1176/1970/1970 1188/1989/1989
s 188
f 1194/1998/1998 1184/1997/1997 1186/2002/2002 1200/2007/2007
s 189
f 1206/2015/2015 1196/2014/2014 1198/2019/2019 1212/2024/2024
s 184
f 1168/1959/1959 1208/1962/1962 1210/1985/1985 1178/1973/1973
s 187
f 1174/1980/1980 1214/1983/1983 1202/2009/2009 1190/1991/1991
s 185
f 1204/1965/1965 1172/1964/1964 1180/1976/1976 1192/1995/1995
f 1171/1974/1974 1172/1964/1964 1167/1963/1963 1215/2031/2031
s 184
f 1167/1960/1960 1168/1959/1959 1169/1972/1972 1215/2032/2032
s 186
f 1169/1968/1968 1170/1967/1967 1171/1977/1977 1215/2033/2033
s 184
f 1177/1971/1971 1178/1973/1973 1173/1984/1984 1216/2034/2034
s 187
f 1173/1981/1981 1174/1980/1980 1175/1990/1990 1216/2035/2035
s 186
f 1175/1987/1987 1176/1970/1970 1177/1969/1969 1216/2036/2036
s 188
f 1183/2000/2000 1184/1997/1997 1179/1996/1996 1217/2037/2037
s 185
f 1179/1993/1993 1180/1976/1976 1181/1975/1975 1217/2038/2038
s 186
f 1181/1979/1979 1182/1978/1978 1183/2003/2003 1217/2039/2039
s 187
f 1189/1992/1992 1190/1991/1991 1185/2008/2008 1218/2040/2040
s 188
f 1185/2005/2005 1186/2002/2002 1187/2001/2001 1218/2041/2041
s 186
f 1187/2004/2004 1188/1989/1989 1189/1988/1988 1218/2042/2042
s 189
f 1195/2017/2017 1196/2014/2014 1191/2013/2013 1219/2043/2043
s 185
f 1191/2011/2011 1192/1995/1995 1193/1994/1994 1219/2044/2044
s 188
f 1193/1999/1999 1194/1998/1998 1195/2020/2020 1219/2045/2045
s 187
f 1201/2010/2010 1202/2009/2009 1197/2025/2025 1220/2046/2046
s 189
f 1197/2022/2022 1198/2019/2019 1199/2018/2018 1220/2047/2047
s 188
f 1199/2021/2021 1200/2007/2007 1201/2006/2006 1220/2048/2048
s 184
f 1207/2027/2027 1208/1962/1962 1203/1961/1961 1221/2049/2049
s 185
f 1203/1966/1966 1204/1965/1965 1205/2012/2012 1221/2050/2050
s 189
f 1205/2016/2016 1206/2015/2015 1207/2029/2029 1221/2051/2051
s 187
f 1213/2026/2026 1214/1983/1983 1209/1982/1982 1222/2052/2052
s 184
f 1209/1986/1986 1210/1985/1985 1211/2028/2028 1222/2053/2053
s 189
f 1211/2030/2030 1212/2024/2024 1213/2023/2023 1222/2054/2054
s 190
usemtl pasted__lambert1SG
f 1224/2055/2055 1264/2058/2056 1259/2057/2057 1223/2056/2058
s 191
f 1223/2059/2059 1259/2062/2060 1260/2061/2061 1228/2060/2062
s 192
f 1226/2063/2063 1232/2066/2064 1233/2065/2065 1225/2064/2066
s 190
f 1233/2067/2067 1234/2069/2068 1224/2055/2055 1225/2068/2069
s 191
f 1228/2060/2062 1236/2072/2070 1237/2071/2071 1227/2070/2072
s 192
f 1227/2073/2073 1237/2075/2074 1238/2074/2075 1226/2063/2063
s 195
f 1230/2076/2076 1270/2079/2077 1265/2078/2078 1229/2077/2079
s 190
f 1229/2080/2080 1265/2082/2081 1266/2081/2082 1234/2069/2068
s 192
f 1232/2066/2064 1244/2085/2083 1245/2084/2084 1231/2083/2085
s 195
f 1231/2086/2086 1245/2088/2087 1246/2087/2088 1230/2076/2076
s 191
f 1236/2072/2070 1248/2091/2089 1249/2090/2090 1235/2089/2091
s 198
f 1235/2092/2092 1249/2095/2093 1250/2094/2094 1240/2093/2095
f 1240/2093/2095 1242/2098/2096 1243/2097/2097 1239/2096/2098
s 192
f 1239/2099/2099 1243/2100/2100 1244/2085/2083 1238/2074/2075
s 198
f 1242/2098/2096 1256/2103/2101 1257/2102/2102 1241/2101/2103
s 195
f 1241/2104/2104 1257/2106/2105 1258/2105/2106 1246/2087/2088
s 191
f 1248/2091/2089 1260/2061/2061 1261/2108/2107 1247/2107/2108
s 200
f 1247/2109/2109 1261/2112/2110 1262/2111/2111 1252/2110/2112
f 1252/2110/2112 1254/2115/2113 1255/2114/2114 1251/2113/2115
s 198
f 1251/2116/2116 1255/2117/2117 1256/2103/2101 1250/2094/2094
s 200
f 1254/2115/2113 1268/2120/2118 1269/2119/2119 1253/2118/2120
s 195
f 1253/2121/2121 1269/2122/2122 1270/2079/2077 1258/2105/2106
s 190
f 1264/2058/2056 1266/2081/2082 1267/2124/2123 1263/2123/2124
s 200
f 1263/2125/2125 1267/2126/2126 1268/2120/2118 1262/2111/2111
s 192
f 1238/2074/2075 1244/2085/2083 1232/2066/2064 1226/2063/2063
s 198
f 1250/2094/2094 1256/2103/2101 1242/2098/2096 1240/2093/2095
s 200
f 1262/2111/2111 1268/2120/2118 1254/2115/2113 1252/2110/2112
s 190
f 1224/2055/2055 1234/2069/2068 1266/2081/2082 1264/2058/2056
s 195
f 1230/2076/2076 1246/2087/2088 1258/2105/2106 1270/2079/2077
s 191
f 1260/2061/2061 1248/2091/2089 1236/2072/2070 1228/2060/2062
f 1227/2070/2072 1271/2127/2127 1223/2059/2059 1228/2060/2062
s 190
f 1223/2056/2058 1271/2128/2128 1225/2068/2069 1224/2055/2055
s 192
f 1225/2064/2066 1271/2129/2129 1227/2073/2073 1226/2063/2063
s 190
f 1233/2067/2067 1272/2130/2130 1229/2080/2080 1234/2069/2068
s 195
f 1229/2077/2079 1272/2131/2131 1231/2086/2086 1230/2076/2076
s 192
f 1231/2083/2085 1272/2132/2132 1233/2065/2065 1232/2066/2064
s 198
f 1239/2096/2098 1273/2133/2133 1235/2092/2092 1240/2093/2095
s 191
f 1235/2089/2091 1273/2134/2134 1237/2071/2071 1236/2072/2070
s 192
f 1237/2075/2074 1273/2135/2135 1239/2099/2099 1238/2074/2075
s 195
f 1245/2088/2087 1274/2136/2136 1241/2104/2104 1246/2087/2088
s 198
f 1241/2101/2103 1274/2137/2137 1243/2097/2097 1242/2098/2096
s 192
f 1243/2100/2100 1274/2138/2138 1245/2084/2084 1244/2085/2083
s 200
f 1251/2113/2115 1275/2139/2139 1247/2109/2109 1252/2110/2112
s 191
f 1247/2107/2108 1275/2140/2140 1249/2090/2090 1248/2091/2089
s 198
f 1249/2095/2093 1275/2141/2141 1251/2116/2116 1250/2094/2094
s 195
f 1257/2106/2105 1276/2142/2142 1253/2121/2121 1258/2105/2106
s 200
f 1253/2118/2120 1276/2143/2143 1255/2114/2114 1254/2115/2113
s 198
f 1255/2117/2117 1276/2144/2144 1257/2102/2102 1256/2103/2101
s 190
f 1263/2123/2124 1277/2145/2145 1259/2057/2057 1264/2058/2056
s 191
f 1259/2062/2060 1277/2146/2146 1261/2108/2107 1260/2061/2061
s 200
f 1261/2112/2110 1277/2147/2147 1263/2125/2125 1262/2111/2111
s 195
f 1269/2122/2122 1278/2148/2148 1265/2078/2078 1270/2079/2077
s 190
f 1265/2082/2081 1278/2149/2149 1267/2124/2123 1266/2081/2082
s 200
f 1267/2126/2126 1278/2150/2150 1269/2119/2119 1268/2120/2118
s 201
f 1280/2151/2151 1320/2154/2152 1315/2153/2153 1279/2152/2154
s 202
f 1279/2155/2155 1315/2158/2156 1316/2157/2157 1284/2156/2158
s 203
f 1282/2159/2159 1288/2162/2160 1289/2161/2161 1281/2160/2162
s 201
f 1289/2163/2163 1290/2165/2164 1280/2151/2151 1281/2164/2165
s 202
f 1284/2156/2158 1292/2168/2166 1293/2167/2167 1283/2166/2168
s 203
f 1283/2169/2169 1293/2171/2170 1294/2170/2171 1282/2159/2159
s 206
f 1286/2172/2172 1326/2175/2173 1321/2174/2174 1285/2173/2175
s 201
f 1285/2176/2176 1321/2178/2177 1322/2177/2178 1290/2165/2164
s 203
f 1288/2162/2160 1300/2181/2179 1301/2180/2180 1287/2179/2181
s 206
f 1287/2182/2182 1301/2184/2183 1302/2183/2184 1286/2172/2172
s 202
f 1292/2168/2166 1304/2187/2185 1305/2186/2186 1291/2185/2187
s 209
f 1291/2188/2188 1305/2191/2189 1306/2190/2190 1296/2189/2191
f 1296/2189/2191 1298/2194/2192 1299/2193/2193 1295/2192/2194
s 203
f 1295/2195/2195 1299/2196/2196 1300/2181/2179 1294/2170/2171
s 209
f 1298/2194/2192 1312/2199/2197 1313/2198/2198 1297/2197/2199
s 206
f 1297/2200/2200 1313/2202/2201 1314/2201/2202 1302/2183/2184
s 202
f 1304/2187/2185 1316/2157/2157 1317/2204/2203 1303/2203/2204
s 211
f 1303/2205/2205 1317/2208/2206 1318/2207/2207 1308/2206/2208
f 1308/2206/2208 1310/2211/2209 1311/2210/2210 1307/2209/2211
s 209
f 1307/2212/2212 1311/2213/2213 1312/2199/2197 1306/2190/2190
s 211
f 1310/2211/2209 1324/2216/2214 1325/2215/2215 1309/2214/2216
s 206
f 1309/2217/2217 1325/2218/2218 1326/2175/2173 1314/2201/2202
s 201
f 1320/2154/2152 1322/2177/2178 1323/2220/2219 1319/2219/2220
s 211
f 1319/2221/2221 1323/2222/2222 1324/2216/2214 1318/2207/2207
s 203
f 1294/2170/2171 1300/2181/2179 1288/2162/2160 1282/2159/2159
s 209
f 1306/2190/2190 1312/2199/2197 1298/2194/2192 1296/2189/2191
s 211
f 1318/2207/2207 1324/2216/2214 1310/2211/2209 1308/2206/2208
s 201
f 1280/2151/2151 1290/2165/2164 1322/2177/2178 1320/2154/2152
s 206
f 1286/2172/2172 1302/2183/2184 1314/2201/2202 1326/2175/2173
s 202
f 1316/2157/2157 1304/2187/2185 1292/2168/2166 1284/2156/2158
f 1283/2166/2168 1327/2223/2223 1279/2155/2155 1284/2156/2158
s 201
f 1279/2152/2154 1327/2224/2224 1281/2164/2165 1280/2151/2151
s 203
f 1281/2160/2162 1327/2225/2225 1283/2169/2169 1282/2159/2159
s 201
f 1289/2163/2163 1328/2226/2226 1285/2176/2176 1290/2165/2164
s 206
f 1285/2173/2175 1328/2227/2227 1287/2182/2182 1286/2172/2172
s 203
f 1287/2179/2181 1328/2228/2228 1289/2161/2161 1288/2162/2160
s 209
f 1295/2192/2194 1329/2229/2229 1291/2188/2188 1296/2189/2191
s 202
f 1291/2185/2187 1329/2230/2230 1293/2167/2167 1292/2168/2166
s 203
f 1293/2171/2170 1329/2231/2231 1295/2195/2195 1294/2170/2171
s 206
f 1301/2184/2183 1330/2232/2232 1297/2200/2200 1302/2183/2184
s 209
f 1297/2197/2199 1330/2233/2233 1299/2193/2193 1298/2194/2192
s 203
f 1299/2196/2196 1330/2234/2234 1301/2180/2180 1300/2181/2179
s 211
f 1307/2209/2211 1331/2235/2235 1303/2205/2205 1308/2206/2208
s 202
f 1303/2203/2204 1331/2236/2236 1305/2186/2186 1304/2187/2185
s 209
f 1305/2191/2189 1331/2237/2237 1307/2212/2212 1306/2190/2190
s 206
f 1313/2202/2201 1332/2238/2238 1309/2217/2217 1314/2201/2202
s 211
f 1309/2214/2216 1332/2239/2239 1311/2210/2210 1310/2211/2209
s 209
f 1311/2213/2213 1332/2240/2240 1313/2198/2198 1312/2199/2197
s 201
f 1319/2219/2220 1333/2241/2241 1315/2153/2153 1320/2154/2152
s 202
f 1315/2158/2156 1333/2242/2242 1317/2204/2203 1316/2157/2157
s 211
f 1317/2208/2206 1333/2243/2243 1319/2221/2221 1318/2207/2207
s 206
f 1325/2218/2218 1334/2244/2244 1321/2174/2174 1326/2175/2173
s 201
f 1321/2178/2177 1334/2245/2245 1323/2220/2219 1322/2177/2178
s 211
f 1323/2222/2222 1334/2246/2246 1325/2215/2215 1324/2216/2214
s 212
f 1336/2247/2247 1376/2250/2248 1371/2249/2249 1335/2248/2250
s 213
f 1335/2251/2251 1371/2254/2252 1372/2253/2253 1340/2252/2254
s 214
f 1338/2255/2255 1344/2258/2256 1345/2257/2257 1337/2256/2258
s 212
f 1345/2259/2259 1346/2261/2260 1336/2247/2247 1337/2260/2261
s 213
f 1340/2252/2254 1348/2264/2262 1349/2263/2263 1339/2262/2264
s 214
f 1339/2265/2265 1349/2267/2266 1350/2266/2267 1338/2255/2255
s 217
f 1342/2268/2268 1382/2271/2269 1377/2270/2270 1341/2269/2271
s 212
f 1341/2272/2272 1377/2274/2273 1378/2273/2274 1346/2261/2260
s 214
f 1344/2258/2256 1356/2277/2275 1357/2276/2276 1343/2275/2277
s 217
f 1343/2278/2278 1357/2280/2279 1358/2279/2280 1342/2268/2268
s 213
f 1348/2264/2262 1360/2283/2281 1361/2282/2282 1347/2281/2283
s 220
f 1347/2284/2284 1361/2287/2285 1362/2286/2286 1352/2285/2287
f 1352/2285/2287 1354/2290/2288 1355/2289/2289 1351/2288/2290
s 214
f 1351/2291/2291 1355/2292/2292 1356/2277/2275 1350/2266/2267
s 220
f 1354/2290/2288 1368/2295/2293 1369/2294/2294 1353/2293/2295
s 217
f 1353/2296/2296 1369/2298/2297 1370/2297/2298 1358/2279/2280
s 213
f 1360/2283/2281 1372/2253/2253 1373/2300/2299 1359/2299/2300
s 222
f 1359/2301/2301 1373/2304/2302 1374/2303/2303 1364/2302/2304
f 1364/2302/2304 1366/2307/2305 1367/2306/2306 1363/2305/2307
s 220
f 1363/2308/2308 1367/2309/2309 1368/2295/2293 1362/2286/2286
s 222
f 1366/2307/2305 1380/2312/2310 1381/2311/2311 1365/2310/2312
s 217
f 1365/2313/2313 1381/2314/2314 1382/2271/2269 1370/2297/2298
s 212
f 1376/2250/2248 1378/2273/2274 1379/2316/2315 1375/2315/2316
s 222
f 1375/2317/2317 1379/2318/2318 1380/2312/2310 1374/2303/2303
s 214
f 1350/2266/2267 1356/2277/2275 1344/2258/2256 1338/2255/2255
s 220
f 1362/2286/2286 1368/2295/2293 1354/2290/2288 1352/2285/2287
s 222
f 1374/2303/2303 1380/2312/2310 1366/2307/2305 1364/2302/2304
s 212
f 1336/2247/2247 1346/2261/2260 1378/2273/2274 1376/2250/2248
s 217
f 1342/2268/2268 1358/2279/2280 1370/2297/2298 1382/2271/2269
s 213
f 1372/2253/2253 1360/2283/2281 1348/2264/2262 1340/2252/2254
f 1339/2262/2264 1383/2319/2319 1335/2251/2251 1340/2252/2254
s 212
f 1335/2248/2250 1383/2320/2320 1337/2260/2261 1336/2247/2247
s 214
f 1337/2256/2258 1383/2321/2321 1339/2265/2265 1338/2255/2255
s 212
f 1345/2259/2259 1384/2322/2322 1341/2272/2272 1346/2261/2260
s 217
f 1341/2269/2271 1384/2323/2323 1343/2278/2278 1342/2268/2268
s 214
f 1343/2275/2277 1384/2324/2324 1345/2257/2257 1344/2258/2256
s 220
f 1351/2288/2290 1385/2325/2325 1347/2284/2284 1352/2285/2287
s 213
f 1347/2281/2283 1385/2326/2326 1349/2263/2263 1348/2264/2262
s 214
f 1349/2267/2266 1385/2327/2327 1351/2291/2291 1350/2266/2267
s 217
f 1357/2280/2279 1386/2328/2328 1353/2296/2296 1358/2279/2280
s 220
f 1353/2293/2295 1386/2329/2329 1355/2289/2289 1354/2290/2288
s 214
f 1355/2292/2292 1386/2330/2330 1357/2276/2276 1356/2277/2275
s 222
f 1363/2305/2307 1387/2331/2331 1359/2301/2301 1364/2302/2304
s 213
f 1359/2299/2300 1387/2332/2332 1361/2282/2282 1360/2283/2281
s 220
f 1361/2287/2285 1387/2333/2333 1363/2308/2308 1362/2286/2286
s 217
f 1369/2298/2297 1388/2334/2334 1365/2313/2313 1370/2297/2298
s 222
f 1365/2310/2312 1388/2335/2335 1367/2306/2306 1366/2307/2305
s 220
f 1367/2309/2309 1388/2336/2336 1369/2294/2294 1368/2295/2293
s 212
f 1375/2315/2316 1389/2337/2337 1371/2249/2249 1376/2250/2248
s 213
f 1371/2254/2252 1389/2338/2338 1373/2300/2299 1372/2253/2253
s 222
f 1373/2304/2302 1389/2339/2339 1375/2317/2317 1374/2303/2303
s 217
f 1381/2314/2314 1390/2340/2340 1377/2270/2270 1382/2271/2269
s 212
f 1377/2274/2273 1390/2341/2341 1379/2316/2315 1378/2273/2274
s 222
f 1379/2318/2318 1390/2342/2342 1381/2311/2311 1380/2312/2310
s 223
usemtl lambert1SG
f 1392/2343/2343 1391/2344/2344 1427/2345/2345 1432/2346/2346
s 224
f 1391/2347/2347 1396/2348/2348 1428/2349/2349 1427/2350/2350
s 225
f 1394/2351/2351 1393/2352/2352 1447/2353/2353 1448/2354/2354
s 223
f 1458/2355/2355 1447/2356/2356 1393/2357/2357 1392/2343/2343
s 224
f 1396/2348/2348 1395/2358/2358 1405/2359/2359 1404/2360/2360
s 225
f 1395/2361/2361 1394/2351/2351 1406/2362/2362 1405/2363/2363
s 227
f 1398/2364/2364 1397/2365/2365 1433/2366/2366 1438/2367/2367
s 223
f 1397/2368/2368 1402/2369/2369 1434/2370/2370 1433/2371/2371
s 225
f 1400/2372/2372 1399/2373/2373 1413/2374/2374 1412/2375/2375
s 227
f 1399/2376/2376 1398/2364/2364 1414/2377/2377 1413/2378/2378
s 224
f 1404/2360/2360 1403/2379/2379 1417/2380/2380 1416/2381/2381
s 230
f 1403/2382/2382 1408/2383/2383 1418/2384/2384 1417/2385/2385
f 1408/2383/2383 1407/2386/2386 1450/2387/2387 1451/2388/2388
s 225
f 1407/2389/2389 1406/2362/2362 1449/2390/2390 1450/2391/2391
s 230
f 1410/2392/2392 1409/2393/2393 1425/2394/2394 1424/2395/2395
s 227
f 1409/2396/2396 1414/2377/2377 1426/2397/2397 1425/2398/2398
s 224
f 1416/2381/2381 1415/2399/2399 1429/2400/2400 1428/2349/2349
s 232
f 1415/2401/2401 1420/2402/2402 1430/2403/2403 1429/2404/2404
f 1420/2402/2402 1419/2405/2405 1453/2406/2406 1454/2407/2407
s 230
f 1419/2408/2408 1418/2384/2384 1452/2409/2409 1453/2410/2410
s 232
f 1422/2411/2411 1421/2412/2412 1437/2413/2413 1436/2414/2414
s 227
f 1421/2415/2415 1426/2397/2397 1438/2367/2367 1437/2416/2416
s 223
f 1432/2346/2346 1431/2417/2417 1456/2418/2418 1457/2419/2419
s 232
f 1431/2420/2420 1430/2403/2403 1455/2421/2421 1456/2422/2422
s 225
f 1406/2362/2362 1394/2351/2351 1448/2354/2354 1449/2390/2390
s 230
f 1418/2384/2384 1408/2383/2383 1451/2388/2388 1452/2409/2409
s 232
f 1430/2403/2403 1420/2402/2402 1454/2407/2407 1455/2421/2421
s 223
f 1392/2343/2343 1432/2346/2346 1457/2419/2419 1458/2355/2355
s 227
f 1398/2364/2364 1438/2367/2367 1426/2397/2397 1414/2377/2377
s 224
f 1428/2349/2349 1396/2348/2348 1404/2360/2360 1416/2381/2381
f 1395/2358/2358 1396/2348/2348 1391/2347/2347 1439/2423/2423
s 223
f 1391/2344/2344 1392/2343/2343 1393/2357/2357 1439/2424/2424
s 225
f 1393/2352/2352 1394/2351/2351 1395/2361/2361 1439/2425/2425
s 223
f 1401/2426/2426 1402/2369/2369 1397/2368/2368 1440/2427/2427
s 227
f 1397/2365/2365 1398/2364/2364 1399/2376/2376 1440/2428/2428
s 225
f 1399/2373/2373 1400/2372/2372 1401/2429/2429 1440/2430/2430
s 230
f 1407/2386/2386 1408/2383/2383 1403/2382/2382 1441/2431/2431
s 224
f 1403/2379/2379 1404/2360/2360 1405/2359/2359 1441/2432/2432
s 225
f 1405/2363/2363 1406/2362/2362 1407/2389/2389 1441/2433/2433
s 227
f 1413/2378/2378 1414/2377/2377 1409/2396/2396 1442/2434/2434
s 230
f 1409/2393/2393 1410/2392/2392 1411/2435/2435 1442/2436/2436
s 225
f 1411/2437/2437 1412/2375/2375 1413/2374/2374 1442/2438/2438
s 232
f 1419/2405/2405 1420/2402/2402 1415/2401/2401 1443/2439/2439
s 224
f 1415/2399/2399 1416/2381/2381 1417/2380/2380 1443/2440/2440
s 230
f 1417/2385/2385 1418/2384/2384 1419/2408/2408 1443/2441/2441
s 227
f 1425/2398/2398 1426/2397/2397 1421/2415/2415 1444/2442/2442
s 232
f 1421/2412/2412 1422/2411/2411 1423/2443/2443 1444/2444/2444
s 230
f 1423/2445/2445 1424/2395/2395 1425/2394/2394 1444/2446/2446
s 223
f 1431/2417/2417 1432/2346/2346 1427/2345/2345 1445/2447/2447
s 224
f 1427/2350/2350 1428/2349/2349 1429/2400/2400 1445/2448/2448
s 232
f 1429/2404/2404 1430/2403/2403 1431/2420/2420 1445/2449/2449
s 227
f 1437/2416/2416 1438/2367/2367 1433/2366/2366 1446/2450/2450
s 223
f 1433/2371/2371 1434/2370/2370 1435/2451/2451 1446/2452/2452
s 232
f 1435/2453/2453 1436/2414/2414 1437/2413/2413 1446/2454/2454
s 225
f 1448/2354/2354 1447/2353/2353 1401/2429/2429 1400/2372/2372
f 1449/2390/2390 1448/2354/2354 1400/2372/2372 1412/2375/2375
f 1450/2391/2391 1449/2390/2390 1412/2375/2375 1411/2437/2437
s 230
f 1451/2388/2388 1450/2387/2387 1411/2435/2435 1410/2392/2392
f 1452/2409/2409 1451/2388/2388 1410/2392/2392 1424/2395/2395
f 1453/2410/2410 1452/2409/2409 1424/2395/2395 1423/2445/2445
s 232
f 1454/2407/2407 1453/2406/2406 1423/2443/2443 1422/2411/2411
f 1455/2421/2421 1454/2407/2407 1422/2411/2411 1436/2414/2414
f 1456/2422/2422 1455/2421/2421 1436/2414/2414 1435/2453/2453
s 223
f 1457/2419/2419 1456/2418/2418 1435/2451/2451 1434/2370/2370
f 1458/2355/2355 1457/2419/2419 1434/2370/2370 1402/2369/2369
f 1401/2426/2426 1447/2356/2356 1458/2355/2355 1402/2369/2369
s 234
f 1460/2455/2455 1459/2456/2456 1495/2457/2457 1500/2458/2458
s 235
f 1459/2459/2459 1464/2460/2460 1496/2461/2461 1495/2462/2462
s 236
f 1462/2463/2463 1461/2464/2464 1469/2465/2465 1468/2466/2466
s 234
f 1469/2467/2467 1461/2468/2468 1460/2455/2455 1470/2469/2469
s 235
f 1464/2460/2460 1463/2470/2470 1473/2471/2471 1472/2472/2472
s 236
f 1463/2473/2473 1462/2463/2463 1474/2474/2474 1473/2475/2475
s 237
f 1466/2476/2476 1465/2477/2477 1501/2478/2478 1506/2479/2479
s 234
f 1465/2480/2480 1470/2469/2469 1502/2481/2481 1501/2482/2482
s 236
f 1468/2466/2466 1467/2483/2483 1481/2484/2484 1480/2485/2485
s 237
f 1467/2486/2486 1466/2476/2476 1482/2487/2487 1481/2488/2488
s 235
f 1472/2472/2472 1471/2489/2489 1485/2490/2490 1484/2491/2491
s 238
f 1471/2492/2492 1476/2493/2493 1486/2494/2494 1485/2495/2495
f 1476/2493/2493 1475/2496/2496 1479/2497/2497 1478/2498/2498
s 236
f 1475/2499/2499 1474/2474/2474 1480/2485/2485 1479/2500/2500
s 238
f 1478/2498/2498 1477/2501/2501 1493/2502/2502 1492/2503/2503
s 237
f 1477/2504/2504 1482/2487/2487 1494/2505/2505 1493/2506/2506
s 235
f 1484/2491/2491 1483/2507/2507 1497/2508/2508 1496/2461/2461
s 239
f 1483/2509/2509 1488/2510/2510 1498/2511/2511 1497/2512/2512
f 1488/2510/2510 1487/2513/2513 1491/2514/2514 1490/2515/2515
s 238
f 1487/2516/2516 1486/2494/2494 1492/2503/2503 1491/2517/2517
s 239
f 1490/2515/2515 1489/2518/2518 1505/2519/2519 1504/2520/2520
s 237
f 1489/2521/2521 1494/2505/2505 1506/2479/2479 1505/2522/2522
s 234
f 1500/2458/2458 1499/2523/2523 1503/2524/2524 1502/2481/2481
s 239
f 1499/2525/2525 1498/2511/2511 1504/2520/2520 1503/2526/2526
s 236
f 1474/2474/2474 1462/2463/2463 1468/2466/2466 1480/2485/2485
s 238
f 1486/2494/2494 1476/2493/2493 1478/2498/2498 1492/2503/2503
s 239
f 1498/2511/2511 1488/2510/2510 1490/2515/2515 1504/2520/2520
s 234
f 1460/2455/2455 1500/2458/2458 1502/2481/2481 1470/2469/2469
s 237
f 1466/2476/2476 1506/2479/2479 1494/2505/2505 1482/2487/2487
s 235
f 1496/2461/2461 1464/2460/2460 1472/2472/2472 1484/2491/2491
f 1463/2470/2470 1464/2460/2460 1459/2459/2459 1507/2527/2527
s 234
f 1459/2456/2456 1460/2455/2455 1461/2468/2468 1507/2528/2528
s 236
f 1461/2464/2464 1462/2463/2463 1463/2473/2473 1507/2529/2529
s 234
f 1469/2467/2467 1470/2469/2469 1465/2480/2480 1508/2530/2530
s 237
f 1465/2477/2477 1466/2476/2476 1467/2486/2486 1508/2531/2531
s 236
f 1467/2483/2483 1468/2466/2466 1469/2465/2465 1508/2532/2532
s 238
f 1475/2496/2496 1476/2493/2493 1471/2492/2492 1509/2533/2533
s 235
f 1471/2489/2489 1472/2472/2472 1473/2471/2471 1509/2534/2534
s 236
f 1473/2475/2475 1474/2474/2474 1475/2499/2499 1509/2535/2535
s 237
f 1481/2488/2488 1482/2487/2487 1477/2504/2504 1510/2536/2536
s 238
f 1477/2501/2501 1478/2498/2498 1479/2497/2497 1510/2537/2537
s 236
f 1479/2500/2500 1480/2485/2485 1481/2484/2484 1510/2538/2538
s 239
f 1487/2513/2513 1488/2510/2510 1483/2509/2509 1511/2539/2539
s 235
f 1483/2507/2507 1484/2491/2491 1485/2490/2490 1511/2540/2540
s 238
f 1485/2495/2495 1486/2494/2494 1487/2516/2516 1511/2541/2541
s 237
f 1493/2506/2506 1494/2505/2505 1489/2521/2521 1512/2542/2542
s 239
f 1489/2518/2518 1490/2515/2515 1491/2514/2514 1512/2543/2543
s 238
f 1491/2517/2517 1492/2503/2503 1493/2502/2502 1512/2544/2544
s 234
f 1499/2523/2523 1500/2458/2458 1495/2457/2457 1513/2545/2545
s 235
f 1495/2462/2462 1496/2461/2461 1497/2508/2508 1513/2546/2546
s 239
f 1497/2512/2512 1498/2511/2511 1499/2525/2525 1513/2547/2547
s 237
f 1505/2522/2522 1506/2479/2479 1501/2478/2478 1514/2548/2548
s 234
f 1501/2482/2482 1502/2481/2481 1503/2524/2524 1514/2549/2549
s 239
f 1503/2526/2526 1504/2520/2520 1505/2519/2519 1514/2550/2550
s 240
usemtl pasted__lambert1SG
f 1516/2551/2551 1556/2554/2552 1551/2553/2553 1515/2552/2554
s 241
f 1515/2555/2555 1551/2558/2556 1552/2557/2557 1520/2556/2558
s 242
f 1518/2559/2559 1584/2562/2560 1583/2561/2561 1517/2560/2562
s 240
f 1517/2563/2563 1583/2565/2564 1594/2564/2565 1516/2551/2551
s 241
f 1520/2556/2558 1608/2568/2566 1607/2567/2567 1519/2566/2568
s 242
f 1519/2569/2569 1607/2571/2570 1624/2570/2571 1518/2559/2559
s 245
f 1522/2572/2572 1562/2575/2573 1557/2574/2574 1521/2573/2575
s 240
f 1521/2576/2576 1557/2579/2577 1558/2578/2578 1526/2577/2579
s 242
f 1524/2580/2580 1620/2583/2581 1619/2582/2582 1523/2581/2583
s 245
f 1523/2584/2584 1619/2586/2585 1618/2585/2586 1522/2572/2572
s 241
f 1528/2587/2587 1540/2590/2588 1541/2589/2589 1527/2588/2590
s 250
f 1527/2591/2591 1541/2594/2592 1542/2593/2593 1532/2592/2594
f 1532/2592/2594 1587/2597/2595 1586/2596/2596 1531/2595/2597
s 242
f 1531/2598/2598 1586/2601/2599 1585/2600/2600 1530/2599/2601
s 250
f 1534/2602/2602 1548/2605/2603 1549/2604/2604 1533/2603/2605
s 245
f 1533/2606/2606 1549/2609/2607 1550/2608/2608 1538/2607/2609
s 241
f 1609/2610/2610 1552/2557/2557 1553/2612/2611 1610/2611/2612
s 254
f 1610/2613/2613 1553/2616/2614 1554/2615/2615 1611/2614/2616
f 1544/2617/2617 1590/2620/2618 1589/2619/2619 1543/2618/2620
s 250
f 1543/2621/2621 1589/2623/2622 1588/2622/2623 1542/2593/2593
s 254
f 1615/2624/2624 1560/2627/2625 1561/2626/2626 1616/2625/2627
s 245
f 1616/2628/2628 1561/2630/2629 1562/2575/2573 1617/2629/2630
s 240
f 1556/2554/2552 1593/2633/2631 1592/2632/2632 1555/2631/2633
s 254
f 1555/2634/2634 1592/2636/2635 1591/2635/2636 1554/2615/2615
s 242
f 1518/2559/2559 1624/2570/2571 1623/2637/2637 1584/2562/2560
s 250
f 1532/2592/2594 1542/2593/2593 1588/2622/2623 1587/2597/2595
s 254
f 1611/2614/2616 1554/2615/2615 1591/2635/2636 1612/2638/2638
s 240
f 1556/2554/2552 1516/2551/2551 1594/2564/2565 1593/2633/2631
s 245
f 1522/2572/2572 1618/2585/2586 1617/2629/2630 1562/2575/2573
s 241
f 1552/2557/2557 1609/2610/2610 1608/2568/2566 1520/2556/2558
f 1519/2566/2568 1563/2639/2639 1515/2555/2555 1520/2556/2558
s 240
f 1515/2552/2554 1563/2640/2640 1517/2563/2563 1516/2551/2551
s 242
f 1517/2560/2562 1563/2641/2641 1519/2569/2569 1518/2559/2559
s 240
f 1525/2642/2642 1564/2643/2643 1521/2576/2576 1526/2577/2579
s 245
f 1521/2573/2575 1564/2644/2644 1523/2584/2584 1522/2572/2572
s 242
f 1523/2581/2583 1564/2646/2645 1525/2645/2646 1524/2580/2580
s 250
f 1531/2595/2597 1565/2647/2647 1527/2591/2591 1532/2592/2594
s 241
f 1527/2588/2590 1565/2649/2648 1529/2648/2649 1528/2587/2587
s 242
f 1529/2650/2650 1565/2651/2651 1531/2598/2598 1530/2599/2601
s 245
f 1537/2652/2652 1566/2653/2653 1533/2606/2606 1538/2607/2609
s 250
f 1533/2603/2605 1566/2655/2654 1535/2654/2655 1534/2602/2602
s 242
f 1535/2656/2656 1566/2659/2657 1537/2658/2658 1536/2657/2659
s 254
f 1543/2618/2620 1567/2661/2660 1539/2660/2661 1544/2617/2617
s 241
f 1539/2662/2662 1567/2663/2663 1541/2589/2589 1540/2590/2588
s 250
f 1541/2594/2592 1567/2664/2664 1543/2621/2621 1542/2593/2593
s 245
f 1549/2609/2607 1568/2666/2665 1545/2665/2666 1550/2608/2608
s 254
f 1545/2667/2667 1568/2670/2668 1547/2669/2669 1546/2668/2670
s 250
f 1547/2671/2671 1568/2672/2672 1549/2604/2604 1548/2605/2603
s 240
f 1555/2631/2633 1569/2673/2673 1551/2553/2553 1556/2554/2552
s 241
f 1551/2558/2556 1569/2674/2674 1553/2612/2611 1552/2557/2557
s 254
f 1553/2616/2614 1569/2675/2675 1555/2634/2634 1554/2615/2615
s 245
f 1561/2630/2629 1570/2676/2676 1557/2574/2574 1562/2575/2573
s 240
f 1557/2579/2577 1570/2678/2677 1559/2677/2678 1558/2578/2578
s 254
f 1559/2679/2679 1570/2680/2680 1561/2626/2626 1560/2627/2625
s 242
f 1595/2681/2681 1524/2580/2580 1525/2645/2646 1596/2682/2682
f 1620/2583/2581 1524/2580/2580 1595/2681/2681 1621/2683/2683
f 1605/2684/2684 1535/2656/2656 1536/2657/2659 1606/2685/2685
s 250
f 1604/2686/2686 1534/2602/2602 1535/2654/2655 1605/2687/2687
f 1603/2688/2688 1548/2605/2603 1534/2602/2602 1604/2686/2686
f 1602/2689/2689 1547/2671/2671 1548/2605/2603 1603/2688/2688
s 254
f 1601/2690/2690 1546/2668/2670 1547/2669/2669 1602/2691/2691
f 1600/2692/2692 1560/2627/2625 1615/2624/2624 1614/2693/2693
f 1599/2694/2694 1559/2679/2679 1560/2627/2625 1600/2692/2692
s 240
f 1598/2695/2695 1558/2578/2578 1559/2677/2678 1599/2696/2696
f 1597/2697/2697 1526/2577/2579 1558/2578/2578 1598/2695/2695
f 1596/2698/2698 1525/2642/2642 1526/2577/2579 1597/2697/2697
s 242
f 1584/2562/2560 1572/2700/2699 1571/2699/2700 1583/2561/2561
f 1622/2701/2701 1572/2700/2699 1584/2562/2560 1623/2637/2637
f 1586/2601/2599 1574/2703/2702 1573/2702/2703 1585/2600/2600
s 250
f 1587/2597/2595 1575/2705/2704 1574/2704/2705 1586/2596/2596
f 1588/2622/2623 1576/2706/2706 1575/2705/2704 1587/2597/2595
f 1589/2623/2622 1577/2707/2707 1576/2706/2706 1588/2622/2623
s 254
f 1590/2620/2618 1578/2709/2708 1577/2708/2709 1589/2619/2619
f 1591/2635/2636 1579/2711/2710 1613/2710/2711 1612/2638/2638
f 1592/2636/2635 1580/2712/2712 1579/2711/2710 1591/2635/2636
s 240
f 1593/2633/2631 1581/2714/2713 1580/2713/2714 1592/2632/2632
f 1594/2564/2565 1582/2715/2715 1581/2714/2713 1593/2633/2631
f 1583/2565/2564 1571/2716/2716 1582/2715/2715 1594/2564/2565
s 242
f 1572/2700/2699 1595/2681/2681 1596/2682/2682 1571/2699/2700
s 240
f 1571/2716/2716 1596/2698/2698 1597/2697/2697 1582/2715/2715
f 1582/2715/2715 1597/2697/2697 1598/2695/2695 1581/2714/2713
f 1581/2714/2713 1598/2695/2695 1599/2696/2696 1580/2713/2714
s 254
f 1580/2712/2712 1599/2694/2694 1600/2692/2692 1579/2711/2710
f 1579/2711/2710 1600/2692/2692 1614/2693/2693 1613/2710/2711
f 1578/2709/2708 1601/2690/2690 1602/2691/2691 1577/2708/2709
s 250
f 1577/2707/2707 1602/2689/2689 1603/2688/2688 1576/2706/2706
f 1576/2706/2706 1603/2688/2688 1604/2686/2686 1575/2705/2704
f 1575/2705/2704 1604/2686/2686 1605/2687/2687 1574/2704/2705
s 242
f 1574/2703/2702 1605/2684/2684 1606/2685/2685 1573/2702/2703
f 1621/2683/2683 1595/2681/2681 1572/2700/2699 1622/2701/2701
s 241
f 1608/2568/2566 1528/2587/2587 1529/2648/2649 1607/2567/2567
f 1609/2610/2610 1540/2590/2588 1528/2587/2587 1608/2568/2566
f 1540/2590/2588 1609/2610/2610 1610/2611/2612 1539/2662/2662
s 254
f 1539/2660/2661 1610/2613/2613 1611/2614/2616 1544/2617/2617
f 1544/2617/2617 1611/2614/2616 1612/2638/2638 1590/2620/2618
f 1613/2710/2711 1578/2709/2708 1590/2620/2618 1612/2638/2638
f 1614/2693/2693 1601/2690/2690 1578/2709/2708 1613/2710/2711
f 1615/2624/2624 1546/2668/2670 1601/2690/2690 1614/2693/2693
f 1546/2668/2670 1615/2624/2624 1616/2625/2627 1545/2667/2667
s 245
f 1545/2665/2666 1616/2628/2628 1617/2629/2630 1550/2608/2608
f 1618/2585/2586 1538/2607/2609 1550/2608/2608 1617/2629/2630
f 1619/2586/2585 1537/2652/2652 1538/2607/2609 1618/2585/2586
s 242
f 1620/2583/2581 1536/2657/2659 1537/2658/2658 1619/2582/2582
f 1606/2685/2685 1536/2657/2659 1620/2583/2581 1621/2683/2683
f 1573/2702/2703 1606/2685/2685 1621/2683/2683 1622/2701/2701
f 1585/2600/2600 1573/2702/2703 1622/2701/2701 1623/2637/2637
f 1624/2570/2571 1530/2599/2601 1585/2600/2600 1623/2637/2637
f 1607/2571/2570 1529/2650/2650 1530/2599/2601 1624/2570/2571
s 260
usemtl lambert1SG
f 1626/2717/2717 1625/2718/2718 1661/2719/2719 1666/2720/2720
s 261
f 1625/2721/2721 1630/2722/2722 1662/2723/2723 1661/2724/2724
s 262
f 1628/2725/2725 1627/2726/2726 1635/2727/2727 1634/2728/2728
s 260
f 1635/2729/2729 1627/2730/2730 1626/2717/2717 1636/2731/2731
s 261
f 1630/2722/2722 1629/2732/2732 1639/2733/2733 1638/2734/2734
s 262
f 1629/2735/2735 1628/2725/2725 1640/2736/2736 1639/2737/2737
s 263
f 1632/2738/2738 1631/2739/2739 1667/2740/2740 1672/2741/2741
s 260
f 1631/2742/2742 1636/2731/2731 1668/2743/2743 1667/2744/2744
s 262
f 1634/2728/2728 1633/2745/2745 1647/2746/2746 1646/2747/2747
s 263
f 1633/2748/2748 1632/2738/2738 1648/2749/2749 1647/2750/2750
s 261
f 1638/2734/2734 1637/2751/2751 1651/2752/2752 1650/2753/2753
s 264
f 1637/2754/2754 1642/2755/2755 1652/2756/2756 1651/2757/2757
f 1642/2755/2755 1641/2758/2758 1645/2759/2759 1644/2760/2760
s 262
f 1641/2761/2761 1640/2736/2736 1646/2747/2747 1645/2762/2762
s 264
f 1644/2760/2760 1643/2763/2763 1659/2764/2764 1658/2765/2765
s 263
f 1643/2766/2766 1648/2749/2749 1660/2767/2767 1659/2768/2768
s 261
f 1650/2753/2753 1649/2769/2769 1663/2770/2770 1662/2723/2723
s 265
f 1649/2771/2771 1654/2772/2772 1664/2773/2773 1663/2774/2774
f 1654/2772/2772 1653/2775/2775 1657/2776/2776 1656/2777/2777
s 264
f 1653/2778/2778 1652/2756/2756 1658/2765/2765 1657/2779/2779
s 265
f 1656/2777/2777 1655/2780/2780 1671/2781/2781 1670/2782/2782
s 263
f 1655/2783/2783 1660/2767/2767 1672/2741/2741 1671/2784/2784
s 260
f 1666/2720/2720 1665/2785/2785 1669/2786/2786 1668/2743/2743
s 265
f 1665/2787/2787 1664/2773/2773 1670/2782/2782 1669/2788/2788
s 262
f 1640/2736/2736 1628/2725/2725 1634/2728/2728 1646/2747/2747
s 264
f 1652/2756/2756 1642/2755/2755 1644/2760/2760 1658/2765/2765
s 265
f 1664/2773/2773 1654/2772/2772 1656/2777/2777 1670/2782/2782
s 260
f 1626/2717/2717 1666/2720/2720 1668/2743/2743 1636/2731/2731
s 263
f 1632/2738/2738 1672/2741/2741 1660/2767/2767 1648/2749/2749
s 261
f 1662/2723/2723 1630/2722/2722 1638/2734/2734 1650/2753/2753
f 1629/2732/2732 1630/2722/2722 1625/2721/2721 1673/2789/2789
s 260
f 1625/2718/2718 1626/2717/2717 1627/2730/2730 1673/2790/2790
s 262
f 1627/2726/2726 1628/2725/2725 1629/2735/2735 1673/2791/2791
s 260
f 1635/2729/2729 1636/2731/2731 1631/2742/2742 1674/2792/2792
s 263
f 1631/2739/2739 1632/2738/2738 1633/2748/2748 1674/2793/2793
s 262
f 1633/2745/2745 1634/2728/2728 1635/2727/2727 1674/2794/2794
s 264
f 1641/2758/2758 1642/2755/2755 1637/2754/2754 1675/2795/2795
s 261
f 1637/2751/2751 1638/2734/2734 1639/2733/2733 1675/2796/2796
s 262
f 1639/2737/2737 1640/2736/2736 1641/2761/2761 1675/2797/2797
s 263
f 1647/2750/2750 1648/2749/2749 1643/2766/2766 1676/2798/2798
s 264
f 1643/2763/2763 1644/2760/2760 1645/2759/2759 1676/2799/2799
s 262
f 1645/2762/2762 1646/2747/2747 1647/2746/2746 1676/2800/2800
s 265
f 1653/2775/2775 1654/2772/2772 1649/2771/2771 1677/2801/2801
s 261
f 1649/2769/2769 1650/2753/2753 1651/2752/2752 1677/2802/2802
s 264
f 1651/2757/2757 1652/2756/2756 1653/2778/2778 1677/2803/2803
s 263
f 1659/2768/2768 1660/2767/2767 1655/2783/2783 1678/2804/2804
s 265
f 1655/2780/2780 1656/2777/2777 1657/2776/2776 1678/2805/2805
s 264
f 1657/2779/2779 1658/2765/2765 1659/2764/2764 1678/2806/2806
s 260
f 1665/2785/2785 1666/2720/2720 1661/2719/2719 1679/2807/2807
s 261
f 1661/2724/2724 1662/2723/2723 1663/2770/2770 1679/2808/2808
s 265
f 1663/2774/2774 1664/2773/2773 1665/2787/2787 1679/2809/2809
s 263
f 1671/2784/2784 1672/2741/2741 1667/2740/2740 1680/2810/2810
s 260
f 1667/2744/2744 1668/2743/2743 1669/2786/2786 1680/2811/2811
s 265
f 1669/2788/2788 1670/2782/2782 1671/2781/2781 1680/2812/2812
s 266
f 1682/2813/2813 1681/2814/2814 1717/2815/2815 1722/2816/2816
s 267
f 1681/2817/2817 1686/2818/2818 1718/2819/2819 1717/2820/2820
s 268
f 1684/2821/2821 1683/2822/2822 1737/2823/2823 1738/2824/2824
s 266
f 1748/2825/2825 1737/2826/2826 1683/2827/2827 1682/2813/2813
s 267
f 1686/2818/2818 1685/2828/2828 1695/2829/2829 1694/2830/2830
s 268
f 1685/2831/2831 1684/2821/2821 1696/2832/2832 1695/2833/2833
s 270
f 1688/2834/2834 1687/2835/2835 1723/2836/2836 1728/2837/2837
s 266
f 1687/2838/2838 1692/2839/2839 1724/2840/2840 1723/2841/2841
s 268
f 1690/2842/2842 1689/2843/2843 1703/2844/2844 1702/2845/2845
s 270
f 1689/2846/2846 1688/2834/2834 1704/2847/2847 1703/2848/2848
s 267
f 1694/2830/2830 1693/2849/2849 1707/2850/2850 1706/2851/2851
s 273
f 1693/2852/2852 1698/2853/2853 1708/2854/2854 1707/2855/2855
f 1698/2853/2853 1697/2856/2856 1740/2857/2857 1741/2858/2858
s 268
f 1697/2859/2859 1696/2832/2832 1739/2860/2860 1740/2861/2861
s 273
f 1700/2862/2862 1699/2863/2863 1715/2864/2864 1714/2865/2865
s 270
f 1699/2866/2866 1704/2847/2847 1716/2867/2867 1715/2868/2868
s 267
f 1706/2851/2851 1705/2869/2869 1719/2870/2870 1718/2819/2819
s 275
f 1705/2871/2871 1710/2872/2872 1720/2873/2873 1719/2874/2874
f 1710/2872/2872 1709/2875/2875 1743/2876/2876 1744/2877/2877
s 273
f 1709/2878/2878 1708/2854/2854 1742/2879/2879 1743/2880/2880
s 275
f 1712/2881/2881 1711/2882/2882 1727/2883/2883 1726/2884/2884
s 270
f 1711/2885/2885 1716/2867/2867 1728/2837/2837 1727/2886/2886
s 266
f 1722/2816/2816 1721/2887/2887 1746/2888/2888 1747/2889/2889
s 275
f 1721/2890/2890 1720/2873/2873 1745/2891/2891 1746/2892/2892
s 268
f 1696/2832/2832 1684/2821/2821 1738/2824/2824 1739/2860/2860
s 273
f 1708/2854/2854 1698/2853/2853 1741/2858/2858 1742/2879/2879
s 275
f 1720/2873/2873 1710/2872/2872 1744/2877/2877 1745/2891/2891
s 266
f 1682/2813/2813 1722/2816/2816 1747/2889/2889 1748/2825/2825
s 270
f 1688/2834/2834 1728/2837/2837 1716/2867/2867 1704/2847/2847
s 267
f 1718/2819/2819 1686/2818/2818 1694/2830/2830 1706/2851/2851
f 1685/2828/2828 1686/2818/2818 1681/2817/2817 1729/2893/2893
s 266
f 1681/2814/2814 1682/2813/2813 1683/2827/2827 1729/2894/2894
s 268
f 1683/2822/2822 1684/2821/2821 1685/2831/2831 1729/2895/2895
s 266
f 1691/2896/2896 1692/2839/2839 1687/2838/2838 1730/2897/2897
s 270
f 1687/2835/2835 1688/2834/2834 1689/2846/2846 1730/2898/2898
s 268
f 1689/2843/2843 1690/2842/2842 1691/2899/2899 1730/2900/2900
s 273
f 1697/2856/2856 1698/2853/2853 1693/2852/2852 1731/2901/2901
s 267
f 1693/2849/2849 1694/2830/2830 1695/2829/2829 1731/2902/2902
s 268
f 1695/2833/2833 1696/2832/2832 1697/2859/2859 1731/2903/2903
s 270
f 1703/2848/2848 1704/2847/2847 1699/2866/2866 1732/2904/2904
s 273
f 1699/2863/2863 1700/2862/2862 1701/2905/2905 1732/2906/2906
s 268
f 1701/2907/2907 1702/2845/2845 1703/2844/2844 1732/2908/2908
s 275
f 1709/2875/2875 1710/2872/2872 1705/2871/2871 1733/2909/2909
s 267
f 1705/2869/2869 1706/2851/2851 1707/2850/2850 1733/2910/2910
s 273
f 1707/2855/2855 1708/2854/2854 1709/2878/2878 1733/2911/2911
s 270
f 1715/2868/2868 1716/2867/2867 1711/2885/2885 1734/2912/2912
s 275
f 1711/2882/2882 1712/2881/2881 1713/2913/2913 1734/2914/2914
s 273
f 1713/2915/2915 1714/2865/2865 1715/2864/2864 1734/2916/2916
s 266
f 1721/2887/2887 1722/2816/2816 1717/2815/2815 1735/2917/2917
s 267
f 1717/2820/2820 1718/2819/2819 1719/2870/2870 1735/2918/2918
s 275
f 1719/2874/2874 1720/2873/2873 1721/2890/2890 1735/2919/2919
s 270
f 1727/2886/2886 1728/2837/2837 1723/2836/2836 1736/2920/2920
s 266
f 1723/2841/2841 1724/2840/2840 1725/2921/2921 1736/2922/2922
s 275
f 1725/2923/2923 1726/2884/2884 1727/2883/2883 1736/2924/2924
s 268
f 1738/2824/2824 1737/2823/2823 1691/2899/2899 1690/2842/2842
f 1739/2860/2860 1738/2824/2824 1690/2842/2842 1702/2845/2845
f 1740/2861/2861 1739/2860/2860 1702/2845/2845 1701/2907/2907
s 273
f 1741/2858/2858 1740/2857/2857 1701/2905/2905 1700/2862/2862
f 1742/2879/2879 1741/2858/2858 1700/2862/2862 1714/2865/2865
f 1743/2880/2880 1742/2879/2879 1714/2865/2865 1713/2915/2915
s 275
f 1744/2877/2877 1743/2876/2876 1713/2913/2913 1712/2881/2881
f 1745/2891/2891 1744/2877/2877 1712/2881/2881 1726/2884/2884
f 1746/2892/2892 1745/2891/2891 1726/2884/2884 1725/2923/2923
s 266
f 1747/2889/2889 1746/2888/2888 1725/2921/2921 1724/2840/2840
f 1748/2825/2825 1747/2889/2889 1724/2840/2840 1692/2839/2839
f 1691/2896/2896 1737/2826/2826 1748/2825/2825 1692/2839/2839
s 277
f 1750/2925/2925 1749/2926/2926 1785/2927/2927 1790/2928/2928
s 278
f 1749/2929/2929 1754/2930/2930 1786/2931/2931 1785/2932/2932
s 279
f 1752/2933/2933 1751/2934/2934 1759/2935/2935 1758/2936/2936
s 277
f 1759/2937/2937 1751/2938/2938 1750/2925/2925 1760/2939/2939
s 278
f 1754/2930/2930 1753/2940/2940 1763/2941/2941 1762/2942/2942
s 279
f 1753/2943/2943 1752/2933/2933 1764/2944/2944 1763/2945/2945
s 280
f 1756/2946/2946 1755/2947/2947 1791/2948/2948 1796/2949/2949
s 277
f 1755/2950/2950 1760/2939/2939 1792/2951/2951 1791/2952/2952
s 279
f 1758/2936/2936 1757/2953/2953 1771/2954/2954 1770/2955/2955
s 280
f 1757/2956/2956 1756/2946/2946 1772/2957/2957 1771/2958/2958
s 278
f 1762/2942/2942 1761/2959/2959 1775/2960/2960 1774/2961/2961
s 281
f 1761/2962/2962 1766/2963/2963 1776/2964/2964 1775/2965/2965
f 1766/2963/2963 1765/2966/2966 1769/2967/2967 1768/2968/2968
s 279
f 1765/2969/2969 1764/2944/2944 1770/2955/2955 1769/2970/2970
s 281
f 1768/2968/2968 1767/2971/2971 1783/2972/2972 1782/2973/2973
s 280
f 1767/2974/2974 1772/2957/2957 1784/2975/2975 1783/2976/2976
s 278
f 1774/2961/2961 1773/2977/2977 1787/2978/2978 1786/2931/2931
s 282
f 1773/2979/2979 1778/2980/2980 1788/2981/2981 1787/2982/2982
f 1778/2980/2980 1777/2983/2983 1781/2984/2984 1780/2985/2985
s 281
f 1777/2986/2986 1776/2964/2964 1782/2973/2973 1781/2987/2987
s 282
f 1780/2985/2985 1779/2988/2988 1795/2989/2989 1794/2990/2990
s 280
f 1779/2991/2991 1784/2975/2975 1796/2949/2949 1795/2992/2992
s 277
f 1790/2928/2928 1789/2993/2993 1793/2994/2994 1792/2951/2951
s 282
f 1789/2995/2995 1788/2981/2981 1794/2990/2990 1793/2996/2996
s 279
f 1764/2944/2944 1752/2933/2933 1758/2936/2936 1770/2955/2955
s 281
f 1776/2964/2964 1766/2963/2963 1768/2968/2968 1782/2973/2973
s 282
f 1788/2981/2981 1778/2980/2980 1780/2985/2985 1794/2990/2990
s 277
f 1750/2925/2925 1790/2928/2928 1792/2951/2951 1760/2939/2939
s 280
f 1756/2946/2946 1796/2949/2949 1784/2975/2975 1772/2957/2957
s 278
f 1786/2931/2931 1754/2930/2930 1762/2942/2942 1774/2961/2961
f 1753/2940/2940 1754/2930/2930 1749/2929/2929 1797/2997/2997
s 277
f 1749/2926/2926 1750/2925/2925 1751/2938/2938 1797/2998/2998
s 279
f 1751/2934/2934 1752/2933/2933 1753/2943/2943 1797/2999/2999
s 277
f 1759/2937/2937 1760/2939/2939 1755/2950/2950 1798/3000/3000
s 280
f 1755/2947/2947 1756/2946/2946 1757/2956/2956 1798/3001/3001
s 279
f 1757/2953/2953 1758/2936/2936 1759/2935/2935 1798/3002/3002
s 281
f 1765/2966/2966 1766/2963/2963 1761/2962/2962 1799/3003/3003
s 278
f 1761/2959/2959 1762/2942/2942 1763/2941/2941 1799/3004/3004
s 279
f 1763/2945/2945 1764/2944/2944 1765/2969/2969 1799/3005/3005
s 280
f 1771/2958/2958 1772/2957/2957 1767/2974/2974 1800/3006/3006
s 281
f 1767/2971/2971 1768/2968/2968 1769/2967/2967 1800/3007/3007
s 279
f 1769/2970/2970 1770/2955/2955 1771/2954/2954 1800/3008/3008
s 282
f 1777/2983/2983 1778/2980/2980 1773/2979/2979 1801/3009/3009
s 278
f 1773/2977/2977 1774/2961/2961 1775/2960/2960 1801/3010/3010
s 281
f 1775/2965/2965 1776/2964/2964 1777/2986/2986 1801/3011/3011
s 280
f 1783/2976/2976 1784/2975/2975 1779/2991/2991 1802/3012/3012
s 282
f 1779/2988/2988 1780/2985/2985 1781/2984/2984 1802/3013/3013
s 281
f 1781/2987/2987 1782/2973/2973 1783/2972/2972 1802/3014/3014
s 277
f 1789/2993/2993 1790/2928/2928 1785/2927/2927 1803/3015/3015
s 278
f 1785/2932/2932 1786/2931/2931 1787/2978/2978 1803/3016/3016
s 282
f 1787/2982/2982 1788/2981/2981 1789/2995/2995 1803/3017/3017
s 280
f 1795/2992/2992 1796/2949/2949 1791/2948/2948 1804/3018/3018
s 277
f 1791/2952/2952 1792/2951/2951 1793/2994/2994 1804/3019/3019
s 282
f 1793/2996/2996 1794/2990/2990 1795/2989/2989 1804/3020/3020
