# This file uses centimeters as units for non-parametric coordinates.

mtllib door_1.mtl
g default
v 0.306156 0.904254 -0.002648
v 0.296967 0.909560 -0.002648
v 0.286517 0.907717 -0.002648
v 0.279696 0.899589 -0.002648
v 0.279696 0.888977 -0.002648
v 0.286517 0.880849 -0.002648
v 0.296966 0.879006 -0.002648
v 0.306156 0.884312 -0.002648
v 0.309785 0.894283 -0.002648
v 0.306156 0.904254 0.052325
v 0.296967 0.909560 0.052325
v 0.286517 0.907717 0.052325
v 0.279696 0.899589 0.052325
v 0.279696 0.888977 0.052325
v 0.286517 0.880849 0.052325
v 0.296966 0.879006 0.052325
v 0.306156 0.884312 0.052325
v 0.309785 0.894283 0.052325
v -0.281707 0.223262 -0.002648
v -0.290897 0.228568 -0.002648
v -0.301347 0.226725 -0.002648
v -0.308168 0.218596 -0.002648
v -0.308168 0.207985 -0.002648
v -0.301347 0.199857 -0.002648
v -0.290897 0.198014 -0.002648
v -0.281707 0.203320 -0.002648
v -0.278078 0.213291 -0.002648
v -0.281707 0.223262 0.052325
v -0.290897 0.228568 0.052325
v -0.301347 0.226725 0.052325
v -0.308168 0.218596 0.052325
v -0.308168 0.207985 0.052325
v -0.301347 0.199857 0.052325
v -0.290897 0.198014 0.052325
v -0.281707 0.203320 0.052325
v -0.278078 0.213291 0.052325
v 0.176954 0.613694 -0.002648
v 0.176954 0.610937 0.052440
v 0.176954 0.598776 0.062645
v 0.176954 0.582899 0.062645
v 0.176954 0.570738 0.052440
v 0.176954 0.567981 -0.002648
v 0.176954 0.575919 -0.002648
v 0.205138 0.605756 -0.002648
v 0.205138 0.613694 -0.002648
v 0.205138 0.610937 0.052440
v 0.205138 0.598776 0.062645
v 0.205138 0.582899 0.062645
v 0.205138 0.570738 0.052440
v 0.205138 0.567981 -0.002648
v -0.343724 0.854555 0.031104
v -0.343724 0.862527 0.039075
v -0.350904 0.862527 -0.002648
v 0.334641 0.862527 -0.002648
v 0.327461 0.862527 0.039075
v 0.327461 0.854555 0.031104
v -0.350904 0.989330 -0.002648
v -0.343724 0.989330 0.039075
v -0.343724 0.997301 0.031104
v 0.327461 0.997301 0.031104
v 0.327461 0.989330 0.039075
v 0.334641 0.989330 -0.002648
v -0.350904 0.989330 -0.002648
v -0.343724 0.997301 -0.002648
v 0.327461 0.997301 -0.002648
v 0.334641 0.989330 -0.002648
v -0.343724 0.854555 -0.002648
v -0.350904 0.862527 -0.002648
v 0.334641 0.862527 -0.002648
v 0.327461 0.854555 -0.002648
v -0.150764 0.989842 -0.002648
v -0.150764 0.989842 0.031104
v -0.150764 0.982046 0.039075
v -0.150764 0.858031 0.039075
v -0.150764 0.850235 0.031104
v -0.150764 0.850235 -0.002648
v 0.053779 0.995136 -0.002648
v 0.053778 0.995136 0.031104
v 0.053779 0.987165 0.039075
v 0.053778 0.860362 0.039075
v 0.053779 0.852391 0.031104
v 0.053779 0.852391 -0.002648
v 0.203807 1.003295 -0.002648
v 0.203807 1.003295 0.031104
v 0.203807 0.995061 0.039075
v 0.203807 0.864076 0.039075
v 0.203807 0.855842 0.031104
v 0.203807 0.855842 -0.002648
v -0.329730 0.105176 0.033162
v -0.329730 0.113148 0.041134
v -0.336744 0.113148 -0.002648
v 0.332893 0.127012 -0.002648
v 0.325879 0.127012 0.041134
v 0.325879 0.119041 0.033162
v -0.336744 0.239951 -0.002648
v -0.329730 0.239951 0.041134
v -0.329730 0.247922 0.033162
v 0.325879 0.261787 0.033162
v 0.325879 0.253815 0.041134
v 0.332893 0.253815 -0.002648
v -0.336744 0.239951 -0.002648
v -0.329730 0.247922 -0.002648
v 0.325879 0.261787 -0.002648
v 0.332893 0.253815 -0.002648
v -0.329730 0.105176 -0.002648
v -0.336744 0.113148 -0.002648
v 0.332893 0.127012 -0.002648
v 0.325879 0.119041 -0.002648
v -0.169276 0.249938 -0.002648
v -0.169276 0.249938 0.033162
v -0.169276 0.241967 0.041134
v -0.169276 0.115164 0.041134
v -0.169276 0.107192 0.033162
v -0.169276 0.107192 -0.002648
v -0.038817 0.256149 -0.002648
v -0.038817 0.256149 0.033162
v -0.038817 0.248177 0.041134
v -0.038817 0.121375 0.041134
v -0.038817 0.113403 0.033162
v -0.038817 0.113403 -0.002648
v 0.180568 0.257234 -0.002648
v 0.180568 0.257234 0.033162
v 0.180568 0.249263 0.041134
v 0.180568 0.122460 0.041134
v 0.180568 0.114488 0.033162
v 0.180568 0.114488 -0.002648
v 0.300182 0.165439 -0.002648
v 0.290992 0.170745 -0.002648
v 0.280542 0.168902 -0.002648
v 0.273722 0.160773 -0.002648
v 0.273722 0.150162 -0.002648
v 0.280542 0.142034 -0.002648
v 0.290992 0.140191 -0.002648
v 0.300182 0.145497 -0.002648
v 0.303811 0.155468 -0.002648
v 0.300182 0.165439 0.052325
v 0.290992 0.170745 0.052325
v 0.280542 0.168902 0.052325
v 0.273722 0.160773 0.052325
v 0.273722 0.150162 0.052325
v 0.280542 0.142034 0.052325
v 0.290992 0.140191 0.052325
v 0.300182 0.145497 0.052325
v 0.303811 0.155468 0.052325
v -0.278428 0.153265 -0.002648
v -0.287617 0.158571 -0.002648
v -0.298067 0.156728 -0.002648
v -0.304888 0.148600 -0.002648
v -0.304888 0.137989 -0.002648
v -0.298067 0.129860 -0.002648
v -0.287617 0.128017 -0.002648
v -0.278428 0.133323 -0.002648
v -0.274798 0.143294 -0.002648
v -0.278428 0.153265 0.052325
v -0.287617 0.158571 0.052325
v -0.298067 0.156728 0.052325
v -0.304888 0.148600 0.052325
v -0.304888 0.137989 0.052325
v -0.298067 0.129860 0.052325
v -0.287617 0.128017 0.052325
v -0.278428 0.133323 0.052325
v -0.274798 0.143294 0.052325
v -0.281626 0.973420 -0.002648
v -0.290816 0.978725 -0.002648
v -0.301266 0.976883 -0.002648
v -0.308086 0.968754 -0.002648
v -0.308086 0.958143 -0.002648
v -0.301266 0.950014 -0.002648
v -0.290816 0.948172 -0.002648
v -0.281626 0.953477 -0.002648
v -0.277997 0.963448 -0.002648
v -0.281626 0.973420 0.052325
v -0.290816 0.978725 0.052325
v -0.301266 0.976883 0.052325
v -0.308086 0.968754 0.052325
v -0.308086 0.958143 0.052325
v -0.301266 0.950014 0.052325
v -0.290816 0.948172 0.052325
v -0.281626 0.953477 0.052325
v -0.277997 0.963448 0.052325
v 0.303405 0.234486 -0.002648
v 0.294215 0.239791 -0.002648
v 0.283765 0.237949 -0.002648
v 0.276945 0.229820 -0.002648
v 0.276945 0.219209 -0.002648
v 0.283765 0.211080 -0.002648
v 0.294215 0.209238 -0.002648
v 0.303405 0.214543 -0.002648
v 0.307034 0.224514 -0.002648
v 0.303405 0.234486 0.052325
v 0.294215 0.239791 0.052325
v 0.283765 0.237949 0.052325
v 0.276945 0.229820 0.052325
v 0.276945 0.219209 0.052325
v 0.283765 0.211080 0.052325
v 0.294215 0.209238 0.052325
v 0.303405 0.214543 0.052325
v 0.307034 0.224514 0.052325
v -0.281626 0.899830 -0.002648
v -0.290816 0.905136 -0.002648
v -0.301266 0.903293 -0.002648
v -0.308086 0.895164 -0.002648
v -0.308086 0.884553 -0.002648
v -0.301266 0.876425 -0.002648
v -0.290816 0.874582 -0.002648
v -0.281626 0.879888 -0.002648
v -0.277997 0.889859 -0.002648
v -0.281626 0.899830 0.052325
v -0.290816 0.905136 0.052325
v -0.301266 0.903293 0.052325
v -0.308086 0.895164 0.052325
v -0.308086 0.884553 0.052325
v -0.301266 0.876425 0.052325
v -0.290816 0.874582 0.052325
v -0.281626 0.879888 0.052325
v -0.277997 0.889859 0.052325
v 0.096527 0.510567 0.032575
v 0.096527 0.516789 0.040547
v 0.087943 0.516789 0.032575
v 0.297503 0.516789 0.032575
v 0.287758 0.516789 0.040547
v 0.287758 0.510567 0.032575
v 0.087943 0.615766 0.032575
v 0.096527 0.615766 0.040547
v 0.096527 0.621988 0.032575
v 0.287758 0.621988 0.032575
v 0.287758 0.615766 0.040547
v 0.297503 0.615766 0.032575
v 0.087943 0.615766 -0.002648
v 0.096527 0.621988 -0.002648
v 0.287758 0.621988 -0.002648
v 0.297503 0.615766 -0.002648
v 0.096527 0.510567 -0.002648
v 0.087943 0.516789 -0.002648
v 0.297503 0.516789 -0.002648
v 0.287758 0.510567 -0.002648
v 0.134828 0.625172 -0.002648
v 0.134828 0.625172 0.032575
v 0.134828 0.618743 0.040547
v 0.134828 0.516475 0.040547
v 0.134828 0.510046 0.032575
v 0.134828 0.510046 -0.002648
v 0.186400 0.625172 -0.002648
v 0.186400 0.625172 0.032575
v 0.186400 0.618743 0.040547
v 0.186400 0.516475 0.040547
v 0.186400 0.510046 0.032575
v 0.186400 0.510046 -0.002648
v 0.305037 0.978483 -0.002648
v 0.295847 0.983789 -0.002648
v 0.285397 0.981946 -0.002648
v 0.278577 0.973817 -0.002648
v 0.278577 0.963206 -0.002648
v 0.285397 0.955078 -0.002648
v 0.295847 0.953235 -0.002648
v 0.305037 0.958541 -0.002648
v 0.308666 0.968512 -0.002648
v 0.305037 0.978483 0.052325
v 0.295847 0.983789 0.052325
v 0.285397 0.981946 0.052325
v 0.278577 0.973817 0.052325
v 0.278577 0.963206 0.052325
v 0.285397 0.955078 0.052325
v 0.295847 0.953235 0.052325
v 0.305037 0.958541 0.052325
v 0.308666 0.968512 0.052325
v -0.372553 0.003153 0.042207
v -0.382881 -0.007353 0.031701
v 0.372553 0.003153 0.042207
v 0.382881 -0.007353 0.031701
v -0.375038 1.071800 0.042207
v -0.385038 1.075063 0.031701
v -0.362092 1.127261 0.031701
v -0.352734 1.122494 0.042207
v 0.385038 1.075063 0.031701
v 0.375038 1.071800 0.042207
v 0.362092 1.127261 0.031701
v 0.352734 1.122494 0.042207
v -0.321725 1.174282 0.042207
v -0.330407 1.180195 0.031701
v -0.285267 1.237702 0.031701
v -0.277516 1.230612 0.042207
v 0.330407 1.180195 0.031701
v 0.321725 1.174282 0.042207
v 0.285267 1.237702 0.031701
v 0.277516 1.230612 0.042207
v -0.218776 1.285293 0.042207
v -0.225082 1.293717 0.031701
v -0.160217 1.332631 0.031701
v -0.155521 1.323244 0.042207
v 0.225082 1.293717 0.031701
v 0.218776 1.285293 0.042207
v 0.160217 1.332631 0.031701
v 0.155521 1.323244 0.042207
v -0.090613 1.350344 0.042207
v -0.093543 1.360452 0.031701
v -0.028862 1.361512 0.042207
v -0.029769 1.371974 0.031701
v 0.093543 1.360452 0.031701
v 0.090613 1.350344 0.042207
v 0.028862 1.361512 0.042207
v 0.029769 1.371974 0.031701
v 0.305662 0.069134 0.014461
v -0.305662 0.069134 0.014461
v -0.307702 1.023978 0.014461
v 0.307702 1.023978 0.014461
v 0.289402 1.069273 0.014461
v -0.289402 1.069273 0.014461
v -0.263960 1.115547 0.014461
v 0.263960 1.115547 0.014461
v 0.227689 1.165878 0.014461
v -0.227689 1.165878 0.014461
v -0.179496 1.214736 0.014461
v 0.179496 1.214736 0.014461
v 0.127598 1.248645 0.014461
v -0.127598 1.248645 0.014461
v -0.074344 1.272859 0.014461
v 0.074344 1.272859 0.014461
v 0.021310 1.281955 0.018160
v -0.021310 1.281955 0.018160
v 0.315630 0.058773 0.042207
v 0.305662 0.069134 0.031110
v -0.315630 0.058773 0.042207
v -0.305662 0.069134 0.031110
v 0.317394 1.027023 0.042207
v 0.307702 1.023978 0.031110
v 0.298534 1.073749 0.042207
v 0.289402 1.069273 0.031110
v -0.317394 1.027023 0.042207
v -0.307702 1.023978 0.031110
v -0.298534 1.073749 0.042207
v -0.289402 1.069273 0.031110
v 0.272489 1.121133 0.042207
v 0.263960 1.115547 0.031110
v 0.235364 1.172636 0.042207
v 0.227689 1.165878 0.031110
v -0.272489 1.121133 0.042207
v -0.263960 1.115547 0.031110
v -0.235364 1.172636 0.042207
v -0.227689 1.165878 0.031110
v 0.185808 1.222860 0.042207
v 0.179496 1.214736 0.031110
v 0.132348 1.257785 0.042207
v 0.127598 1.248645 0.031110
v -0.185808 1.222860 0.042207
v -0.179496 1.214736 0.031110
v -0.132348 1.257785 0.042207
v -0.127598 1.248645 0.031110
v 0.077329 1.282781 0.042207
v 0.074344 1.272859 0.031110
v 0.024608 1.293151 0.042207
v 0.023680 1.282838 0.031110
v -0.024608 1.293151 0.042207
v -0.023680 1.282838 0.031110
v -0.077329 1.282781 0.042207
v -0.074344 1.272859 0.031110
v -0.299662 1.045993 0.014461
v 0.247379 1.140346 0.014461
v -0.247379 1.140346 0.014461
v 0.153813 1.233307 0.014461
v -0.153813 1.233307 0.014461
v 0.048532 1.279434 0.014461
v -0.048532 1.279434 0.014461
v 0.277735 1.092157 0.014461
v -0.277735 1.092157 0.014461
v 0.204592 1.191467 0.014461
v -0.204592 1.191467 0.014461
v 0.100903 1.262213 0.014461
v -0.100903 1.262213 0.014461
v 0.312707 1.004890 0.014461
v -0.312707 1.004890 0.014461
v 0.327917 0.971034 0.042207
v 0.317833 0.970057 0.031110
v -0.317833 0.970057 0.031110
v -0.327917 0.971034 0.042207
v 0.322587 1.007181 0.042207
v 0.312707 1.004890 0.031110
v -0.312707 1.004890 0.031110
v -0.322587 1.007181 0.042207
v 0.309091 1.049783 0.042207
v 0.299662 1.045993 0.031110
v 0.286578 1.097209 0.042207
v 0.277735 1.092157 0.031110
v -0.299662 1.045993 0.031110
v -0.309091 1.049783 0.042207
v -0.277735 1.092157 0.031110
v -0.286578 1.097209 0.042207
v 0.255534 1.146492 0.042207
v 0.247379 1.140346 0.031110
v 0.211632 1.198919 0.042207
v 0.204592 1.191467 0.031110
v -0.247379 1.140346 0.031110
v -0.255534 1.146492 0.042207
v -0.204592 1.191467 0.031110
v -0.211632 1.198919 0.042207
v 0.159364 1.241980 0.042207
v 0.153813 1.233307 0.031110
v 0.104809 1.271780 0.042207
v 0.100903 1.262213 0.031110
v -0.153813 1.233307 0.031110
v -0.159364 1.241980 0.042207
v -0.100903 1.262213 0.031110
v -0.104809 1.271780 0.042207
v 0.050490 1.289602 0.042207
v 0.048532 1.279434 0.031110
v -0.050490 1.289602 0.042207
v -0.048532 1.279434 0.031110
v -0.387387 1.011452 0.042207
v -0.397840 1.012506 0.031701
v 0.397840 1.012506 0.031701
v 0.387387 1.011452 0.042207
v -0.381139 1.050437 0.042207
v -0.391355 1.052898 0.031701
v 0.391355 1.052898 0.031701
v 0.381139 1.050437 0.042207
v -0.365239 1.096439 0.042207
v -0.374936 1.100488 0.031701
v -0.338514 1.148105 0.042207
v -0.347546 1.153470 0.031701
v 0.374936 1.100488 0.031701
v 0.365239 1.096439 0.042207
v 0.347546 1.153470 0.031701
v 0.338514 1.148105 0.042207
v -0.301514 1.202037 0.042207
v -0.309785 1.208515 0.031701
v -0.249364 1.259251 0.042207
v -0.256437 1.267022 0.031701
v 0.309785 1.208515 0.031701
v 0.301514 1.202037 0.042207
v 0.256437 1.267022 0.031701
v 0.249364 1.259251 0.042207
v -0.187473 1.306078 0.042207
v -0.192988 1.315026 0.031701
v -0.122985 1.338429 0.042207
v -0.126831 1.348212 0.031701
v 0.192988 1.315026 0.031701
v 0.187473 1.306078 0.042207
v 0.126831 1.348212 0.031701
v 0.122985 1.338429 0.042207
v -0.059153 1.357702 0.042207
v -0.061070 1.368034 0.031701
v 0.061070 1.368034 0.031701
v 0.059153 1.357702 0.042207
v 0.317833 0.970057 0.014461
v -0.317833 0.970057 0.014461
v 0.299662 1.045993 0.014461
v 0.306156 0.904254 -0.057621
v 0.296967 0.909560 -0.057621
v 0.286517 0.907717 -0.057621
v 0.279696 0.899589 -0.057621
v 0.279696 0.888977 -0.057621
v 0.286517 0.880849 -0.057621
v 0.296966 0.879006 -0.057621
v 0.306156 0.884312 -0.057621
v 0.309785 0.894283 -0.057621
v -0.281707 0.223262 -0.057621
v -0.290897 0.228568 -0.057621
v -0.301347 0.226725 -0.057621
v -0.308168 0.218596 -0.057621
v -0.308168 0.207985 -0.057621
v -0.301347 0.199857 -0.057621
v -0.290897 0.198014 -0.057621
v -0.281707 0.203320 -0.057621
v -0.278078 0.213291 -0.057621
v 0.176954 0.610937 -0.057735
v 0.176954 0.598776 -0.067940
v 0.176954 0.582899 -0.067940
v 0.176954 0.570738 -0.057735
v 0.205138 0.610937 -0.057735
v 0.205138 0.598776 -0.067940
v 0.205138 0.582899 -0.067940
v 0.205138 0.570738 -0.057735
v -0.343724 0.854555 -0.036400
v -0.343724 0.862527 -0.044371
v 0.327461 0.862527 -0.044371
v 0.327461 0.854555 -0.036400
v -0.343724 0.989330 -0.044371
v -0.343724 0.997301 -0.036400
v 0.327461 0.997301 -0.036400
v 0.327461 0.989330 -0.044371
v -0.150764 0.989842 -0.036400
v -0.150764 0.982046 -0.044371
v -0.150764 0.858031 -0.044371
v -0.150764 0.850235 -0.036400
v 0.053778 0.995136 -0.036400
v 0.053779 0.987165 -0.044371
v 0.053778 0.860362 -0.044371
v 0.053779 0.852391 -0.036400
v 0.203807 1.003295 -0.036400
v 0.203807 0.995061 -0.044371
v 0.203807 0.864076 -0.044371
v 0.203807 0.855842 -0.036400
v -0.329730 0.105176 -0.038458
v -0.329730 0.113148 -0.046429
v 0.325879 0.127012 -0.046429
v 0.325879 0.119041 -0.038458
v -0.329730 0.239951 -0.046429
v -0.329730 0.247922 -0.038458
v 0.325879 0.261787 -0.038458
v 0.325879 0.253815 -0.046429
v -0.169276 0.249938 -0.038458
v -0.169276 0.241967 -0.046429
v -0.169276 0.115164 -0.046429
v -0.169276 0.107192 -0.038458
v -0.038817 0.256149 -0.038458
v -0.038817 0.248177 -0.046429
v -0.038817 0.121375 -0.046429
v -0.038817 0.113403 -0.038458
v 0.180568 0.257234 -0.038458
v 0.180568 0.249263 -0.046429
v 0.180568 0.122460 -0.046429
v 0.180568 0.114488 -0.038458
v 0.300182 0.165439 -0.057621
v 0.290992 0.170745 -0.057621
v 0.280542 0.168902 -0.057621
v 0.273722 0.160773 -0.057621
v 0.273722 0.150162 -0.057621
v 0.280542 0.142034 -0.057621
v 0.290992 0.140191 -0.057621
v 0.300182 0.145497 -0.057621
v 0.303811 0.155468 -0.057621
v -0.278428 0.153265 -0.057621
v -0.287617 0.158571 -0.057621
v -0.298067 0.156728 -0.057621
v -0.304888 0.148600 -0.057621
v -0.304888 0.137989 -0.057621
v -0.298067 0.129860 -0.057621
v -0.287617 0.128017 -0.057621
v -0.278428 0.133323 -0.057621
v -0.274798 0.143294 -0.057621
v -0.281626 0.973420 -0.057621
v -0.290816 0.978725 -0.057621
v -0.301266 0.976883 -0.057621
v -0.308086 0.968754 -0.057621
v -0.308086 0.958143 -0.057621
v -0.301266 0.950014 -0.057621
v -0.290816 0.948172 -0.057621
v -0.281626 0.953477 -0.057621
v -0.277997 0.963448 -0.057621
v 0.303405 0.234486 -0.057621
v 0.294215 0.239791 -0.057621
v 0.283765 0.237949 -0.057621
v 0.276945 0.229820 -0.057621
v 0.276945 0.219209 -0.057621
v 0.283765 0.211080 -0.057621
v 0.294215 0.209238 -0.057621
v 0.303405 0.214543 -0.057621
v 0.307034 0.224514 -0.057621
v -0.281626 0.899830 -0.057621
v -0.290816 0.905136 -0.057621
v -0.301266 0.903293 -0.057621
v -0.308086 0.895164 -0.057621
v -0.308086 0.884553 -0.057621
v -0.301266 0.876425 -0.057621
v -0.290816 0.874582 -0.057621
v -0.281626 0.879888 -0.057621
v -0.277997 0.889859 -0.057621
v 0.096527 0.510567 -0.037871
v 0.096527 0.516789 -0.045842
v 0.087943 0.516789 -0.037871
v 0.297503 0.516789 -0.037871
v 0.287758 0.516789 -0.045842
v 0.287758 0.510567 -0.037871
v 0.087943 0.615766 -0.037871
v 0.096527 0.615766 -0.045842
v 0.096527 0.621988 -0.037871
v 0.287758 0.621988 -0.037871
v 0.287758 0.615766 -0.045842
v 0.297503 0.615766 -0.037871
v 0.134828 0.625172 -0.037871
v 0.134828 0.618743 -0.045842
v 0.134828 0.516475 -0.045842
v 0.134828 0.510046 -0.037871
v 0.186400 0.625172 -0.037871
v 0.186400 0.618743 -0.045842
v 0.186400 0.516475 -0.045842
v 0.186400 0.510046 -0.037871
v 0.305037 0.978483 -0.057621
v 0.295847 0.983789 -0.057621
v 0.285397 0.981946 -0.057621
v 0.278577 0.973817 -0.057621
v 0.278577 0.963206 -0.057621
v 0.285397 0.955078 -0.057621
v 0.295847 0.953235 -0.057621
v 0.305037 0.958541 -0.057621
v 0.308666 0.968512 -0.057621
v -0.372553 0.003153 -0.047503
v -0.382881 -0.007353 -0.036997
v 0.372553 0.003153 -0.047503
v 0.382881 -0.007353 -0.036997
v -0.375038 1.071800 -0.047503
v -0.385038 1.075063 -0.036997
v -0.362092 1.127261 -0.036997
v -0.352734 1.122494 -0.047503
v 0.385038 1.075063 -0.036997
v 0.375038 1.071800 -0.047503
v 0.362092 1.127261 -0.036997
v 0.352734 1.122494 -0.047503
v -0.321725 1.174282 -0.047503
v -0.330407 1.180195 -0.036997
v -0.285267 1.237702 -0.036997
v -0.277516 1.230612 -0.047503
v 0.330407 1.180195 -0.036997
v 0.321725 1.174282 -0.047503
v 0.285267 1.237702 -0.036997
v 0.277516 1.230612 -0.047503
v -0.218776 1.285293 -0.047503
v -0.225082 1.293717 -0.036997
v -0.160217 1.332631 -0.036997
v -0.155521 1.323244 -0.047503
v 0.225082 1.293717 -0.036997
v 0.218776 1.285293 -0.047503
v 0.160217 1.332631 -0.036997
v 0.155521 1.323244 -0.047503
v -0.090613 1.350344 -0.047503
v -0.093543 1.360452 -0.036997
v -0.028862 1.361512 -0.047503
v -0.029769 1.371974 -0.036997
v 0.093543 1.360452 -0.036997
v 0.090613 1.350344 -0.047503
v 0.028862 1.361512 -0.047503
v 0.029769 1.371974 -0.036997
v 0.305662 0.069134 -0.019756
v -0.305662 0.069134 -0.019756
v -0.307702 1.023978 -0.019756
v 0.307702 1.023978 -0.019756
v 0.289402 1.069273 -0.019756
v -0.289402 1.069273 -0.019756
v -0.263960 1.115547 -0.019756
v 0.263960 1.115547 -0.019756
v 0.227689 1.165878 -0.019756
v -0.227689 1.165878 -0.019756
v -0.179496 1.214736 -0.019756
v 0.179496 1.214736 -0.019756
v 0.127598 1.248645 -0.019756
v -0.127598 1.248645 -0.019756
v -0.074344 1.272859 -0.019756
v 0.074344 1.272859 -0.019756
v 0.021310 1.281955 -0.023456
v -0.021310 1.281955 -0.023456
v 0.315630 0.058773 -0.047503
v 0.305662 0.069134 -0.036405
v -0.315630 0.058773 -0.047503
v -0.305662 0.069134 -0.036405
v 0.317394 1.027023 -0.047503
v 0.307702 1.023978 -0.036405
v 0.298534 1.073749 -0.047503
v 0.289402 1.069273 -0.036405
v -0.317394 1.027023 -0.047503
v -0.307702 1.023978 -0.036405
v -0.298534 1.073749 -0.047503
v -0.289402 1.069273 -0.036405
v 0.272489 1.121133 -0.047503
v 0.263960 1.115547 -0.036405
v 0.235364 1.172636 -0.047503
v 0.227689 1.165878 -0.036405
v -0.272489 1.121133 -0.047503
v -0.263960 1.115547 -0.036405
v -0.235364 1.172636 -0.047503
v -0.227689 1.165878 -0.036405
v 0.185808 1.222860 -0.047503
v 0.179496 1.214736 -0.036405
v 0.132348 1.257785 -0.047503
v 0.127598 1.248645 -0.036405
v -0.185808 1.222860 -0.047503
v -0.179496 1.214736 -0.036405
v -0.132348 1.257785 -0.047503
v -0.127598 1.248645 -0.036405
v 0.077329 1.282781 -0.047503
v 0.074344 1.272859 -0.036405
v 0.024608 1.293151 -0.047503
v 0.023680 1.282838 -0.036405
v -0.024608 1.293151 -0.047503
v -0.023680 1.282838 -0.036405
v -0.077329 1.282781 -0.047503
v -0.074344 1.272859 -0.036405
v -0.299662 1.045993 -0.019756
v 0.247379 1.140346 -0.019756
v -0.247379 1.140346 -0.019756
v 0.153813 1.233307 -0.019756
v -0.153813 1.233307 -0.019756
v 0.048532 1.279434 -0.019756
v -0.048532 1.279434 -0.019756
v 0.277735 1.092157 -0.019756
v -0.277735 1.092157 -0.019756
v 0.204592 1.191467 -0.019756
v -0.204592 1.191467 -0.019756
v 0.100903 1.262213 -0.019756
v -0.100903 1.262213 -0.019756
v 0.312707 1.004890 -0.019756
v -0.312707 1.004890 -0.019756
v 0.327917 0.971034 -0.047503
v 0.317833 0.970057 -0.036405
v -0.317833 0.970057 -0.036405
v -0.327917 0.971034 -0.047503
v 0.322587 1.007181 -0.047503
v 0.312707 1.004890 -0.036405
v -0.312707 1.004890 -0.036405
v -0.322587 1.007181 -0.047503
v 0.309091 1.049783 -0.047503
v 0.299662 1.045993 -0.036405
v 0.286578 1.097209 -0.047503
v 0.277735 1.092157 -0.036405
v -0.299662 1.045993 -0.036405
v -0.309091 1.049783 -0.047503
v -0.277735 1.092157 -0.036405
v -0.286578 1.097209 -0.047503
v 0.255534 1.146492 -0.047503
v 0.247379 1.140346 -0.036405
v 0.211632 1.198919 -0.047503
v 0.204592 1.191467 -0.036405
v -0.247379 1.140346 -0.036405
v -0.255534 1.146492 -0.047503
v -0.204592 1.191467 -0.036405
v -0.211632 1.198919 -0.047503
v 0.159364 1.241980 -0.047503
v 0.153813 1.233307 -0.036405
v 0.104809 1.271780 -0.047503
v 0.100903 1.262213 -0.036405
v -0.153813 1.233307 -0.036405
v -0.159364 1.241980 -0.047503
v -0.100903 1.262213 -0.036405
v -0.104809 1.271780 -0.047503
v 0.050490 1.289602 -0.047503
v 0.048532 1.279434 -0.036405
v -0.050490 1.289602 -0.047503
v -0.048532 1.279434 -0.036405
v -0.387387 1.011452 -0.047503
v -0.397840 1.012506 -0.036997
v 0.397840 1.012506 -0.036997
v 0.387387 1.011452 -0.047503
v -0.381139 1.050437 -0.047503
v -0.391355 1.052898 -0.036997
v 0.391355 1.052898 -0.036997
v 0.381139 1.050437 -0.047503
v -0.365239 1.096439 -0.047503
v -0.374936 1.100488 -0.036997
v -0.338514 1.148105 -0.047503
v -0.347546 1.153470 -0.036997
v 0.374936 1.100488 -0.036997
v 0.365239 1.096439 -0.047503
v 0.347546 1.153470 -0.036997
v 0.338514 1.148105 -0.047503
v -0.301514 1.202037 -0.047503
v -0.309785 1.208515 -0.036997
v -0.249364 1.259251 -0.047503
v -0.256437 1.267022 -0.036997
v 0.309785 1.208515 -0.036997
v 0.301514 1.202037 -0.047503
v 0.256437 1.267022 -0.036997
v 0.249364 1.259251 -0.047503
v -0.187473 1.306078 -0.047503
v -0.192988 1.315026 -0.036997
v -0.122985 1.338429 -0.047503
v -0.126831 1.348212 -0.036997
v 0.192988 1.315026 -0.036997
v 0.187473 1.306078 -0.047503
v 0.126831 1.348212 -0.036997
v 0.122985 1.338429 -0.047503
v -0.059153 1.357702 -0.047503
v -0.061070 1.368034 -0.036997
v 0.061070 1.368034 -0.036997
v 0.059153 1.357702 -0.047503
v 0.317833 0.970057 -0.019756
v -0.317833 0.970057 -0.019756
v 0.299662 1.045993 -0.019756
vt 0.098175 0.973033
vt 0.064392 0.984375
vt 0.031223 0.971348
vt 0.014188 0.940047
vt 0.021257 0.905120
vt 0.049124 0.882908
vt 0.084748 0.883805
vt 0.111461 0.907391
vt 0.116764 0.942630
vt 0.082548 0.953628
vt 0.064994 0.959521
vt 0.047759 0.952752
vt 0.038908 0.936489
vt 0.042581 0.918340
vt 0.057061 0.906798
vt 0.075571 0.907264
vt 0.089452 0.919520
vt 0.092207 0.937831
vt 0.098175 0.973033
vt 0.064392 0.984375
vt 0.064994 0.959521
vt 0.082548 0.953628
vt 0.031223 0.971348
vt 0.047759 0.952752
vt 0.014188 0.940047
vt 0.038908 0.936489
vt 0.021257 0.905120
vt 0.042581 0.918340
vt 0.049124 0.882908
vt 0.057061 0.906798
vt 0.084748 0.883805
vt 0.075571 0.907264
vt 0.111461 0.907391
vt 0.089452 0.919520
vt 0.116764 0.942630
vt 0.092207 0.937831
vt 0.441924 0.977094
vt 0.412795 0.976754
vt 0.413399 0.925045
vt 0.442528 0.925385
vt 0.383667 0.976414
vt 0.384271 0.924705
vt 0.354539 0.976074
vt 0.355142 0.924365
vt 0.325410 0.975734
vt 0.326014 0.924025
vt 0.296282 0.975394
vt 0.296886 0.923684
vt 0.462006 0.978646
vt 0.463195 0.923604
vt 0.479543 0.933520
vt 0.478767 0.969446
vt 0.485693 0.951624
vt 0.444297 0.926517
vt 0.443252 0.974920
vt 0.462875 0.978242
vt 0.444261 0.974892
vt 0.444430 0.927002
vt 0.463067 0.923783
vt 0.479288 0.968843
vt 0.479413 0.933298
vt 0.485820 0.951093
vt 0.657286 0.612121
vt 0.664130 0.620194
vt 0.650049 0.624164
vt 0.645006 0.615089
vt 0.668917 0.145710
vt 0.659032 0.145293
vt 0.655940 0.037181
vt 0.665918 0.038953
vt 0.666425 0.611398
vt 0.772368 0.611939
vt 0.774534 0.620956
vt 0.663654 0.029497
vt 0.645621 0.033842
vt 0.650030 0.024768
vt 0.785670 0.029853
vt 0.782849 0.039487
vt 0.781489 0.612884
vt 0.793776 0.615667
vt 0.788812 0.625300
vt 0.791999 0.143537
vt 0.782163 0.144038
vt 0.790825 0.038146
vt 0.799693 0.025337
vt 0.803786 0.035271
vt 0.804609 0.142894
vt 0.646304 0.144661
vt 0.781616 0.446991
vt 0.796184 0.447263
vt 0.773122 0.446815
vt 0.663109 0.447973
vt 0.653522 0.448246
vt 0.640878 0.448676
vt 0.786803 0.271798
vt 0.799077 0.271897
vt 0.776907 0.271956
vt 0.667337 0.273801
vt 0.657682 0.273874
vt 0.644419 0.273823
vt 0.657286 0.612121
vt 0.664130 0.620194
vt 0.650050 0.624164
vt 0.645006 0.615089
vt 0.670131 0.166265
vt 0.660214 0.165884
vt 0.655940 0.037181
vt 0.665919 0.038953
vt 0.666425 0.611398
vt 0.772368 0.611939
vt 0.774534 0.620956
vt 0.663654 0.029497
vt 0.645621 0.033842
vt 0.650030 0.024768
vt 0.785670 0.029853
vt 0.782849 0.039487
vt 0.781489 0.612884
vt 0.793776 0.615667
vt 0.788812 0.625300
vt 0.792415 0.166750
vt 0.782463 0.167052
vt 0.790825 0.038146
vt 0.799693 0.025337
vt 0.803786 0.035271
vt 0.805372 0.166485
vt 0.647213 0.165190
vt 0.785133 0.472728
vt 0.796146 0.473456
vt 0.774064 0.472334
vt 0.664321 0.472120
vt 0.654372 0.472457
vt 0.641433 0.472660
vt 0.784726 0.358248
vt 0.798059 0.358533
vt 0.775074 0.358205
vt 0.664111 0.358191
vt 0.654211 0.358161
vt 0.641848 0.357937
vt 0.098175 0.973033
vt 0.064392 0.984375
vt 0.064994 0.959521
vt 0.082548 0.953628
vt 0.031223 0.971348
vt 0.047759 0.952752
vt 0.014188 0.940047
vt 0.038908 0.936489
vt 0.021257 0.905120
vt 0.042581 0.918340
vt 0.049124 0.882908
vt 0.057061 0.906798
vt 0.084748 0.883805
vt 0.075571 0.907264
vt 0.111461 0.907391
vt 0.089452 0.919520
vt 0.116764 0.942630
vt 0.092207 0.937831
vt 0.098175 0.973033
vt 0.064392 0.984375
vt 0.064994 0.959521
vt 0.082548 0.953628
vt 0.031223 0.971348
vt 0.047759 0.952752
vt 0.014188 0.940047
vt 0.038908 0.936489
vt 0.021257 0.905120
vt 0.042581 0.918340
vt 0.049124 0.882908
vt 0.057061 0.906798
vt 0.084748 0.883805
vt 0.075571 0.907264
vt 0.111461 0.907391
vt 0.089452 0.919520
vt 0.116764 0.942630
vt 0.092207 0.937831
vt 0.098175 0.973033
vt 0.064393 0.984374
vt 0.064994 0.959521
vt 0.082548 0.953628
vt 0.031223 0.971347
vt 0.047759 0.952752
vt 0.014188 0.940047
vt 0.038908 0.936488
vt 0.021257 0.905120
vt 0.042581 0.918340
vt 0.049124 0.882908
vt 0.057061 0.906798
vt 0.084748 0.883805
vt 0.075572 0.907264
vt 0.111461 0.907391
vt 0.089452 0.919520
vt 0.116764 0.942630
vt 0.092207 0.937830
vt 0.098175 0.973033
vt 0.064392 0.984375
vt 0.064994 0.959521
vt 0.082548 0.953628
vt 0.031223 0.971348
vt 0.047759 0.952752
vt 0.014188 0.940047
vt 0.038908 0.936489
vt 0.021257 0.905120
vt 0.042581 0.918340
vt 0.049124 0.882908
vt 0.057061 0.906798
vt 0.084748 0.883805
vt 0.075571 0.907264
vt 0.111461 0.907391
vt 0.089452 0.919520
vt 0.116764 0.942630
vt 0.092207 0.937831
vt 0.098175 0.973033
vt 0.064392 0.984375
vt 0.064994 0.959521
vt 0.082548 0.953628
vt 0.031223 0.971348
vt 0.047759 0.952752
vt 0.014188 0.940047
vt 0.038908 0.936489
vt 0.021257 0.905120
vt 0.042581 0.918340
vt 0.049124 0.882908
vt 0.057061 0.906798
vt 0.084748 0.883805
vt 0.075571 0.907264
vt 0.111461 0.907391
vt 0.089452 0.919520
vt 0.116764 0.942630
vt 0.092207 0.937831
vt 0.832372 0.247504
vt 0.839513 0.256194
vt 0.828489 0.264474
vt 0.822073 0.256625
vt 0.841107 0.162667
vt 0.831582 0.162167
vt 0.838032 0.066289
vt 0.846990 0.068198
vt 0.841105 0.245776
vt 0.930762 0.247669
vt 0.931879 0.258377
vt 0.846115 0.056715
vt 0.827896 0.057033
vt 0.835028 0.048446
vt 0.938866 0.061544
vt 0.936936 0.072707
vt 0.939401 0.250043
vt 0.949289 0.259590
vt 0.942535 0.267145
vt 0.947072 0.165744
vt 0.937507 0.165538
vt 0.946018 0.071500
vt 0.950595 0.054155
vt 0.956943 0.063260
vt 0.960866 0.165877
vt 0.959782 0.071104
vt 0.817836 0.161442
vt 0.824346 0.065196
vt 0.846879 0.042971
vt 0.939592 0.047806
vt 0.839223 0.269956
vt 0.931571 0.272131
vt 0.944980 0.213970
vt 0.958546 0.215377
vt 0.953086 0.252105
vt 0.935580 0.213142
vt 0.840059 0.210259
vt 0.830554 0.210573
vt 0.818601 0.248162
vt 0.816794 0.210912
vt 0.098175 0.973033
vt 0.064392 0.984375
vt 0.064994 0.959521
vt 0.082548 0.953628
vt 0.031223 0.971348
vt 0.047759 0.952752
vt 0.014188 0.940047
vt 0.038908 0.936489
vt 0.021257 0.905120
vt 0.042581 0.918340
vt 0.049124 0.882908
vt 0.057061 0.906798
vt 0.084748 0.883805
vt 0.075571 0.907264
vt 0.111461 0.907391
vt 0.089452 0.919520
vt 0.116764 0.942630
vt 0.092207 0.937831
vt 0.046924 0.573059
vt 0.080634 0.157566
vt 0.045493 0.163160
vt 0.049030 0.568744
vt 0.058697 0.690705
vt 0.059722 0.088876
vt 0.067576 0.093916
vt 0.067243 0.689881
vt 0.068020 0.690223
vt 0.067576 0.093916
vt 0.059722 0.088876
vt 0.018826 0.692961
vt 0.070024 0.712696
vt 0.061351 0.714323
vt 0.022123 0.720785
vt 0.070142 0.712744
vt 0.072693 0.725234
vt 0.064296 0.727505
vt 0.025525 0.737710
vt 0.072955 0.725338
vt 0.068849 0.742708
vt 0.077259 0.739934
vt 0.082962 0.755682
vt 0.075046 0.758981
vt 0.081759 0.775101
vt 0.089818 0.771379
vt 0.098134 0.787806
vt 0.089940 0.791687
vt 0.077516 0.740034
vt 0.031091 0.755844
vt 0.037926 0.773791
vt 0.083228 0.755805
vt 0.090061 0.771497
vt 0.045425 0.791795
vt 0.054654 0.810414
vt 0.098351 0.787907
vt 0.100039 0.809630
vt 0.106945 0.804819
vt 0.118469 0.823158
vt 0.111087 0.828006
vt 0.124942 0.847442
vt 0.131982 0.842111
vt 0.147480 0.860504
vt 0.140920 0.866377
vt 0.108895 0.805826
vt 0.065981 0.829295
vt 0.078292 0.849535
vt 0.120349 0.824240
vt 0.133256 0.842791
vt 0.093405 0.871114
vt 0.110365 0.892511
vt 0.147480 0.860504
vt 0.156572 0.882369
vt 0.162705 0.876049
vt 0.179121 0.889810
vt 0.173266 0.896529
vt 0.190227 0.910103
vt 0.195628 0.903022
vt 0.210754 0.915298
vt 0.206028 0.922710
vt 0.162705 0.876049
vt 0.128329 0.910900
vt 0.146141 0.926728
vt 0.177818 0.890173
vt 0.193562 0.903322
vt 0.163273 0.942241
vt 0.183337 0.957375
vt 0.210754 0.915298
vt 0.222980 0.932843
vt 0.226971 0.924714
vt 0.243116 0.932301
vt 0.240101 0.940193
vt 0.278012 0.943195
vt 0.274459 0.952355
vt 0.226971 0.924714
vt 0.204204 0.968083
vt 0.222446 0.976880
vt 0.243116 0.932301
vt 0.157385 0.672895
vt 0.158717 0.021351
vt 0.600756 0.016284
vt 0.617025 0.667626
vt 0.613607 0.692856
vt 0.161380 0.698040
vt 0.171153 0.727653
vt 0.165158 0.711801
vt 0.610146 0.706700
vt 0.604515 0.722685
vt 0.597290 0.739604
vt 0.178765 0.744401
vt 0.209741 0.795444
vt 0.197545 0.777650
vt 0.579277 0.773274
vt 0.567492 0.791343
vt 0.553467 0.809968
vt 0.224190 0.813743
vt 0.278167 0.861888
vt 0.259442 0.848672
vt 0.519024 0.845696
vt 0.500607 0.859338
vt 0.481778 0.870646
vt 0.297250 0.872761
vt 0.354677 0.894368
vt 0.335958 0.889828
vt 0.443472 0.888596
vt 0.424862 0.893564
vt 0.405199 0.895613
vt 0.374382 0.895966
vt 0.187391 0.760852
vt 0.589043 0.756247
vt 0.241103 0.832054
vt 0.536977 0.828663
vt 0.316665 0.882350
vt 0.462588 0.880678
vt 0.100948 0.200203
vt 0.103850 0.532966
vt 0.092074 0.538256
vt 0.089077 0.194641
vt 0.111460 0.665930
vt 0.111710 0.134769
vt 0.102633 0.127240
vt 0.102563 0.666650
vt 0.102427 0.666560
vt 0.102633 0.127240
vt 0.111710 0.134769
vt 0.111457 0.665928
vt 0.105759 0.688705
vt 0.114533 0.687056
vt 0.114391 0.686944
vt 0.105544 0.688560
vt 0.108455 0.700866
vt 0.117732 0.698856
vt 0.116330 0.697744
vt 0.108175 0.700675
vt 0.121708 0.712478
vt 0.112570 0.714909
vt 0.117927 0.729857
vt 0.126734 0.726956
vt 0.132499 0.741297
vt 0.124424 0.744925
vt 0.131377 0.760169
vt 0.138246 0.756228
vt 0.112404 0.714791
vt 0.120388 0.711370
vt 0.125530 0.725855
vt 0.117602 0.729610
vt 0.123072 0.743800
vt 0.131433 0.740206
vt 0.138369 0.755072
vt 0.130202 0.759058
vt 0.146283 0.771566
vt 0.139213 0.776443
vt 0.149033 0.793155
vt 0.156042 0.788292
vt 0.167067 0.805915
vt 0.160874 0.810967
vt 0.173207 0.828224
vt 0.179376 0.822234
vt 0.138811 0.775448
vt 0.146283 0.771566
vt 0.156042 0.788292
vt 0.149033 0.793155
vt 0.160874 0.810967
vt 0.168520 0.805195
vt 0.181381 0.821664
vt 0.174417 0.827573
vt 0.192037 0.836294
vt 0.185782 0.842582
vt 0.199254 0.855523
vt 0.205027 0.848841
vt 0.218470 0.860496
vt 0.213138 0.867625
vt 0.229417 0.878877
vt 0.234344 0.871281
vt 0.188082 0.842194
vt 0.194613 0.835848
vt 0.208193 0.848509
vt 0.202174 0.855253
vt 0.216713 0.867466
vt 0.222251 0.860265
vt 0.234344 0.871281
vt 0.229417 0.878877
vt 0.248087 0.879563
vt 0.243719 0.887509
vt 0.258641 0.896764
vt 0.262416 0.888572
vt 0.291655 0.895570
vt 0.288924 0.904028
vt 0.258641 0.896764
vt 0.262416 0.888572
vt 0.248087 0.879563
vt 0.243719 0.887509
vt 0.113914 0.200351
vt 0.116816 0.533114
vt 0.120949 0.141340
vt 0.121521 0.665504
vt 0.120949 0.141340
vt 0.121274 0.665263
vt 0.124210 0.685456
vt 0.123822 0.684769
vt 0.130653 0.709807
vt 0.126907 0.696811
vt 0.135516 0.723736
vt 0.130042 0.708490
vt 0.135000 0.722472
vt 0.126242 0.695436
vt 0.155065 0.766860
vt 0.146940 0.751962
vt 0.165055 0.783190
vt 0.155065 0.766860
vt 0.165055 0.783190
vt 0.147507 0.750737
vt 0.200512 0.829468
vt 0.188251 0.815857
vt 0.213402 0.841822
vt 0.200512 0.829468
vt 0.213402 0.841822
vt 0.188251 0.815857
vt 0.252953 0.868178
vt 0.239863 0.862914
vt 0.267559 0.877854
vt 0.293182 0.887926
vt 0.267559 0.877854
vt 0.252953 0.868178
vt 0.239863 0.862914
vt 0.140461 0.737695
vt 0.140668 0.736371
vt 0.176076 0.800066
vt 0.176076 0.800066
vt 0.226539 0.853209
vt 0.226539 0.853209
vt 0.098175 0.973033
vt 0.064392 0.984375
vt 0.064994 0.959521
vt 0.082548 0.953628
vt 0.031223 0.971348
vt 0.047759 0.952752
vt 0.014188 0.940047
vt 0.038908 0.936489
vt 0.021257 0.905120
vt 0.042581 0.918340
vt 0.049124 0.882908
vt 0.057061 0.906798
vt 0.084748 0.883805
vt 0.075571 0.907264
vt 0.111461 0.907391
vt 0.089452 0.919520
vt 0.116764 0.942630
vt 0.092207 0.937831
vt 0.098175 0.973033
vt 0.064392 0.984375
vt 0.064994 0.959521
vt 0.082548 0.953628
vt 0.031223 0.971348
vt 0.047759 0.952752
vt 0.014188 0.940047
vt 0.038908 0.936489
vt 0.021257 0.905120
vt 0.042581 0.918340
vt 0.049124 0.882908
vt 0.057061 0.906798
vt 0.084748 0.883805
vt 0.075571 0.907264
vt 0.111461 0.907391
vt 0.089452 0.919520
vt 0.116764 0.942630
vt 0.092207 0.937831
vt 0.441924 0.977094
vt 0.412795 0.976754
vt 0.413399 0.925045
vt 0.442528 0.925385
vt 0.383667 0.976414
vt 0.384271 0.924705
vt 0.354539 0.976074
vt 0.355142 0.924365
vt 0.325410 0.975734
vt 0.326014 0.924025
vt 0.296282 0.975394
vt 0.296886 0.923684
vt 0.462006 0.978646
vt 0.463195 0.923604
vt 0.479543 0.933520
vt 0.478767 0.969446
vt 0.485693 0.951624
vt 0.444297 0.926517
vt 0.443252 0.974920
vt 0.462875 0.978242
vt 0.444261 0.974892
vt 0.444430 0.927002
vt 0.463067 0.923783
vt 0.479288 0.968843
vt 0.479413 0.933298
vt 0.485820 0.951093
vt 0.657286 0.612121
vt 0.664130 0.620194
vt 0.650049 0.624164
vt 0.645006 0.615089
vt 0.668917 0.145710
vt 0.659032 0.145293
vt 0.655940 0.037181
vt 0.665918 0.038953
vt 0.666425 0.611398
vt 0.772368 0.611939
vt 0.774534 0.620956
vt 0.663654 0.029497
vt 0.645621 0.033842
vt 0.650030 0.024768
vt 0.785670 0.029853
vt 0.782849 0.039487
vt 0.781489 0.612884
vt 0.793776 0.615667
vt 0.788812 0.625300
vt 0.791999 0.143537
vt 0.782163 0.144038
vt 0.790825 0.038146
vt 0.799693 0.025337
vt 0.803786 0.035271
vt 0.804609 0.142894
vt 0.646304 0.144661
vt 0.781616 0.446991
vt 0.796184 0.447263
vt 0.773122 0.446815
vt 0.663109 0.447973
vt 0.653522 0.448246
vt 0.640878 0.448676
vt 0.786803 0.271798
vt 0.799077 0.271897
vt 0.776907 0.271956
vt 0.667337 0.273801
vt 0.657682 0.273874
vt 0.644419 0.273823
vt 0.657286 0.612121
vt 0.664130 0.620194
vt 0.650050 0.624164
vt 0.645006 0.615089
vt 0.670131 0.166265
vt 0.660214 0.165884
vt 0.655940 0.037181
vt 0.665919 0.038953
vt 0.666425 0.611398
vt 0.772368 0.611939
vt 0.774534 0.620956
vt 0.663654 0.029497
vt 0.645621 0.033842
vt 0.650030 0.024768
vt 0.785670 0.029853
vt 0.782849 0.039487
vt 0.781489 0.612884
vt 0.793776 0.615667
vt 0.788812 0.625300
vt 0.792415 0.166750
vt 0.782463 0.167052
vt 0.790825 0.038146
vt 0.799693 0.025337
vt 0.803786 0.035271
vt 0.805372 0.166485
vt 0.647213 0.165190
vt 0.785133 0.472728
vt 0.796146 0.473456
vt 0.774064 0.472334
vt 0.664321 0.472120
vt 0.654372 0.472457
vt 0.641433 0.472660
vt 0.784726 0.358248
vt 0.798059 0.358533
vt 0.775074 0.358205
vt 0.664111 0.358191
vt 0.654211 0.358161
vt 0.641848 0.357937
vt 0.098175 0.973033
vt 0.064392 0.984375
vt 0.064994 0.959521
vt 0.082548 0.953628
vt 0.031223 0.971348
vt 0.047759 0.952752
vt 0.014188 0.940047
vt 0.038908 0.936489
vt 0.021257 0.905120
vt 0.042581 0.918340
vt 0.049124 0.882908
vt 0.057061 0.906798
vt 0.084748 0.883805
vt 0.075571 0.907264
vt 0.111461 0.907391
vt 0.089452 0.919520
vt 0.116764 0.942630
vt 0.092207 0.937831
vt 0.098175 0.973033
vt 0.064392 0.984375
vt 0.064994 0.959521
vt 0.082548 0.953628
vt 0.031223 0.971348
vt 0.047759 0.952752
vt 0.014188 0.940047
vt 0.038908 0.936489
vt 0.021257 0.905120
vt 0.042581 0.918340
vt 0.049124 0.882908
vt 0.057061 0.906798
vt 0.084748 0.883805
vt 0.075571 0.907264
vt 0.111461 0.907391
vt 0.089452 0.919520
vt 0.116764 0.942630
vt 0.092207 0.937831
vt 0.098175 0.973033
vt 0.064393 0.984374
vt 0.064994 0.959521
vt 0.082548 0.953628
vt 0.031223 0.971347
vt 0.047759 0.952752
vt 0.014188 0.940047
vt 0.038908 0.936488
vt 0.021257 0.905120
vt 0.042581 0.918340
vt 0.049124 0.882908
vt 0.057061 0.906798
vt 0.084748 0.883805
vt 0.075572 0.907264
vt 0.111461 0.907391
vt 0.089452 0.919520
vt 0.116764 0.942630
vt 0.092207 0.937830
vt 0.098175 0.973033
vt 0.064392 0.984375
vt 0.064994 0.959521
vt 0.082548 0.953628
vt 0.031223 0.971348
vt 0.047759 0.952752
vt 0.014188 0.940047
vt 0.038908 0.936489
vt 0.021257 0.905120
vt 0.042581 0.918340
vt 0.049124 0.882908
vt 0.057061 0.906798
vt 0.084748 0.883805
vt 0.075571 0.907264
vt 0.111461 0.907391
vt 0.089452 0.919520
vt 0.116764 0.942630
vt 0.092207 0.937831
vt 0.098175 0.973033
vt 0.064392 0.984375
vt 0.064994 0.959521
vt 0.082548 0.953628
vt 0.031223 0.971348
vt 0.047759 0.952752
vt 0.014188 0.940047
vt 0.038908 0.936489
vt 0.021257 0.905120
vt 0.042581 0.918340
vt 0.049124 0.882908
vt 0.057061 0.906798
vt 0.084748 0.883805
vt 0.075571 0.907264
vt 0.111461 0.907391
vt 0.089452 0.919520
vt 0.116764 0.942630
vt 0.092207 0.937831
vt 0.832372 0.247504
vt 0.839513 0.256194
vt 0.828489 0.264474
vt 0.822073 0.256625
vt 0.841107 0.162667
vt 0.831582 0.162167
vt 0.838032 0.066289
vt 0.846990 0.068198
vt 0.841105 0.245776
vt 0.930762 0.247669
vt 0.931879 0.258377
vt 0.846115 0.056715
vt 0.827896 0.057033
vt 0.835028 0.048446
vt 0.938866 0.061544
vt 0.936936 0.072707
vt 0.939401 0.250043
vt 0.949289 0.259590
vt 0.942535 0.267145
vt 0.947072 0.165744
vt 0.937507 0.165538
vt 0.946018 0.071500
vt 0.950595 0.054155
vt 0.956943 0.063260
vt 0.960866 0.165877
vt 0.959782 0.071104
vt 0.817836 0.161442
vt 0.824346 0.065196
vt 0.846879 0.042971
vt 0.939592 0.047806
vt 0.839223 0.269956
vt 0.931571 0.272131
vt 0.944980 0.213970
vt 0.958546 0.215377
vt 0.953086 0.252105
vt 0.935580 0.213142
vt 0.840059 0.210259
vt 0.830554 0.210573
vt 0.818601 0.248162
vt 0.816794 0.210912
vt 0.098175 0.973033
vt 0.064392 0.984375
vt 0.064994 0.959521
vt 0.082548 0.953628
vt 0.031223 0.971348
vt 0.047759 0.952752
vt 0.014188 0.940047
vt 0.038908 0.936489
vt 0.021257 0.905120
vt 0.042581 0.918340
vt 0.049124 0.882908
vt 0.057061 0.906798
vt 0.084748 0.883805
vt 0.075571 0.907264
vt 0.111461 0.907391
vt 0.089452 0.919520
vt 0.116764 0.942630
vt 0.092207 0.937831
vt 0.037509 0.574234
vt 0.033873 0.157406
vt 0.045493 0.163160
vt 0.049030 0.568744
vt 0.018599 0.692899
vt 0.059722 0.088876
vt 0.067576 0.093916
vt 0.067712 0.690182
vt 0.067712 0.690182
vt 0.067576 0.093916
vt 0.059722 0.088876
vt 0.058890 0.690817
vt 0.070095 0.712739
vt 0.021875 0.720942
vt 0.061476 0.714390
vt 0.070095 0.712739
vt 0.072848 0.725327
vt 0.025563 0.737616
vt 0.064314 0.727515
vt 0.072848 0.725327
vt 0.030940 0.755600
vt 0.077411 0.740025
vt 0.083228 0.755805
vt 0.037751 0.773844
vt 0.045341 0.791646
vt 0.090061 0.771497
vt 0.098351 0.787907
vt 0.054402 0.810438
vt 0.077411 0.740025
vt 0.069071 0.742828
vt 0.075158 0.759041
vt 0.083097 0.755778
vt 0.089920 0.771454
vt 0.081886 0.775166
vt 0.090135 0.791785
vt 0.098134 0.787806
vt 0.065885 0.829484
vt 0.108895 0.805826
vt 0.120349 0.824240
vt 0.078291 0.849533
vt 0.092911 0.872342
vt 0.134276 0.843732
vt 0.149124 0.861885
vt 0.110469 0.892750
vt 0.106945 0.804819
vt 0.100038 0.809631
vt 0.111087 0.828006
vt 0.118469 0.823158
vt 0.131982 0.842111
vt 0.124942 0.847442
vt 0.139449 0.865784
vt 0.145977 0.860027
vt 0.128385 0.910952
vt 0.164534 0.877509
vt 0.180482 0.891511
vt 0.146388 0.926911
vt 0.163754 0.942006
vt 0.196784 0.904733
vt 0.210754 0.915298
vt 0.183538 0.956382
vt 0.160943 0.875485
vt 0.154834 0.881688
vt 0.170764 0.895959
vt 0.176451 0.889368
vt 0.192328 0.902508
vt 0.187086 0.909465
vt 0.206028 0.922710
vt 0.210754 0.915298
vt 0.205936 0.969273
vt 0.226971 0.924714
vt 0.243116 0.932301
vt 0.226517 0.977824
vt 0.278033 0.944805
vt 0.259290 0.990006
vt 0.226971 0.924714
vt 0.222867 0.932488
vt 0.239629 0.940378
vt 0.243116 0.932301
vt 0.157385 0.672895
vt 0.158717 0.021351
vt 0.600756 0.016284
vt 0.617025 0.667626
vt 0.613607 0.692856
vt 0.161380 0.698040
vt 0.171153 0.727653
vt 0.165158 0.711801
vt 0.610146 0.706700
vt 0.604515 0.722685
vt 0.597290 0.739604
vt 0.178765 0.744401
vt 0.209741 0.795444
vt 0.197545 0.777650
vt 0.579277 0.773274
vt 0.567492 0.791343
vt 0.553467 0.809968
vt 0.224190 0.813743
vt 0.278167 0.861888
vt 0.259442 0.848672
vt 0.519024 0.845696
vt 0.500607 0.859338
vt 0.481778 0.870646
vt 0.297250 0.872761
vt 0.354677 0.894368
vt 0.335958 0.889828
vt 0.443472 0.888596
vt 0.424862 0.893564
vt 0.405199 0.895613
vt 0.374382 0.895966
vt 0.187391 0.760852
vt 0.589043 0.756247
vt 0.241103 0.832054
vt 0.536977 0.828663
vt 0.316665 0.882350
vt 0.462588 0.880678
vt 0.100948 0.200203
vt 0.103850 0.532966
vt 0.092074 0.538256
vt 0.089077 0.194641
vt 0.111458 0.665933
vt 0.111710 0.134769
vt 0.102633 0.127240
vt 0.102506 0.666742
vt 0.102563 0.666650
vt 0.102633 0.127240
vt 0.111710 0.134769
vt 0.111460 0.665930
vt 0.105646 0.688815
vt 0.114440 0.687153
vt 0.114533 0.687056
vt 0.105759 0.688705
vt 0.108291 0.700986
vt 0.116737 0.699671
vt 0.117732 0.698856
vt 0.108455 0.700866
vt 0.120594 0.713128
vt 0.112456 0.714966
vt 0.117658 0.729939
vt 0.125492 0.727437
vt 0.131130 0.741616
vt 0.123053 0.745134
vt 0.129866 0.760211
vt 0.138246 0.756228
vt 0.112570 0.714909
vt 0.121708 0.712478
vt 0.126734 0.726956
vt 0.117927 0.729857
vt 0.124424 0.744925
vt 0.132499 0.741297
vt 0.139785 0.756144
vt 0.131377 0.760169
vt 0.146283 0.771566
vt 0.138095 0.776412
vt 0.147904 0.793480
vt 0.156042 0.788292
vt 0.167067 0.805915
vt 0.159512 0.811153
vt 0.172212 0.827959
vt 0.179376 0.822234
vt 0.140310 0.776639
vt 0.148129 0.772171
vt 0.158020 0.789040
vt 0.150476 0.793962
vt 0.162477 0.811889
vt 0.169677 0.806440
vt 0.182406 0.822953
vt 0.175579 0.828926
vt 0.192037 0.836294
vt 0.185782 0.842582
vt 0.199254 0.855523
vt 0.205027 0.848841
vt 0.218470 0.860496
vt 0.213138 0.867625
vt 0.229417 0.878877
vt 0.234344 0.871281
vt 0.189091 0.843577
vt 0.195490 0.837167
vt 0.208909 0.849847
vt 0.203016 0.856655
vt 0.217377 0.868881
vt 0.222795 0.861614
vt 0.234344 0.871281
vt 0.229417 0.878877
vt 0.248087 0.879563
vt 0.243719 0.887509
vt 0.258641 0.896764
vt 0.262416 0.888572
vt 0.291249 0.896843
vt 0.288599 0.905362
vt 0.258641 0.896764
vt 0.262416 0.888572
vt 0.248087 0.879563
vt 0.243719 0.887509
vt 0.113914 0.200351
vt 0.116816 0.533114
vt 0.120949 0.141340
vt 0.121344 0.665802
vt 0.120949 0.141340
vt 0.121521 0.665504
vt 0.124210 0.685456
vt 0.124210 0.685456
vt 0.130653 0.709807
vt 0.126907 0.696811
vt 0.135516 0.723736
vt 0.130653 0.709807
vt 0.135516 0.723736
vt 0.126907 0.696811
vt 0.155065 0.766860
vt 0.146940 0.751962
vt 0.165055 0.783190
vt 0.156696 0.767302
vt 0.165055 0.783190
vt 0.148759 0.751746
vt 0.200512 0.829468
vt 0.188251 0.815857
vt 0.213402 0.841822
vt 0.201210 0.829763
vt 0.213402 0.841822
vt 0.188251 0.815857
vt 0.252953 0.868178
vt 0.239863 0.862914
vt 0.267559 0.877854
vt 0.292718 0.889148
vt 0.267559 0.877854
vt 0.252953 0.868178
vt 0.239863 0.862914
vt 0.140461 0.737695
vt 0.141966 0.737324
vt 0.176076 0.800066
vt 0.176076 0.800066
vt 0.226539 0.853209
vt 0.226539 0.853209
vt 0.222866 0.932488
vt 0.239629 0.940378
vt 0.206028 0.922710
vt 0.188443 0.910381
vt 0.172258 0.896866
vt 0.156572 0.882369
vt 0.140920 0.866377
vt 0.126461 0.848157
vt 0.113106 0.829167
vt 0.100647 0.809946
vt 0.090467 0.791938
vt 0.082028 0.775221
vt 0.075238 0.759046
vt 0.069232 0.742840
vt 0.064327 0.727515
vt 0.061562 0.714399
vt 0.059023 0.690834
vt 0.084270 0.574394
vt 0.043312 0.158831
vt 0.019180 0.088820
vt 0.275573 0.952519
vt 0.239629 0.940378
vt 0.222866 0.932488
vt 0.206028 0.922710
vt 0.191500 0.911879
vt 0.174750 0.898293
vt 0.158374 0.883908
vt 0.142533 0.867836
vt 0.127265 0.849187
vt 0.113106 0.829167
vt 0.100647 0.809946
vt 0.090467 0.791938
vt 0.082028 0.775221
vt 0.075157 0.759041
vt 0.069071 0.742828
vt 0.064315 0.727514
vt 0.061475 0.714390
vt 0.058891 0.690817
vt 0.033873 0.157406
vt 0.037509 0.574234
vt 0.019187 0.088808
vn 0.766045 0.642787 0.000000
vn 0.173646 0.984808 0.000000
vn 0.173646 0.984808 0.000000
vn 0.766045 0.642787 0.000000
vn -0.500001 0.866025 0.000000
vn -0.500001 0.866025 0.000000
vn -0.939692 0.342021 0.000000
vn -0.939692 0.342021 0.000000
vn -0.939692 -0.342021 0.000000
vn -0.939692 -0.342021 0.000000
vn -0.500001 -0.866025 0.000000
vn -0.500001 -0.866025 0.000000
vn 0.173646 -0.984808 0.000000
vn 0.173646 -0.984808 0.000000
vn 0.766044 -0.642788 0.000000
vn 0.766044 -0.642788 0.000000
vn 1.000000 0.000000 0.000000
vn 1.000000 0.000000 0.000000
vn 0.000000 0.000000 1.000000
vn 0.000000 0.000000 1.000000
vn 0.000000 0.000000 1.000000
vn 0.000000 0.000000 1.000000
vn -0.000002 0.000000 1.000000
vn 0.000000 0.000000 1.000000
vn 0.000000 0.000000 1.000000
vn 0.000000 0.000000 1.000000
vn 0.000000 0.000000 1.000000
vn 0.766045 0.642787 0.000000
vn 0.173648 0.984808 0.000000
vn 0.173648 0.984808 0.000000
vn 0.766045 0.642787 0.000000
vn -0.499999 0.866026 0.000000
vn -0.499999 0.866026 0.000000
vn -0.939693 0.342020 0.000000
vn -0.939693 0.342020 0.000000
vn -0.939693 -0.342020 0.000000
vn -0.939693 -0.342020 0.000000
vn -0.500001 -0.866025 0.000000
vn -0.500001 -0.866025 0.000000
vn 0.173648 -0.984808 0.000000
vn 0.173648 -0.984808 0.000000
vn 0.766044 -0.642788 0.000000
vn 0.766044 -0.642788 0.000000
vn 1.000000 0.000000 0.000000
vn 1.000000 0.000000 0.000000
vn 0.000000 0.000000 1.000000
vn 0.000000 0.000000 1.000000
vn 0.000000 0.000000 1.000000
vn 0.000000 0.000000 1.000000
vn -0.000002 0.000000 1.000000
vn 0.000000 0.000000 1.000000
vn 0.000000 0.000000 1.000000
vn 0.000000 0.000000 1.000000
vn 0.000000 0.000000 1.000000
vn 0.000000 1.000000 0.000000
vn 0.000000 0.974876 0.222749
vn 0.000000 0.974876 0.222749
vn 0.000000 1.000000 0.000000
vn 0.000000 0.342022 0.939692
vn 0.000000 0.342022 0.939692
vn 0.000000 -0.342020 0.939693
vn 0.000000 -0.342020 0.939693
vn 0.000000 -0.974875 0.222751
vn 0.000000 -0.974875 0.222751
vn 0.000000 -1.000000 0.000000
vn 0.000000 -1.000000 0.000000
vn 1.000000 0.000000 0.000000
vn 1.000000 0.000000 0.000000
vn 1.000000 0.000000 0.000000
vn 1.000000 0.000000 0.000000
vn 1.000000 0.000000 0.000000
vn 1.000000 0.000000 0.000000
vn 1.000000 0.000000 0.000000
vn -1.000000 0.000000 0.000000
vn -1.000000 0.000000 0.000000
vn -1.000000 0.000000 0.000000
vn -1.000000 0.000000 0.000000
vn -1.000000 0.000000 0.000000
vn -1.000000 0.000000 0.000000
vn -1.000000 0.000000 0.000000
vn -1.000000 0.000000 0.000000
vn -1.000000 0.000000 0.000000
vn -1.000000 0.000000 0.000000
vn -1.000000 0.000000 0.000000
vn -0.743003 -0.669289 0.000000
vn -0.000000 -0.000000 0.000000
vn -0.000000 -0.000000 0.000000
vn -0.743003 -0.669289 0.000000
vn 0.005512 -0.701290 0.712855
vn 0.005582 -0.701290 0.712855
vn -0.008042 -0.701276 0.712844
vn -0.008042 -0.701277 0.712844
vn -1.000000 0.000000 0.000000
vn -0.985512 0.000000 0.169605
vn -0.985512 0.000000 0.169605
vn -1.000000 0.000000 0.000000
vn 0.000000 -0.000000 0.000000
vn 0.743005 -0.669286 0.000000
vn 0.743005 -0.669286 0.000000
vn 0.000000 -0.000000 0.000000
vn 0.985512 0.000000 0.169605
vn 1.000000 0.000000 0.000000
vn 1.000000 0.000000 0.000000
vn 0.985512 0.000000 0.169605
vn -0.000000 0.000000 0.000000
vn -0.743003 0.669289 0.000000
vn -0.743003 0.669289 0.000000
vn -0.000000 0.000000 0.000000
vn -0.005498 0.701292 0.712853
vn -0.005596 0.701292 0.712852
vn 0.033233 0.700917 0.712468
vn 0.033233 0.700917 0.712468
vn 0.743005 0.669286 0.000000
vn 0.000000 0.000000 0.000000
vn 0.000000 0.000000 0.000000
vn 0.743005 0.669286 0.000000
vn -0.000000 0.000000 1.000000
vn -0.000000 0.000000 1.000000
vn -0.000000 0.000000 1.000000
vn -0.000000 0.000000 1.000000
vn -0.007909 0.999969 -0.000000
vn -0.007909 0.999969 0.000000
vn 0.048419 0.998827 0.000000
vn 0.048419 0.998827 0.000000
vn 0.007909 -0.999969 0.000000
vn 0.007909 -0.999969 0.000000
vn -0.010404 -0.999946 0.000000
vn -0.010404 -0.999946 0.000000
vn -0.971637 -0.167213 0.167216
vn -0.971637 -0.167213 0.167216
vn -0.971637 -0.167213 0.167216
vn 0.971637 -0.167213 0.167216
vn 0.971637 -0.167213 0.167216
vn 0.971637 -0.167213 0.167216
vn -0.971637 0.167213 0.167219
vn -0.971637 0.167213 0.167219
vn -0.971637 0.167213 0.167219
vn 0.971637 0.167213 0.167219
vn 0.971637 0.167213 0.167219
vn 0.971637 0.167213 0.167219
vn 0.038625 0.999254 0.000000
vn 0.005445 0.999985 0.000000
vn 0.005445 0.999985 0.000000
vn 0.038625 0.999254 0.000000
vn 0.027150 0.710740 0.702931
vn 0.027150 0.710740 0.702931
vn 0.003807 0.710997 0.703185
vn 0.003935 0.710996 0.703185
vn 0.000000 0.000000 1.000000
vn 0.000000 0.000000 1.000000
vn 0.000000 0.000000 1.000000
vn 0.000000 0.000000 1.000000
vn -0.016239 -0.710912 0.703094
vn -0.016239 -0.710912 0.703094
vn -0.003840 -0.710998 0.703183
vn -0.003903 -0.710998 0.703183
vn -0.022383 -0.999750 0.000000
vn -0.022383 -0.999750 0.000000
vn -0.005445 -0.999985 0.000000
vn -0.005445 -0.999985 0.000000
vn -0.037914 0.999281 0.000000
vn -0.037914 0.999281 -0.000000
vn -0.026208 0.706721 0.707007
vn -0.026545 0.706547 0.707168
vn 0.000000 0.000000 1.000000
vn 0.000000 0.000000 1.000000
vn 0.011581 -0.706869 0.707249
vn 0.011649 -0.706795 0.707323
vn 0.015811 -0.999875 0.000000
vn 0.015811 -0.999875 0.000000
vn -0.750758 -0.660578 0.000000
vn -0.000000 -0.000000 0.000000
vn -0.000000 -0.000000 0.000000
vn -0.750758 -0.660578 0.000000
vn 0.011003 -0.707064 0.707064
vn 0.010857 -0.707065 0.707065
vn 0.022149 -0.706933 0.706933
vn 0.022149 -0.706933 0.706933
vn -1.000000 0.000000 0.000000
vn -0.987410 0.000000 0.158184
vn -0.987410 0.000000 0.158184
vn -1.000000 0.000000 0.000000
vn 0.000000 -0.000000 0.000000
vn 0.750760 -0.660575 0.000000
vn 0.750760 -0.660575 0.000000
vn 0.000000 -0.000000 0.000000
vn 0.987410 0.000000 0.158184
vn 1.000000 0.000000 0.000000
vn 1.000000 0.000000 0.000000
vn 0.987410 0.000000 0.158184
vn -0.000000 0.000000 0.000000
vn -0.750758 0.660577 0.000000
vn -0.750758 0.660577 0.000000
vn -0.000000 0.000000 0.000000
vn -0.011003 0.707064 0.707064
vn -0.010857 0.707065 0.707065
vn -0.022149 0.706933 0.706934
vn -0.022149 0.706933 0.706934
vn 0.750760 0.660575 0.000000
vn 0.000000 0.000000 0.000000
vn 0.000000 0.000000 0.000000
vn 0.750760 0.660575 0.000000
vn 0.000000 0.000000 1.000000
vn 0.000000 0.000000 1.000000
vn 0.000000 0.000000 1.000000
vn 0.000000 0.000000 1.000000
vn -0.015457 0.999881 0.000000
vn -0.015457 0.999881 0.000000
vn -0.031315 0.999510 0.000000
vn -0.031315 0.999510 0.000000
vn 0.015457 -0.999881 0.000000
vn 0.015457 -0.999881 0.000000
vn 0.031315 -0.999510 0.000000
vn 0.031315 -0.999510 0.000000
vn -0.975284 -0.156239 0.156242
vn -0.975284 -0.156239 0.156242
vn -0.975284 -0.156238 0.156242
vn 0.975283 -0.156244 0.156242
vn 0.975283 -0.156244 0.156242
vn 0.975283 -0.156244 0.156242
vn -0.975284 0.156238 0.156242
vn -0.975284 0.156238 0.156242
vn -0.975284 0.156238 0.156242
vn 0.975283 0.156243 0.156242
vn 0.975283 0.156243 0.156242
vn 0.975283 0.156243 0.156242
vn -0.012563 0.999921 0.000000
vn -0.028268 0.999600 0.000000
vn -0.028268 0.999600 -0.000000
vn -0.012563 0.999921 0.000000
vn -0.008884 0.707078 0.707080
vn -0.008884 0.707078 0.707080
vn -0.019826 0.706967 0.706968
vn -0.020157 0.706963 0.706963
vn 0.000000 0.000000 1.000000
vn -0.000000 0.000000 1.000000
vn -0.000000 0.000000 1.000000
vn 0.000000 0.000000 1.000000
vn 0.008884 -0.707079 0.707079
vn 0.008884 -0.707079 0.707079
vn 0.019826 -0.706968 0.706968
vn 0.020157 -0.706963 0.706963
vn 0.012563 -0.999921 0.000000
vn 0.012563 -0.999921 0.000000
vn 0.028268 -0.999600 0.000000
vn 0.028268 -0.999600 0.000000
vn -0.020850 0.999783 0.000000
vn -0.020850 0.999783 0.000000
vn -0.014911 0.707029 0.707028
vn -0.014577 0.707032 0.707031
vn -0.000000 0.000000 1.000000
vn -0.000000 0.000000 1.000000
vn 0.014911 -0.707028 0.707028
vn 0.014577 -0.707032 0.707032
vn 0.020851 -0.999783 0.000000
vn 0.020851 -0.999783 0.000000
vn 0.766045 0.642787 0.000000
vn 0.173648 0.984808 0.000000
vn 0.173648 0.984808 0.000000
vn 0.766045 0.642787 0.000000
vn -0.499999 0.866026 0.000000
vn -0.499999 0.866026 0.000000
vn -0.939693 0.342020 0.000000
vn -0.939693 0.342020 0.000000
vn -0.939693 -0.342019 0.000000
vn -0.939693 -0.342019 0.000000
vn -0.500000 -0.866025 0.000000
vn -0.500000 -0.866025 0.000000
vn 0.173648 -0.984808 0.000000
vn 0.173648 -0.984808 0.000000
vn 0.766044 -0.642788 0.000000
vn 0.766044 -0.642788 0.000000
vn 1.000000 0.000000 0.000000
vn 1.000000 0.000000 0.000000
vn 0.000000 0.000000 1.000000
vn 0.000000 0.000000 1.000000
vn 0.000000 0.000000 1.000000
vn 0.000000 0.000000 1.000000
vn -0.000002 0.000000 1.000000
vn 0.000000 0.000000 1.000000
vn 0.000000 0.000000 1.000000
vn 0.000000 0.000000 1.000000
vn 0.000000 0.000000 1.000000
vn 0.766045 0.642787 0.000000
vn 0.173648 0.984808 0.000000
vn 0.173648 0.984808 0.000000
vn 0.766045 0.642787 0.000000
vn -0.499999 0.866026 0.000000
vn -0.499999 0.866026 0.000000
vn -0.939693 0.342020 0.000000
vn -0.939693 0.342020 0.000000
vn -0.939693 -0.342020 0.000000
vn -0.939693 -0.342020 0.000000
vn -0.500001 -0.866025 0.000000
vn -0.500001 -0.866025 0.000000
vn 0.173648 -0.984808 0.000000
vn 0.173648 -0.984808 0.000000
vn 0.766044 -0.642788 0.000000
vn 0.766044 -0.642788 0.000000
vn 1.000000 0.000000 0.000000
vn 1.000000 0.000000 0.000000
vn 0.000000 0.000000 1.000000
vn 0.000000 0.000000 1.000000
vn 0.000000 0.000000 1.000000
vn 0.000000 0.000000 1.000000
vn -0.000002 0.000000 1.000000
vn 0.000000 0.000000 1.000000
vn 0.000000 0.000000 1.000000
vn 0.000000 0.000000 1.000000
vn 0.000000 0.000000 1.000000
vn 0.766045 0.642787 0.000000
vn 0.173646 0.984808 0.000000
vn 0.173646 0.984808 0.000000
vn 0.766045 0.642787 0.000000
vn -0.500001 0.866025 0.000000
vn -0.500001 0.866025 0.000000
vn -0.939692 0.342021 0.000000
vn -0.939692 0.342021 0.000000
vn -0.939692 -0.342021 0.000000
vn -0.939692 -0.342021 0.000000
vn -0.500001 -0.866025 0.000000
vn -0.500001 -0.866025 0.000000
vn 0.173646 -0.984808 0.000000
vn 0.173646 -0.984808 0.000000
vn 0.766044 -0.642788 0.000000
vn 0.766044 -0.642788 0.000000
vn 1.000000 0.000000 0.000000
vn 1.000000 0.000000 0.000000
vn 0.000000 0.000000 1.000000
vn 0.000000 0.000000 1.000000
vn 0.000000 0.000000 1.000000
vn 0.000000 0.000000 1.000000
vn -0.000002 0.000000 1.000000
vn 0.000000 0.000000 1.000000
vn 0.000000 0.000000 1.000000
vn 0.000000 0.000000 1.000000
vn 0.000000 0.000000 1.000000
vn 0.766045 0.642787 0.000000
vn 0.173648 0.984808 0.000000
vn 0.173648 0.984808 0.000000
vn 0.766045 0.642787 0.000000
vn -0.499999 0.866026 0.000000
vn -0.499999 0.866026 0.000000
vn -0.939693 0.342020 0.000000
vn -0.939693 0.342020 0.000000
vn -0.939693 -0.342019 0.000000
vn -0.939693 -0.342019 0.000000
vn -0.500000 -0.866025 0.000000
vn -0.500000 -0.866025 0.000000
vn 0.173648 -0.984808 0.000000
vn 0.173648 -0.984808 0.000000
vn 0.766044 -0.642788 0.000000
vn 0.766044 -0.642788 0.000000
vn 1.000000 0.000000 0.000000
vn 1.000000 0.000000 0.000000
vn 0.000000 0.000000 1.000000
vn 0.000000 0.000000 1.000000
vn 0.000000 0.000000 1.000000
vn 0.000000 0.000000 1.000000
vn -0.000002 0.000000 1.000000
vn 0.000000 0.000000 1.000000
vn 0.000000 0.000000 1.000000
vn 0.000000 0.000000 1.000000
vn 0.000000 0.000000 1.000000
vn 0.766045 0.642787 0.000000
vn 0.173649 0.984808 0.000000
vn 0.173649 0.984808 0.000000
vn 0.766045 0.642787 0.000000
vn -0.500001 0.866025 0.000000
vn -0.500001 0.866025 0.000000
vn -0.939692 0.342021 0.000000
vn -0.939692 0.342021 0.000000
vn -0.939692 -0.342021 0.000000
vn -0.939692 -0.342021 0.000000
vn -0.500001 -0.866025 0.000000
vn -0.500001 -0.866025 0.000000
vn 0.173646 -0.984808 0.000000
vn 0.173646 -0.984808 0.000000
vn 0.766044 -0.642788 0.000000
vn 0.766044 -0.642788 0.000000
vn 1.000000 0.000000 0.000000
vn 1.000000 0.000000 0.000000
vn 0.000000 0.000000 1.000000
vn 0.000000 0.000000 1.000000
vn 0.000000 0.000000 1.000000
vn 0.000000 0.000000 1.000000
vn -0.000002 0.000000 1.000000
vn 0.000000 0.000000 1.000000
vn 0.000000 0.000000 1.000000
vn 0.000000 0.000000 1.000000
vn 0.000000 0.000000 1.000000
vn -0.586914 -0.809650 0.000000
vn -0.586914 -0.809650 0.000000
vn -0.586914 -0.809650 0.000000
vn -0.586914 -0.809650 0.000000
vn 0.002133 -0.781667 0.623693
vn 0.002131 -0.781663 0.623697
vn 0.003224 -0.783331 0.621597
vn 0.003224 -0.783331 0.621597
vn -0.680499 0.000000 0.732749
vn -0.680499 0.000000 0.732749
vn -0.680499 0.000000 0.732749
vn -0.680499 0.000000 0.732749
vn 0.538143 -0.842853 0.000000
vn 0.538143 -0.842853 0.000000
vn 0.538143 -0.842853 0.000000
vn 0.538143 -0.842853 0.000000
vn 0.633142 0.000000 0.774036
vn 0.633142 0.000000 0.774036
vn 0.633142 0.000000 0.774036
vn 0.633142 0.000000 0.774036
vn -0.586914 0.809650 0.000000
vn -0.586914 0.809650 0.000000
vn -0.586914 0.809650 0.000000
vn -0.586914 0.809650 0.000000
vn 0.015674 0.781554 0.623641
vn 0.015803 0.781579 0.623606
vn 0.023797 0.783110 0.621428
vn 0.023797 0.783110 0.621428
vn 0.538143 0.842853 0.000000
vn 0.538143 0.842853 0.000000
vn 0.538143 0.842853 0.000000
vn 0.538143 0.842853 0.000000
vn 0.000000 0.000000 1.000000
vn 0.000000 0.000000 1.000000
vn 0.000000 0.000000 1.000000
vn 0.000000 0.000000 1.000000
vn 0.020813 0.999783 0.000000
vn 0.020813 0.999783 0.000000
vn 0.031393 0.999507 0.000000
vn 0.031393 0.999507 0.000000
vn 0.003404 -0.999994 0.000000
vn 0.003404 -0.999994 0.000000
vn 0.005136 -0.999987 0.000000
vn 0.005136 -0.999987 0.000000
vn 1.000000 0.000000 0.000000
vn 1.000000 0.000000 0.000000
vn 1.000000 0.000000 0.000000
vn 1.000000 0.000000 0.000000
vn -1.000000 0.000000 0.000000
vn -1.000000 0.000000 0.000000
vn -1.000000 0.000000 0.000000
vn -1.000000 0.000000 0.000000
vn -0.496139 -0.684426 0.534236
vn -0.496139 -0.684426 0.534236
vn -0.496139 -0.684426 0.534236
vn 0.449573 -0.704134 0.549618
vn 0.449573 -0.704134 0.549618
vn 0.449573 -0.704134 0.549618
vn -0.496139 0.684426 0.534236
vn -0.496139 0.684426 0.534236
vn -0.496139 0.684426 0.534236
vn 0.449575 0.704137 0.549612
vn 0.449575 0.704137 0.549612
vn 0.449575 0.704137 0.549612
vn -0.082832 0.996564 0.000000
vn -0.035400 0.999373 0.000000
vn -0.035400 0.999373 0.000000
vn -0.082832 0.996564 0.000000
vn -0.062869 0.781783 0.620373
vn -0.062869 0.781783 0.620373
vn -0.027209 0.780243 0.624885
vn -0.026223 0.780186 0.624998
vn 0.000000 0.000000 1.000000
vn 0.000000 0.000000 1.000000
vn 0.000000 0.000000 1.000000
vn 0.000000 0.000000 1.000000
vn -0.008532 -0.783306 0.621578
vn -0.008532 -0.783306 0.621578
vn -0.003612 -0.780486 0.625163
vn -0.003630 -0.780497 0.625149
vn -0.013591 -0.999908 0.000000
vn -0.013591 -0.999908 0.000000
vn -0.005792 -0.999983 0.000000
vn -0.005792 -0.999983 0.000000
vn 0.766045 0.642787 0.000000
vn 0.173646 0.984808 0.000000
vn 0.173646 0.984808 0.000000
vn 0.766045 0.642787 0.000000
vn -0.500001 0.866025 0.000000
vn -0.500001 0.866025 0.000000
vn -0.939692 0.342021 0.000000
vn -0.939692 0.342021 0.000000
vn -0.939692 -0.342021 0.000000
vn -0.939692 -0.342021 0.000000
vn -0.500001 -0.866025 0.000000
vn -0.500001 -0.866025 0.000000
vn 0.173646 -0.984808 0.000000
vn 0.173646 -0.984808 0.000000
vn 0.766044 -0.642788 0.000000
vn 0.766044 -0.642788 0.000000
vn 1.000000 0.000000 0.000000
vn 1.000000 0.000000 0.000000
vn 0.000000 0.000000 1.000000
vn 0.000000 0.000000 1.000000
vn 0.000000 0.000000 1.000000
vn 0.000000 0.000000 1.000000
vn -0.000002 0.000000 1.000000
vn 0.000000 0.000000 1.000000
vn 0.000000 0.000000 1.000000
vn 0.000000 0.000000 1.000000
vn 0.000000 0.000000 1.000000
vn 0.000000 -0.707107 0.707107
vn 0.000000 -0.707107 0.707107
vn 0.000000 -0.707107 0.707107
vn 0.000000 -0.707107 0.707107
vn -0.708430 -0.005615 0.705758
vn -0.708607 -0.010409 0.705527
vn -0.708607 -0.010409 0.705527
vn -0.708439 -0.005844 0.705748
vn 0.708439 -0.005844 0.705748
vn 0.708607 -0.010409 0.705527
vn 0.708607 -0.010409 0.705527
vn 0.708430 -0.005615 0.705758
vn -0.692747 0.141451 0.707172
vn -0.692611 0.142063 0.707183
vn 0.692611 0.142063 0.707183
vn 0.692747 0.141451 0.707172
vn -0.667967 0.230866 0.707475
vn -0.668098 0.230483 0.707476
vn 0.668098 0.230483 0.707476
vn 0.667967 0.230866 0.707475
vn -0.647361 0.284482 0.707102
vn -0.647210 0.284832 0.707100
vn -0.628171 0.324909 0.706990
vn -0.628222 0.324810 0.706990
vn -0.606740 0.363214 0.707066
vn -0.606714 0.363258 0.707066
vn -0.583123 0.400051 0.707055
vn -0.583144 0.400020 0.707055
vn 0.647210 0.284832 0.707100
vn 0.647361 0.284483 0.707102
vn 0.628222 0.324810 0.706991
vn 0.628170 0.324909 0.706991
vn 0.606714 0.363258 0.707066
vn 0.606740 0.363214 0.707066
vn 0.583145 0.400020 0.707054
vn 0.583124 0.400051 0.707054
vn -0.556266 0.436609 0.707065
vn -0.556271 0.436602 0.707065
vn -0.522619 0.476405 0.707042
vn -0.522567 0.476462 0.707042
vn -0.481591 0.517627 0.707200
vn -0.481823 0.517413 0.707199
vn -0.426354 0.563418 0.707660
vn -0.426258 0.563490 0.707660
vn 0.556272 0.436602 0.707064
vn 0.556266 0.436610 0.707064
vn 0.522567 0.476462 0.707042
vn 0.522619 0.476405 0.707042
vn 0.481824 0.517414 0.707198
vn 0.481592 0.517628 0.707199
vn 0.426259 0.563492 0.707658
vn 0.426355 0.563420 0.707658
vn -0.363867 0.606124 0.707258
vn -0.363543 0.606321 0.707256
vn -0.317206 0.632329 0.706782
vn -0.317192 0.632336 0.706782
vn -0.272101 0.652617 0.707144
vn -0.272598 0.652414 0.707140
vn -0.204228 0.676364 0.707688
vn -0.203894 0.676465 0.707688
vn 0.363543 0.606321 0.707256
vn 0.363867 0.606124 0.707258
vn 0.317192 0.632336 0.706782
vn 0.317206 0.632329 0.706782
vn 0.272598 0.652415 0.707138
vn 0.272102 0.652619 0.707142
vn 0.203895 0.676466 0.707686
vn 0.204228 0.676366 0.707686
vn -0.125845 0.695607 0.707315
vn -0.125647 0.695643 0.707314
vn -0.030214 0.706960 0.706608
vn -0.031074 0.706904 0.706626
vn 0.030214 0.706960 0.706608
vn 0.031074 0.706904 0.706626
vn 0.125647 0.695643 0.707314
vn 0.125845 0.695607 0.707315
vn 0.000000 0.000000 1.000000
vn 0.000000 0.000000 1.000000
vn 0.000000 0.000000 1.000000
vn 0.000000 0.000000 1.000000
vn -0.043334 0.999061 0.000000
vn 0.043334 0.999061 0.000000
vn 0.043334 0.999061 0.000000
vn -0.043334 0.999061 0.000000
vn 0.999968 -0.007992 0.000000
vn 0.999893 -0.014666 0.000000
vn 0.999893 -0.014666 0.000000
vn 0.999968 -0.007992 0.000000
vn 0.000000 0.000000 1.000000
vn 0.000000 0.000000 1.000000
vn 0.979696 0.200491 0.000000
vn 0.979696 0.200491 0.000000
vn 0.000000 0.000000 1.000000
vn 0.000000 0.000000 1.000000
vn 0.000000 0.000000 1.000000
vn 0.000000 0.000000 1.000000
vn 0.000000 0.000000 1.000000
vn 0.000000 0.000000 1.000000
vn 0.915458 0.402414 0.000000
vn 0.945321 0.326141 0.000000
vn 0.945321 0.326141 0.000000
vn 0.915458 0.402414 0.000000
vn 0.888313 0.459238 0.000000
vn 0.888313 0.459238 0.000000
vn 0.000000 -0.000000 1.000000
vn 0.000000 0.000000 1.000000
vn 0.000000 0.000000 1.000000
vn 0.000000 -0.000000 1.000000
vn 0.000000 -0.000000 1.000000
vn 0.000000 -0.000000 1.000000
vn 0.786609 0.617451 0.000000
vn 0.824623 0.565683 0.000000
vn 0.824623 0.565683 0.000000
vn 0.786609 0.617451 0.000000
vn 0.738928 0.673784 0.000000
vn 0.738928 0.673784 0.000000
vn 0.000000 0.000000 1.000000
vn 0.000000 0.000000 1.000000
vn 0.000000 0.000000 1.000000
vn 0.000000 0.000000 1.000000
vn 0.000000 0.000000 1.000000
vn 0.000000 0.000000 1.000000
vn 0.514450 0.857521 0.000000
vn 0.603355 0.797473 0.000000
vn 0.603355 0.797473 0.000000
vn 0.514450 0.857521 0.000000
vn 0.448367 0.893849 0.000000
vn 0.448367 0.893849 0.000000
vn 0.000000 -0.017806 0.999841
vn 0.000000 0.000000 1.000000
vn 0.000000 0.000000 1.000000
vn 0.000000 -0.017806 0.999841
vn 0.000000 -0.826348 0.563160
vn 0.000000 -0.826348 0.563160
vn 0.177797 0.984067 0.000000
vn 0.288604 0.957449 0.000000
vn 0.288604 0.957449 0.000000
vn 0.177797 0.984067 0.000000
vn 0.858027 0.513605 0.000000
vn 0.858027 0.513605 0.000000
vn 0.000000 0.000000 1.000000
vn 0.000000 0.000000 1.000000
vn 0.681294 0.732010 0.000000
vn 0.681294 0.732010 0.000000
vn 0.000000 0.000000 1.000000
vn 0.000000 0.000000 1.000000
vn 0.385088 0.922880 0.000000
vn 0.385088 0.922880 0.000000
vn 0.000000 0.000000 1.000000
vn 0.000000 0.000000 1.000000
vn 0.000000 0.730929 0.682454
vn 0.000000 0.730929 0.682454
vn 0.000000 0.730929 0.682454
vn 0.000000 0.730929 0.682454
vn -0.739758 0.005604 0.672850
vn -0.739896 0.009980 0.672647
vn -0.739896 0.009980 0.672647
vn -0.739750 0.005380 0.672860
vn 0.739750 0.005380 0.672860
vn 0.739896 0.009980 0.672647
vn 0.739896 0.009980 0.672647
vn 0.739758 0.005604 0.672850
vn -0.725506 -0.136782 0.674487
vn -0.725680 -0.135944 0.674469
vn 0.725680 -0.135944 0.674469
vn 0.725506 -0.136782 0.674487
vn -0.703089 -0.222954 0.675247
vn -0.703100 -0.222919 0.675247
vn 0.703100 -0.222919 0.675246
vn 0.703089 -0.222954 0.675246
vn -0.683876 -0.276165 0.675313
vn -0.683878 -0.276158 0.675313
vn -0.665965 -0.316357 0.675581
vn -0.666062 -0.316156 0.675579
vn -0.645791 -0.354828 0.676055
vn -0.645629 -0.355118 0.676058
vn -0.623036 -0.392675 0.676486
vn -0.623222 -0.392384 0.676483
vn 0.683879 -0.276158 0.675312
vn 0.683876 -0.276165 0.675312
vn 0.666063 -0.316156 0.675578
vn 0.665965 -0.316357 0.675580
vn 0.645628 -0.355118 0.676059
vn 0.645791 -0.354828 0.676056
vn 0.623221 -0.392384 0.676484
vn 0.623035 -0.392674 0.676487
vn -0.597224 -0.430146 0.676977
vn -0.596937 -0.430537 0.676981
vn -0.563737 -0.472377 0.677540
vn -0.564155 -0.471886 0.677535
vn -0.523370 -0.515649 0.678373
vn -0.522667 -0.516342 0.678388
vn -0.465993 -0.566402 0.679735
vn -0.466785 -0.565766 0.679721
vn 0.596937 -0.430538 0.676981
vn 0.597224 -0.430147 0.676977
vn 0.564156 -0.471887 0.677533
vn 0.563738 -0.472377 0.677539
vn 0.522666 -0.516342 0.678388
vn 0.523370 -0.515649 0.678373
vn 0.466785 -0.565766 0.679721
vn 0.465993 -0.566402 0.679735
vn -0.401048 -0.613622 0.680168
vn -0.400833 -0.613762 0.680169
vn -0.351237 -0.643373 0.680224
vn -0.351576 -0.643191 0.680220
vn -0.303445 -0.666360 0.681092
vn -0.302456 -0.666792 0.681108
vn -0.227665 -0.694696 0.682324
vn -0.228577 -0.694404 0.682317
vn 0.400834 -0.613764 0.680167
vn 0.401049 -0.613624 0.680166
vn 0.351578 -0.643194 0.680217
vn 0.351239 -0.643375 0.680220
vn 0.302456 -0.666791 0.681109
vn 0.303444 -0.666359 0.681093
vn 0.228576 -0.694401 0.682320
vn 0.227664 -0.694694 0.682327
vn -0.141212 -0.717222 0.682386
vn -0.141124 -0.717240 0.682386
vn -0.034920 -0.730637 0.681872
vn -0.034074 -0.730693 0.681855
vn 0.034920 -0.730638 0.681872
vn 0.034074 -0.730694 0.681855
vn 0.141212 -0.717222 0.682386
vn 0.141124 -0.717240 0.682386
vn 0.000000 0.000000 1.000000
vn 0.000000 0.000000 1.000000
vn 0.000000 0.000000 1.000000
vn 0.000000 0.000000 1.000000
vn -0.000000 0.000000 1.000000
vn -0.000000 0.000000 1.000000
vn -0.000000 0.000000 1.000000
vn -0.000000 0.000000 1.000000
vn 0.000000 0.000000 1.000000
vn 0.000000 0.000000 1.000000
vn 0.000000 0.000000 1.000000
vn 0.000000 0.000000 1.000000
vn -0.000000 0.000000 1.000000
vn -0.000000 0.000000 1.000000
vn 0.000000 0.000000 1.000000
vn -0.000000 0.000000 1.000000
vn -0.000000 0.000000 1.000000
vn -0.000000 0.000000 1.000000
vn -0.000000 0.000000 1.000000
vn -0.000000 0.000000 1.000000
vn -0.000000 0.000000 1.000000
vn -0.000000 0.000000 1.000000
vn 0.000000 0.000000 1.000000
vn 0.000000 0.000000 1.000000
vn -0.000000 0.000000 1.000000
vn 0.000000 0.000000 1.000000
vn -0.000000 0.000000 1.000000
vn 0.000000 0.000000 1.000000
vn 0.000000 0.000000 1.000000
vn -0.000000 0.000000 1.000000
vn -0.000000 0.000000 1.000000
vn 0.000000 0.000000 1.000000
vn -0.000000 0.000000 1.000000
vn -0.000000 0.000000 1.000000
vn 0.000000 0.000000 1.000000
vn 0.000000 0.000000 1.000000
vn 0.000000 0.000000 1.000000
vn 0.000000 0.000000 1.000000
vn 0.000000 0.000000 1.000000
vn 0.000000 0.000000 1.000000
vn 0.000000 0.000000 1.000000
vn 0.000000 0.000000 1.000000
vn 0.000000 0.000000 1.000000
vn 0.000000 0.000000 1.000000
vn 0.000000 0.000000 1.000000
vn 0.000000 0.000000 1.000000
vn -0.000000 0.000000 1.000000
vn -0.000000 0.000000 1.000000
vn -0.000000 0.000000 1.000000
vn -0.000000 0.000000 1.000000
vn 0.000000 0.000000 1.000000
vn 0.000000 0.000000 1.000000
vn 0.000000 0.000000 1.000000
vn 0.000000 0.000000 1.000000
vn 0.000000 0.000000 1.000000
vn 0.000000 0.000000 1.000000
vn 0.000000 0.000000 1.000000
vn 0.000000 0.000000 1.000000
vn 0.000000 0.000000 1.000000
vn 0.000000 0.000000 1.000000
vn -0.000000 0.000000 1.000000
vn -0.000000 0.000000 1.000000
vn -0.000000 0.000000 1.000000
vn -0.000000 0.000000 1.000000
vn -0.000000 0.000000 1.000000
vn -0.000000 0.000000 1.000000
vn 0.000000 0.000000 1.000000
vn 0.000000 0.000000 1.000000
vn 0.000000 0.000000 1.000000
vn 0.000000 0.000000 1.000000
vn 0.000000 0.000000 1.000000
vn 0.000000 0.000000 1.000000
vn 0.000000 0.000000 1.000000
vn 0.000000 0.000000 1.000000
vn -0.000000 0.000000 1.000000
vn -0.000000 0.000000 1.000000
vn 0.000000 1.000000 0.000000
vn 0.000000 1.000000 0.000000
vn 0.000000 1.000000 0.000000
vn 0.000000 1.000000 0.000000
vn -0.999909 0.013508 0.000000
vn -0.999909 0.013508 0.000000
vn -0.999972 0.007528 0.000000
vn -0.999972 0.007528 0.000000
vn 0.999972 0.007528 0.000000
vn 0.999909 0.013508 0.000000
vn 0.999909 0.013508 0.000000
vn 0.999972 0.007528 0.000000
vn -0.982802 -0.184663 0.000000
vn -0.982802 -0.184663 0.000000
vn 0.982802 -0.184663 0.000000
vn 0.982802 -0.184663 0.000000
vn -0.953152 -0.302494 0.000000
vn -0.927192 -0.374587 0.000000
vn -0.927192 -0.374587 0.000000
vn -0.953152 -0.302494 0.000000
vn -0.903281 -0.429051 0.000000
vn -0.903281 -0.429051 0.000000
vn 0.903281 -0.429051 0.000000
vn 0.927192 -0.374587 0.000000
vn 0.927192 -0.374587 0.000000
vn 0.903281 -0.429051 0.000000
vn 0.953152 -0.302494 0.000000
vn 0.953152 -0.302494 0.000000
vn -0.846114 -0.533002 0.000000
vn -0.811286 -0.584650 0.000000
vn -0.811286 -0.584650 0.000000
vn -0.846114 -0.533002 0.000000
vn -0.766844 -0.641833 0.000000
vn -0.766844 -0.641833 0.000000
vn 0.766844 -0.641833 0.000000
vn 0.811286 -0.584650 0.000000
vn 0.811286 -0.584650 0.000000
vn 0.766844 -0.641833 0.000000
vn 0.846114 -0.533002 0.000000
vn 0.846114 -0.533002 0.000000
vn -0.635915 -0.771759 0.000000
vn -0.546978 -0.837147 0.000000
vn -0.546978 -0.837147 0.000000
vn -0.635915 -0.771759 0.000000
vn -0.479435 -0.877577 0.000000
vn -0.479435 -0.877577 0.000000
vn 0.479435 -0.877577 0.000000
vn 0.546978 -0.837147 0.000000
vn 0.546978 -0.837147 0.000000
vn 0.479435 -0.877577 0.000000
vn 0.635915 -0.771759 0.000000
vn 0.635915 -0.771759 0.000000
vn -0.312373 -0.949960 0.000000
vn -0.183392 -0.982874 0.018042
vn -0.186429 -0.982318 0.017185
vn -0.312373 -0.949960 0.000000
vn -0.050316 -0.997239 0.054619
vn -0.040728 -0.997533 0.057181
vn 0.050316 -0.997239 0.054619
vn 0.040728 -0.997533 0.057181
vn 0.183392 -0.982874 0.018042
vn 0.186429 -0.982318 0.017185
vn 0.312373 -0.949960 0.000000
vn 0.312373 -0.949960 0.000000
vn -0.876283 -0.481797 0.000000
vn -0.876283 -0.481797 0.000000
vn 0.876283 -0.481797 0.000000
vn 0.876283 -0.481797 0.000000
vn -0.711930 -0.702250 0.000000
vn -0.711930 -0.702250 0.000000
vn 0.711930 -0.702250 0.000000
vn 0.711930 -0.702250 0.000000
vn -0.413913 -0.910316 0.000000
vn -0.413913 -0.910316 0.000000
vn 0.413913 -0.910316 0.000000
vn 0.413913 -0.910316 0.000000
vn 0.766045 0.642787 0.000000
vn 0.173646 0.984808 0.000000
vn -0.500001 0.866025 0.000000
vn -0.939692 0.342021 0.000000
vn -0.939692 -0.342021 0.000000
vn -0.500001 -0.866025 0.000000
vn 0.173646 -0.984808 0.000000
vn 0.766044 -0.642788 0.000000
vn 1.000000 0.000000 0.000000
vn 0.000000 0.000000 -1.000000
vn 0.000000 0.000000 -1.000000
vn 0.000000 0.000000 -1.000000
vn 0.000000 0.000000 -1.000000
vn -0.000003 0.000000 -1.000000
vn 0.000000 0.000000 -1.000000
vn 0.000000 0.000000 -1.000000
vn 0.000000 0.000000 -1.000000
vn 0.000000 0.000000 -1.000000
vn 0.766045 0.642787 0.000000
vn 0.173648 0.984808 0.000000
vn -0.499999 0.866026 0.000000
vn -0.939693 0.342020 0.000000
vn -0.939693 -0.342020 0.000000
vn -0.500001 -0.866025 0.000000
vn 0.173648 -0.984808 0.000000
vn 0.766044 -0.642788 0.000000
vn 1.000000 0.000000 0.000000
vn 0.000000 0.000000 -1.000000
vn 0.000000 0.000000 -1.000000
vn 0.000000 0.000000 -1.000000
vn 0.000000 0.000000 -1.000000
vn 0.000000 0.000000 -1.000000
vn -0.000000 0.000000 -1.000000
vn -0.000000 0.000000 -1.000000
vn 0.000000 0.000000 -1.000000
vn 0.000000 0.000000 -1.000000
vn 0.000000 0.974876 -0.222749
vn 0.000000 0.974876 -0.222749
vn 0.000000 0.342022 -0.939692
vn 0.000000 0.342022 -0.939692
vn 0.000000 -0.342020 -0.939693
vn 0.000000 -0.342020 -0.939693
vn 0.000000 -0.974875 -0.222751
vn 0.000000 -0.974875 -0.222751
vn 1.000000 0.000000 0.000000
vn 1.000000 0.000000 0.000000
vn 1.000000 0.000000 0.000000
vn 1.000000 0.000000 0.000000
vn -1.000000 0.000000 0.000000
vn -1.000000 0.000000 0.000000
vn -1.000000 0.000000 0.000000
vn -1.000000 0.000000 0.000000
vn -1.000000 0.000000 0.000000
vn -1.000000 0.000000 0.000000
vn -1.000000 0.000000 0.000000
vn -1.000000 0.000000 0.000000
vn -0.743003 -0.669289 0.000000
vn 0.005512 -0.701290 -0.712855
vn -0.008042 -0.701277 -0.712844
vn -0.008042 -0.701276 -0.712844
vn 0.005582 -0.701290 -0.712854
vn -0.985512 0.000000 -0.169605
vn -0.985512 0.000000 -0.169605
vn 0.743005 -0.669286 0.000000
vn 0.985512 0.000000 -0.169605
vn 0.985512 0.000000 -0.169605
vn -0.743003 0.669289 0.000000
vn -0.005498 0.701293 -0.712852
vn 0.033233 0.700917 -0.712468
vn 0.033233 0.700917 -0.712468
vn -0.005596 0.701293 -0.712852
vn 0.743005 0.669286 0.000000
vn 0.000000 0.000000 -1.000000
vn 0.000000 0.000000 -1.000000
vn 0.000000 0.000000 -1.000000
vn 0.000000 0.000000 -1.000000
vn 0.048419 0.998827 0.000000
vn -0.007909 0.999969 -0.000000
vn 0.007909 -0.999969 0.000000
vn -0.010404 -0.999946 0.000000
vn -0.971637 -0.167216 -0.167216
vn -0.971637 -0.167216 -0.167216
vn -0.971637 -0.167216 -0.167216
vn 0.971637 -0.167213 -0.167216
vn 0.971637 -0.167213 -0.167216
vn 0.971637 -0.167213 -0.167216
vn -0.971637 0.167213 -0.167219
vn -0.971637 0.167213 -0.167219
vn -0.971637 0.167213 -0.167219
vn 0.971636 0.167216 -0.167219
vn 0.971636 0.167216 -0.167219
vn 0.971636 0.167216 -0.167219
vn 0.038625 0.999254 0.000000
vn 0.005445 0.999985 0.000000
vn 0.027150 0.710740 -0.702931
vn 0.003935 0.710996 -0.703185
vn 0.003807 0.710997 -0.703185
vn 0.027150 0.710740 -0.702931
vn -0.000000 0.000000 -1.000000
vn -0.000000 0.000000 -1.000000
vn -0.000000 0.000000 -1.000000
vn -0.000000 0.000000 -1.000000
vn -0.016239 -0.710912 -0.703094
vn -0.003903 -0.710998 -0.703183
vn -0.003840 -0.710998 -0.703183
vn -0.016239 -0.710912 -0.703094
vn -0.022383 -0.999750 0.000000
vn -0.005445 -0.999985 0.000000
vn -0.037914 0.999281 -0.000000
vn -0.026545 0.706547 -0.707168
vn -0.026208 0.706722 -0.707006
vn 0.000000 0.000000 -1.000000
vn 0.000000 0.000000 -1.000000
vn 0.011649 -0.706795 -0.707323
vn 0.011581 -0.706869 -0.707249
vn 0.015811 -0.999875 0.000000
vn -0.750758 -0.660578 0.000000
vn 0.011003 -0.707064 -0.707064
vn 0.022149 -0.706933 -0.706933
vn 0.022149 -0.706933 -0.706933
vn 0.010857 -0.707065 -0.707065
vn -0.987410 0.000000 -0.158184
vn -0.987410 0.000000 -0.158184
vn 0.750760 -0.660575 0.000000
vn 0.987410 0.000000 -0.158184
vn 0.987410 0.000000 -0.158184
vn -0.750758 0.660577 0.000000
vn -0.011003 0.707064 -0.707064
vn -0.022149 0.706933 -0.706934
vn -0.022149 0.706933 -0.706934
vn -0.010857 0.707065 -0.707065
vn 0.750760 0.660575 0.000000
vn 0.000000 0.000000 -1.000000
vn 0.000000 0.000000 -1.000000
vn 0.000000 0.000000 -1.000000
vn 0.000000 0.000000 -1.000000
vn -0.031315 0.999510 0.000000
vn -0.015457 0.999881 0.000000
vn 0.015457 -0.999881 0.000000
vn 0.031315 -0.999510 0.000000
vn -0.975283 -0.156240 -0.156242
vn -0.975283 -0.156240 -0.156242
vn -0.975283 -0.156240 -0.156242
vn 0.975283 -0.156244 -0.156242
vn 0.975283 -0.156244 -0.156242
vn 0.975283 -0.156244 -0.156242
vn -0.975284 0.156238 -0.156242
vn -0.975284 0.156238 -0.156242
vn -0.975284 0.156238 -0.156242
vn 0.975283 0.156242 -0.156242
vn 0.975283 0.156242 -0.156242
vn 0.975283 0.156242 -0.156242
vn -0.012563 0.999921 0.000000
vn -0.028268 0.999600 -0.000000
vn -0.008884 0.707078 -0.707080
vn -0.020157 0.706963 -0.706963
vn -0.019826 0.706968 -0.706968
vn -0.008884 0.707078 -0.707080
vn 0.000000 0.000000 -1.000000
vn 0.000000 0.000000 -1.000000
vn -0.000000 0.000000 -1.000000
vn -0.000000 0.000000 -1.000000
vn 0.008884 -0.707079 -0.707079
vn 0.020157 -0.706963 -0.706963
vn 0.019826 -0.706968 -0.706968
vn 0.008884 -0.707079 -0.707079
vn 0.012563 -0.999921 0.000000
vn 0.028268 -0.999600 0.000000
vn -0.020850 0.999783 0.000000
vn -0.014577 0.707032 -0.707031
vn -0.014911 0.707029 -0.707028
vn -0.000000 0.000000 -1.000000
vn -0.000000 0.000000 -1.000000
vn 0.014577 -0.707032 -0.707032
vn 0.014911 -0.707028 -0.707028
vn 0.020851 -0.999783 0.000000
vn 0.766045 0.642787 0.000000
vn 0.173648 0.984808 0.000000
vn -0.499999 0.866026 0.000000
vn -0.939693 0.342020 0.000000
vn -0.939693 -0.342019 0.000000
vn -0.500000 -0.866025 0.000000
vn 0.173648 -0.984808 0.000000
vn 0.766044 -0.642788 0.000000
vn 1.000000 0.000000 0.000000
vn 0.000000 0.000000 -1.000000
vn 0.000000 0.000000 -1.000000
vn 0.000000 0.000000 -1.000000
vn 0.000000 0.000000 -1.000000
vn 0.000000 0.000000 -1.000000
vn -0.000000 0.000000 -1.000000
vn -0.000000 0.000000 -1.000000
vn 0.000000 0.000000 -1.000000
vn 0.000000 0.000000 -1.000000
vn 0.766045 0.642787 0.000000
vn 0.173648 0.984808 0.000000
vn -0.499999 0.866026 0.000000
vn -0.939693 0.342020 0.000000
vn -0.939693 -0.342020 0.000000
vn -0.500001 -0.866025 0.000000
vn 0.173648 -0.984808 0.000000
vn 0.766044 -0.642788 0.000000
vn 1.000000 0.000000 0.000000
vn 0.000000 0.000000 -1.000000
vn 0.000000 0.000000 -1.000000
vn 0.000000 0.000000 -1.000000
vn 0.000000 0.000000 -1.000000
vn 0.000000 0.000000 -1.000000
vn -0.000000 0.000000 -1.000000
vn -0.000000 0.000000 -1.000000
vn 0.000000 0.000000 -1.000000
vn 0.000000 0.000000 -1.000000
vn 0.766045 0.642787 0.000000
vn 0.173646 0.984808 0.000000
vn -0.500001 0.866025 0.000000
vn -0.939692 0.342021 0.000000
vn -0.939692 -0.342021 0.000000
vn -0.500001 -0.866025 0.000000
vn 0.173646 -0.984808 0.000000
vn 0.766044 -0.642788 0.000000
vn 1.000000 0.000000 0.000000
vn 0.000000 0.000000 -1.000000
vn 0.000000 0.000000 -1.000000
vn 0.000000 0.000000 -1.000000
vn 0.000000 0.000000 -1.000000
vn -0.000003 0.000000 -1.000000
vn 0.000000 0.000000 -1.000000
vn 0.000000 0.000000 -1.000000
vn 0.000000 0.000000 -1.000000
vn 0.000000 0.000000 -1.000000
vn 0.766045 0.642787 0.000000
vn 0.173648 0.984808 0.000000
vn -0.499999 0.866026 0.000000
vn -0.939693 0.342020 0.000000
vn -0.939693 -0.342019 0.000000
vn -0.500000 -0.866025 0.000000
vn 0.173648 -0.984808 0.000000
vn 0.766044 -0.642788 0.000000
vn 1.000000 0.000000 0.000000
vn 0.000000 0.000000 -1.000000
vn 0.000000 0.000000 -1.000000
vn 0.000000 0.000000 -1.000000
vn 0.000000 0.000000 -1.000000
vn 0.000000 0.000000 -1.000000
vn -0.000000 0.000000 -1.000000
vn -0.000000 0.000000 -1.000000
vn 0.000000 0.000000 -1.000000
vn 0.000000 0.000000 -1.000000
vn 0.766045 0.642787 0.000000
vn 0.173649 0.984808 0.000000
vn -0.500001 0.866025 0.000000
vn -0.939692 0.342021 0.000000
vn -0.939692 -0.342021 0.000000
vn -0.500001 -0.866025 0.000000
vn 0.173646 -0.984808 0.000000
vn 0.766044 -0.642788 0.000000
vn 1.000000 0.000000 0.000000
vn 0.000000 0.000000 -1.000000
vn 0.000000 0.000000 -1.000000
vn 0.000000 0.000000 -1.000000
vn 0.000000 0.000000 -1.000000
vn -0.000003 0.000000 -1.000000
vn -0.000000 0.000000 -1.000000
vn -0.000000 0.000000 -1.000000
vn 0.000000 0.000000 -1.000000
vn 0.000000 0.000000 -1.000000
vn -0.586914 -0.809650 0.000000
vn -0.586914 -0.809650 0.000000
vn 0.002133 -0.781667 -0.623693
vn 0.003224 -0.783331 -0.621597
vn 0.003224 -0.783331 -0.621597
vn 0.002131 -0.781663 -0.623697
vn -0.680499 0.000000 -0.732749
vn -0.680499 0.000000 -0.732749
vn -0.680499 0.000000 -0.732749
vn -0.680499 0.000000 -0.732749
vn 0.538143 -0.842853 0.000000
vn 0.538143 -0.842853 0.000000
vn 0.633142 0.000000 -0.774036
vn 0.633142 0.000000 -0.774036
vn 0.633142 0.000000 -0.774036
vn 0.633142 0.000000 -0.774036
vn -0.586914 0.809650 0.000000
vn -0.586914 0.809650 0.000000
vn 0.015674 0.781554 -0.623641
vn 0.023797 0.783110 -0.621428
vn 0.023797 0.783110 -0.621428
vn 0.015803 0.781579 -0.623606
vn 0.538143 0.842853 0.000000
vn 0.538143 0.842853 0.000000
vn 0.000000 0.000000 -1.000000
vn 0.000000 0.000000 -1.000000
vn 0.000000 0.000000 -1.000000
vn 0.000000 0.000000 -1.000000
vn 0.031393 0.999507 0.000000
vn 0.020813 0.999783 0.000000
vn 0.003404 -0.999994 0.000000
vn 0.005136 -0.999987 0.000000
vn 1.000000 0.000000 0.000000
vn 1.000000 0.000000 0.000000
vn -1.000000 0.000000 0.000000
vn -1.000000 0.000000 0.000000
vn -0.496139 -0.684426 -0.534236
vn -0.496139 -0.684426 -0.534236
vn -0.496139 -0.684426 -0.534236
vn 0.449573 -0.704134 -0.549618
vn 0.449573 -0.704134 -0.549618
vn 0.449573 -0.704134 -0.549618
vn -0.496139 0.684426 -0.534236
vn -0.496139 0.684426 -0.534236
vn -0.496139 0.684426 -0.534236
vn 0.449575 0.704137 -0.549612
vn 0.449575 0.704137 -0.549612
vn 0.449575 0.704137 -0.549612
vn -0.082832 0.996564 0.000000
vn -0.035400 0.999373 0.000000
vn -0.062869 0.781783 -0.620373
vn -0.026223 0.780186 -0.624998
vn -0.027209 0.780243 -0.624885
vn -0.062869 0.781783 -0.620373
vn 0.000000 0.000000 -1.000000
vn 0.000000 0.000000 -1.000000
vn 0.000000 0.000000 -1.000000
vn 0.000000 0.000000 -1.000000
vn -0.008532 -0.783306 -0.621578
vn -0.003630 -0.780497 -0.625149
vn -0.003612 -0.780486 -0.625163
vn -0.008532 -0.783306 -0.621578
vn -0.013591 -0.999908 0.000000
vn -0.005792 -0.999983 0.000000
vn 0.766045 0.642787 0.000000
vn 0.173646 0.984808 0.000000
vn -0.500001 0.866025 0.000000
vn -0.939692 0.342021 0.000000
vn -0.939692 -0.342021 0.000000
vn -0.500001 -0.866025 0.000000
vn 0.173646 -0.984808 0.000000
vn 0.766044 -0.642788 0.000000
vn 1.000000 0.000000 0.000000
vn 0.000000 0.000000 -1.000000
vn 0.000000 0.000000 -1.000000
vn 0.000000 0.000000 -1.000000
vn 0.000000 0.000000 -1.000000
vn -0.000003 0.000000 -1.000000
vn 0.000000 0.000000 -1.000000
vn 0.000000 0.000000 -1.000000
vn 0.000000 0.000000 -1.000000
vn 0.000000 0.000000 -1.000000
vn 0.000000 -0.707107 -0.707107
vn 0.000000 -0.707107 -0.707107
vn 0.000000 -0.707107 -0.707107
vn 0.000000 -0.707107 -0.707107
vn -0.708430 -0.005615 -0.705758
vn -0.708439 -0.005844 -0.705748
vn -0.708607 -0.010409 -0.705527
vn -0.708607 -0.010409 -0.705527
vn 0.708439 -0.005844 -0.705748
vn 0.708430 -0.005615 -0.705758
vn 0.708607 -0.010409 -0.705527
vn 0.708607 -0.010409 -0.705527
vn -0.692611 0.142063 -0.707183
vn -0.692747 0.141451 -0.707172
vn 0.692748 0.141452 -0.707172
vn 0.692611 0.142063 -0.707183
vn -0.668099 0.230483 -0.707476
vn -0.667968 0.230866 -0.707474
vn 0.667968 0.230866 -0.707474
vn 0.668099 0.230483 -0.707475
vn -0.647362 0.284483 -0.707101
vn -0.647210 0.284832 -0.707100
vn -0.628222 0.324810 -0.706990
vn -0.628171 0.324909 -0.706990
vn -0.606740 0.363214 -0.707066
vn -0.606714 0.363258 -0.707066
vn -0.583144 0.400020 -0.707055
vn -0.583123 0.400051 -0.707055
vn 0.647210 0.284832 -0.707100
vn 0.647362 0.284483 -0.707101
vn 0.628170 0.324909 -0.706991
vn 0.628222 0.324810 -0.706991
vn 0.606714 0.363258 -0.707066
vn 0.606740 0.363214 -0.707066
vn 0.583122 0.400050 -0.707056
vn 0.583143 0.400019 -0.707056
vn -0.556266 0.436609 -0.707065
vn -0.556271 0.436602 -0.707065
vn -0.522566 0.476462 -0.707042
vn -0.522618 0.476404 -0.707043
vn -0.481591 0.517627 -0.707200
vn -0.481823 0.517413 -0.707199
vn -0.426258 0.563491 -0.707660
vn -0.426354 0.563419 -0.707660
vn 0.556271 0.436601 -0.707066
vn 0.556265 0.436609 -0.707066
vn 0.522618 0.476404 -0.707043
vn 0.522566 0.476462 -0.707042
vn 0.481823 0.517413 -0.707199
vn 0.481591 0.517627 -0.707200
vn 0.426354 0.563419 -0.707660
vn 0.426258 0.563490 -0.707660
vn -0.363866 0.606123 -0.707260
vn -0.363543 0.606320 -0.707257
vn -0.317192 0.632336 -0.706782
vn -0.317206 0.632329 -0.706782
vn -0.272102 0.652618 -0.707142
vn -0.272599 0.652415 -0.707138
vn -0.203895 0.676466 -0.707686
vn -0.204228 0.676366 -0.707686
vn 0.363543 0.606320 -0.707257
vn 0.363866 0.606123 -0.707260
vn 0.317205 0.632328 -0.706783
vn 0.317191 0.632335 -0.706783
vn 0.272598 0.652414 -0.707140
vn 0.272101 0.652617 -0.707144
vn 0.204228 0.676366 -0.707686
vn 0.203895 0.676466 -0.707687
vn -0.125845 0.695608 -0.707313
vn -0.125647 0.695645 -0.707312
vn -0.031074 0.706906 -0.706625
vn -0.030214 0.706961 -0.706607
vn 0.031074 0.706906 -0.706625
vn 0.030214 0.706961 -0.706607
vn 0.125647 0.695645 -0.707312
vn 0.125845 0.695608 -0.707313
vn 0.000000 0.000000 -1.000000
vn 0.000000 0.000000 -1.000000
vn 0.000000 0.000000 -1.000000
vn 0.000000 0.000000 -1.000000
vn 0.000000 0.000000 -1.000000
vn 0.000000 0.000000 -1.000000
vn 0.000000 0.000000 -1.000000
vn 0.000000 0.000000 -1.000000
vn 0.000000 0.000000 -1.000000
vn 0.000000 0.000000 -1.000000
vn 0.000000 0.000000 -1.000000
vn 0.000000 0.000000 -1.000000
vn 0.000000 -0.000000 -1.000000
vn 0.000000 -0.000000 -1.000000
vn 0.000000 0.000000 -1.000000
vn 0.000000 0.000000 -1.000000
vn 0.000000 -0.000000 -1.000000
vn 0.000000 -0.000000 -1.000000
vn 0.000000 0.000000 -1.000000
vn 0.000000 0.000000 -1.000000
vn 0.000000 0.000000 -1.000000
vn 0.000000 0.000000 -1.000000
vn 0.000000 0.000000 -1.000000
vn 0.000000 0.000000 -1.000000
vn 0.000000 -0.017806 -0.999841
vn 0.000000 -0.017806 -0.999841
vn 0.000000 0.000000 -1.000000
vn 0.000000 0.000000 -1.000000
vn 0.000000 -0.826348 -0.563160
vn 0.000000 -0.826348 -0.563160
vn 0.000000 0.000000 -1.000000
vn 0.000000 0.000000 -1.000000
vn 0.000000 0.000000 -1.000000
vn 0.000000 0.000000 -1.000000
vn 0.000000 0.000000 -1.000000
vn 0.000000 0.000000 -1.000000
vn 0.000000 0.730929 -0.682454
vn 0.000000 0.730929 -0.682454
vn 0.000000 0.730929 -0.682454
vn 0.000000 0.730929 -0.682454
vn -0.739758 0.005604 -0.672850
vn -0.739750 0.005380 -0.672860
vn -0.739896 0.009980 -0.672647
vn -0.739896 0.009980 -0.672647
vn 0.739750 0.005380 -0.672860
vn 0.739758 0.005604 -0.672850
vn 0.739896 0.009980 -0.672648
vn 0.739896 0.009980 -0.672648
vn -0.725680 -0.135944 -0.674469
vn -0.725505 -0.136782 -0.674487
vn 0.725505 -0.136782 -0.674487
vn 0.725679 -0.135944 -0.674469
vn -0.703100 -0.222919 -0.675247
vn -0.703088 -0.222954 -0.675247
vn 0.703088 -0.222954 -0.675247
vn 0.703100 -0.222919 -0.675247
vn -0.683876 -0.276165 -0.675313
vn -0.683878 -0.276158 -0.675313
vn -0.666062 -0.316156 -0.675579
vn -0.665964 -0.316356 -0.675582
vn -0.645791 -0.354828 -0.676056
vn -0.645628 -0.355118 -0.676059
vn -0.623221 -0.392383 -0.676484
vn -0.623034 -0.392674 -0.676488
vn 0.683879 -0.276158 -0.675312
vn 0.683876 -0.276165 -0.675312
vn 0.665965 -0.316357 -0.675580
vn 0.666063 -0.316156 -0.675578
vn 0.645629 -0.355118 -0.676058
vn 0.645792 -0.354828 -0.676054
vn 0.623036 -0.392675 -0.676486
vn 0.623222 -0.392384 -0.676482
vn -0.597223 -0.430146 -0.676978
vn -0.596936 -0.430537 -0.676982
vn -0.564156 -0.471887 -0.677533
vn -0.563738 -0.472378 -0.677539
vn -0.523371 -0.515649 -0.678372
vn -0.522667 -0.516343 -0.678387
vn -0.466784 -0.565766 -0.679722
vn -0.465993 -0.566401 -0.679736
vn 0.596938 -0.430538 -0.676980
vn 0.597224 -0.430147 -0.676976
vn 0.563738 -0.472378 -0.677539
vn 0.564156 -0.471887 -0.677533
vn 0.522666 -0.516342 -0.678388
vn 0.523370 -0.515649 -0.678373
vn 0.465993 -0.566401 -0.679736
vn 0.466784 -0.565766 -0.679722
vn -0.401048 -0.613622 -0.680168
vn -0.400832 -0.613761 -0.680169
vn -0.351576 -0.643192 -0.680219
vn -0.351238 -0.643374 -0.680223
vn -0.303445 -0.666360 -0.681091
vn -0.302456 -0.666793 -0.681108
vn -0.228577 -0.694403 -0.682318
vn -0.227665 -0.694695 -0.682325
vn 0.400832 -0.613761 -0.680170
vn 0.401047 -0.613621 -0.680169
vn 0.351237 -0.643373 -0.680224
vn 0.351576 -0.643191 -0.680220
vn 0.302456 -0.666792 -0.681109
vn 0.303445 -0.666360 -0.681092
vn 0.227664 -0.694695 -0.682325
vn 0.228576 -0.694402 -0.682318
vn -0.141212 -0.717222 -0.682386
vn -0.141124 -0.717240 -0.682386
vn -0.034074 -0.730693 -0.681855
vn -0.034920 -0.730637 -0.681873
vn 0.034074 -0.730693 -0.681856
vn 0.034920 -0.730636 -0.681873
vn 0.141212 -0.717222 -0.682386
vn 0.141124 -0.717240 -0.682386
vn 0.000000 0.000000 -1.000000
vn 0.000000 0.000000 -1.000000
vn 0.000000 0.000000 -1.000000
vn 0.000000 0.000000 -1.000000
vn -0.000000 0.000000 -1.000000
vn -0.000000 0.000000 -1.000000
vn -0.000000 0.000000 -1.000000
vn -0.000000 0.000000 -1.000000
vn 0.000000 0.000000 -1.000000
vn 0.000000 0.000000 -1.000000
vn 0.000000 0.000000 -1.000000
vn 0.000000 0.000000 -1.000000
vn -0.000000 0.000000 -1.000000
vn -0.000000 0.000000 -1.000000
vn 0.000000 0.000000 -1.000000
vn 0.000000 0.000000 -1.000000
vn 0.000000 0.000000 -1.000000
vn -0.000000 0.000000 -1.000000
vn 0.000000 0.000000 -1.000000
vn -0.000000 0.000000 -1.000000
vn -0.000000 0.000000 -1.000000
vn -0.000000 0.000000 -1.000000
vn 0.000000 0.000000 -1.000000
vn 0.000000 0.000000 -1.000000
vn -0.000000 0.000000 -1.000000
vn -0.000000 0.000000 -1.000000
vn 0.000000 0.000000 -1.000000
vn -0.000000 0.000000 -1.000000
vn 0.000000 0.000000 -1.000000
vn 0.000000 0.000000 -1.000000
vn -0.000000 0.000000 -1.000000
vn -0.000000 0.000000 -1.000000
vn -0.000000 0.000000 -1.000000
vn 0.000000 0.000000 -1.000000
vn 0.000000 0.000000 -1.000000
vn 0.000000 0.000000 -1.000000
vn 0.000000 0.000000 -1.000000
vn 0.000000 0.000000 -1.000000
vn 0.000000 0.000000 -1.000000
vn 0.000000 0.000000 -1.000000
vn -0.000000 0.000000 -1.000000
vn -0.000000 0.000000 -1.000000
vn 0.000000 0.000000 -1.000000
vn 0.000000 0.000000 -1.000000
vn -0.000000 0.000000 -1.000000
vn -0.000000 0.000000 -1.000000
vn 0.000000 0.000000 -1.000000
vn 0.000000 0.000000 -1.000000
vn -0.000000 0.000000 -1.000000
vn 0.000000 0.000000 -1.000000
vn 0.000000 0.000000 -1.000000
vn 0.000000 0.000000 -1.000000
vn 0.000000 0.000000 -1.000000
vn 0.000000 0.000000 -1.000000
vn 0.000000 0.000000 -1.000000
vn 0.000000 0.000000 -1.000000
vn 0.000000 0.000000 -1.000000
vn 0.000000 0.000000 -1.000000
vn 0.000000 0.000000 -1.000000
vn 0.000000 0.000000 -1.000000
vn -0.000000 0.000000 -1.000000
vn -0.000000 0.000000 -1.000000
vn -0.000000 0.000000 -1.000000
vn -0.000000 0.000000 -1.000000
vn -0.000000 0.000000 -1.000000
vn -0.000000 0.000000 -1.000000
vn 0.000000 0.000000 -1.000000
vn 0.000000 0.000000 -1.000000
vn 0.000000 0.000000 -1.000000
vn 0.000000 0.000000 -1.000000
vn -0.000000 0.000000 -1.000000
vn 0.000000 0.000000 -1.000000
vn -0.000000 0.000000 -1.000000
vn -0.000000 0.000000 -1.000000
vn -0.000000 0.000000 -1.000000
vn -0.000000 0.000000 -1.000000
vn 0.000000 1.000000 0.000000
vn 0.000000 1.000000 0.000000
vn 0.000000 1.000000 0.000000
vn 0.000000 1.000000 0.000000
vn -0.999909 0.013508 0.000000
vn -0.999972 0.007528 0.000000
vn -0.999972 0.007528 0.000000
vn -0.999909 0.013508 0.000000
vn 0.999972 0.007528 0.000000
vn 0.999972 0.007528 0.000000
vn 0.999909 0.013508 0.000000
vn 0.999909 0.013508 0.000000
vn -0.982802 -0.184663 0.000000
vn -0.982802 -0.184663 0.000000
vn 0.982802 -0.184663 0.000000
vn 0.982802 -0.184663 0.000000
vn -0.953152 -0.302494 0.000000
vn -0.953152 -0.302494 0.000000
vn -0.927192 -0.374587 0.000000
vn -0.927192 -0.374587 0.000000
vn -0.903281 -0.429051 0.000000
vn -0.903281 -0.429051 0.000000
vn 0.903281 -0.429051 0.000000
vn 0.903281 -0.429051 0.000000
vn 0.927192 -0.374587 0.000000
vn 0.927192 -0.374587 0.000000
vn 0.953152 -0.302494 0.000000
vn 0.953152 -0.302494 0.000000
vn -0.846114 -0.533002 0.000000
vn -0.846114 -0.533002 0.000000
vn -0.811286 -0.584650 0.000000
vn -0.811286 -0.584650 0.000000
vn -0.766844 -0.641833 0.000000
vn -0.766844 -0.641833 0.000000
vn 0.766844 -0.641833 0.000000
vn 0.766844 -0.641833 0.000000
vn 0.811286 -0.584650 0.000000
vn 0.811286 -0.584650 0.000000
vn 0.846114 -0.533002 0.000000
vn 0.846114 -0.533002 0.000000
vn -0.635915 -0.771759 0.000000
vn -0.635915 -0.771759 0.000000
vn -0.546978 -0.837147 0.000000
vn -0.546978 -0.837147 0.000000
vn -0.479435 -0.877577 0.000000
vn -0.479435 -0.877577 0.000000
vn 0.479435 -0.877577 0.000000
vn 0.479435 -0.877577 0.000000
vn 0.546978 -0.837147 0.000000
vn 0.546978 -0.837147 0.000000
vn 0.635915 -0.771759 0.000000
vn 0.635915 -0.771759 0.000000
vn -0.312373 -0.949960 0.000000
vn -0.312373 -0.949960 0.000000
vn -0.186429 -0.982318 -0.017185
vn -0.183392 -0.982874 -0.018042
vn -0.040728 -0.997533 -0.057182
vn -0.050316 -0.997239 -0.054620
vn 0.040728 -0.997533 -0.057181
vn 0.050316 -0.997239 -0.054619
vn 0.186429 -0.982318 -0.017184
vn 0.183392 -0.982874 -0.018041
vn 0.312373 -0.949960 0.000000
vn 0.312373 -0.949960 0.000000
vn -0.876283 -0.481797 0.000000
vn -0.876283 -0.481797 0.000000
vn 0.876283 -0.481797 0.000000
vn 0.876283 -0.481797 0.000000
vn -0.711930 -0.702250 0.000000
vn -0.711930 -0.702250 0.000000
vn 0.711930 -0.702250 0.000000
vn 0.711930 -0.702250 0.000000
vn -0.413913 -0.910316 0.000000
vn -0.413913 -0.910316 0.000000
vn 0.413913 -0.910316 0.000000
vn 0.413913 -0.910316 0.000000
vn 0.000000 -1.000000 0.000000
vn 0.000000 -1.000000 0.000000
vn 0.000000 -1.000000 0.000000
vn 0.000000 -1.000000 0.000000
vn -0.999968 -0.007992 0.000000
vn -0.999968 -0.007992 0.000000
vn -0.999893 -0.014666 0.000000
vn -0.999893 -0.014666 0.000000
vn -0.979696 0.200491 0.000000
vn -0.979696 0.200491 0.000000
vn -0.915458 0.402414 0.000000
vn -0.915458 0.402414 0.000000
vn -0.945321 0.326141 0.000000
vn -0.945321 0.326141 0.000000
vn -0.888313 0.459238 0.000000
vn -0.888313 0.459238 0.000000
vn -0.786609 0.617451 0.000000
vn -0.786609 0.617451 0.000000
vn -0.824623 0.565683 0.000000
vn -0.824623 0.565683 0.000000
vn -0.738928 0.673784 0.000000
vn -0.738928 0.673784 0.000000
vn -0.514450 0.857521 0.000000
vn -0.514450 0.857521 0.000000
vn -0.603355 0.797473 0.000000
vn -0.603355 0.797473 0.000000
vn -0.448367 0.893849 0.000000
vn -0.448367 0.893849 0.000000
vn -0.177797 0.984067 0.000000
vn -0.177797 0.984067 0.000000
vn -0.288604 0.957449 0.000000
vn -0.288604 0.957449 0.000000
vn -0.858027 0.513605 0.000000
vn -0.858027 0.513605 0.000000
vn -0.681294 0.732010 0.000000
vn -0.681294 0.732010 0.000000
vn -0.385088 0.922880 0.000000
vn -0.385088 0.922880 0.000000
s 1
g pCylinder23
usemtl lambert4SG
f 1/1/1 2/2/2 11/11/3 10/10/4
f 2/2/2 3/3/5 12/12/6 11/11/3
f 3/3/5 4/4/7 13/13/8 12/12/6
f 4/4/7 5/5/9 14/14/10 13/13/8
f 5/5/9 6/6/11 15/15/12 14/14/10
f 6/6/11 7/7/13 16/16/14 15/15/12
f 7/7/13 8/8/15 17/17/16 16/16/14
f 8/8/15 9/9/17 18/18/18 17/17/16
f 9/9/17 1/1/1 10/10/4 18/18/18
s 2
f 15/15/19 11/11/20 12/12/21 14/14/22
f 14/14/22 12/12/21 13/13/23
f 10/10/24 11/11/20 15/15/19 16/16/25
f 10/10/24 16/16/25 17/17/26 18/18/27
s 3
f 19/19/28 20/20/29 29/21/30 28/22/31
f 20/20/29 21/23/32 30/24/33 29/21/30
f 21/23/32 22/25/34 31/26/35 30/24/33
f 22/25/34 23/27/36 32/28/37 31/26/35
f 23/27/36 24/29/38 33/30/39 32/28/37
f 24/29/38 25/31/40 34/32/41 33/30/39
f 25/31/40 26/33/42 35/34/43 34/32/41
f 26/33/42 27/35/44 36/36/45 35/34/43
f 27/35/44 19/19/28 28/22/31 36/36/45
s 4
f 33/30/46 29/21/47 30/24/48 32/28/49
f 32/28/49 30/24/48 31/26/50
f 28/22/51 29/21/47 33/30/46 34/32/52
f 28/22/51 34/32/52 35/34/53 36/36/54
s 5
f 37/37/55 38/38/56 46/39/57 45/40/58
f 38/38/56 39/41/59 47/42/60 46/39/57
f 39/41/59 40/43/61 48/44/62 47/42/60
f 40/43/61 41/45/63 49/46/64 48/44/62
f 41/45/63 42/47/65 50/48/66 49/46/64
s 6
f 49/49/67 45/50/68 46/51/69 48/52/70
f 48/52/70 46/51/69 47/53/71
f 44/54/72 45/50/68 49/49/67 50/55/73
s 7
f 38/56/74 37/57/75 43/58/76 42/59/77
s off
f 39/60/78 38/56/79 42/59/80 41/61/81
f 40/62/82 39/60/83 41/61/84
s 8
f 51/63/85 53/64/86 68/65/87 67/66/88
s 9
f 86/67/89 87/68/90 56/69/91 55/70/92
s 10
f 53/64/93 52/71/94 58/72/95 57/73/96
s 11
f 54/74/97 56/69/98 70/75/99 69/76/100
s 12
f 55/70/101 54/74/102 62/77/103 61/78/104
s 13
f 57/73/105 59/79/106 64/80/107 63/81/108
s 14
f 84/82/109 85/83/110 61/78/111 60/84/112
s 15
f 60/84/113 62/77/114 66/85/115 65/86/116
s 16
f 85/83/117 86/67/118 55/70/119 61/78/120
s 17
f 83/87/121 84/82/122 60/84/123 65/86/124
s 18
f 87/68/125 88/88/126 70/75/127 56/69/128
s off
f 51/63/129 52/71/130 53/64/131
f 54/74/132 55/70/133 56/69/134
f 57/73/135 58/72/136 59/79/137
f 60/84/138 61/78/139 62/77/140
s 17
f 59/79/141 72/89/142 71/90/143 64/80/144
s 14
f 59/79/145 58/72/146 73/91/147 72/89/148
s 16
f 52/71/149 74/92/150 73/91/151 58/72/152
s 9
f 52/71/153 51/63/154 75/93/155 74/92/156
s 18
f 51/63/157 67/66/158 76/94/159 75/93/160
s 17
f 71/90/143 72/89/142 78/95/161 77/96/162
s 14
f 72/89/148 73/91/147 79/97/163 78/95/164
s 16
f 73/91/151 74/92/150 80/98/165 79/97/166
s 9
f 74/92/156 75/93/155 81/99/167 80/98/168
s 18
f 75/93/160 76/94/159 82/100/169 81/99/170
s 17
f 77/96/162 78/95/161 84/82/122 83/87/121
s 14
f 78/95/164 79/97/163 85/83/110 84/82/109
s 16
f 79/97/166 80/98/165 86/67/118 85/83/117
s 9
f 80/98/168 81/99/167 87/68/90 86/67/89
s 18
f 81/99/170 82/100/169 88/88/126 87/68/125
s 24
f 89/101/171 91/102/172 106/103/173 105/104/174
s 25
f 124/105/175 125/106/176 94/107/177 93/108/178
s 26
f 91/102/179 90/109/180 96/110/181 95/111/182
s 27
f 92/112/183 94/107/184 108/113/185 107/114/186
s 28
f 93/108/187 92/112/188 100/115/189 99/116/190
s 29
f 95/111/191 97/117/192 102/118/193 101/119/194
s 30
f 122/120/195 123/121/196 99/116/197 98/122/198
s 31
f 98/122/199 100/115/200 104/123/201 103/124/202
s 32
f 123/121/203 124/105/204 93/108/205 99/116/206
s 33
f 121/125/207 122/120/208 98/122/209 103/124/210
s 34
f 125/106/211 126/126/212 108/113/213 94/107/214
s off
f 89/101/215 90/109/216 91/102/217
f 92/112/218 93/108/219 94/107/220
f 95/111/221 96/110/222 97/117/223
f 98/122/224 99/116/225 100/115/226
s 33
f 97/117/227 110/127/228 109/128/229 102/118/230
s 30
f 97/117/231 96/110/232 111/129/233 110/127/234
s 32
f 90/109/235 112/130/236 111/129/237 96/110/238
s 25
f 90/109/239 89/101/240 113/131/241 112/130/242
s 34
f 89/101/243 105/104/244 114/132/245 113/131/246
s 33
f 109/128/229 110/127/228 116/133/247 115/134/248
s 30
f 110/127/234 111/129/233 117/135/249 116/133/250
s 32
f 111/129/237 112/130/236 118/136/251 117/135/252
s 25
f 112/130/242 113/131/241 119/137/253 118/136/254
s 34
f 113/131/246 114/132/245 120/138/255 119/137/256
s 33
f 115/134/248 116/133/247 122/120/208 121/125/207
s 30
f 116/133/250 117/135/249 123/121/196 122/120/195
s 32
f 117/135/252 118/136/251 124/105/204 123/121/203
s 25
f 118/136/254 119/137/253 125/106/176 124/105/175
s 34
f 119/137/256 120/138/255 126/126/212 125/106/211
s 40
f 127/139/257 128/140/258 137/141/259 136/142/260
f 128/140/258 129/143/261 138/144/262 137/141/259
f 129/143/261 130/145/263 139/146/264 138/144/262
f 130/145/263 131/147/265 140/148/266 139/146/264
f 131/147/265 132/149/267 141/150/268 140/148/266
f 132/149/267 133/151/269 142/152/270 141/150/268
f 133/151/269 134/153/271 143/154/272 142/152/270
f 134/153/271 135/155/273 144/156/274 143/154/272
f 135/155/273 127/139/257 136/142/260 144/156/274
s 41
f 141/150/275 137/141/276 138/144/277 140/148/278
f 140/148/278 138/144/277 139/146/279
f 136/142/280 137/141/276 141/150/275 142/152/281
f 136/142/280 142/152/281 143/154/282 144/156/283
s 42
f 145/157/284 146/158/285 155/159/286 154/160/287
f 146/158/285 147/161/288 156/162/289 155/159/286
f 147/161/288 148/163/290 157/164/291 156/162/289
f 148/163/290 149/165/292 158/166/293 157/164/291
f 149/165/292 150/167/294 159/168/295 158/166/293
f 150/167/294 151/169/296 160/170/297 159/168/295
f 151/169/296 152/171/298 161/172/299 160/170/297
f 152/171/298 153/173/300 162/174/301 161/172/299
f 153/173/300 145/157/284 154/160/287 162/174/301
s 43
f 159/168/302 155/159/303 156/162/304 158/166/305
f 158/166/305 156/162/304 157/164/306
f 154/160/307 155/159/303 159/168/302 160/170/308
f 154/160/307 160/170/308 161/172/309 162/174/310
s 44
f 163/175/311 164/176/312 173/177/313 172/178/314
f 164/176/312 165/179/315 174/180/316 173/177/313
f 165/179/315 166/181/317 175/182/318 174/180/316
f 166/181/317 167/183/319 176/184/320 175/182/318
f 167/183/319 168/185/321 177/186/322 176/184/320
f 168/185/321 169/187/323 178/188/324 177/186/322
f 169/187/323 170/189/325 179/190/326 178/188/324
f 170/189/325 171/191/327 180/192/328 179/190/326
f 171/191/327 163/175/311 172/178/314 180/192/328
s 45
f 177/186/329 173/177/330 174/180/331 176/184/332
f 176/184/332 174/180/331 175/182/333
f 172/178/334 173/177/330 177/186/329 178/188/335
f 172/178/334 178/188/335 179/190/336 180/192/337
s 46
f 181/193/338 182/194/339 191/195/340 190/196/341
f 182/194/339 183/197/342 192/198/343 191/195/340
f 183/197/342 184/199/344 193/200/345 192/198/343
f 184/199/344 185/201/346 194/202/347 193/200/345
f 185/201/346 186/203/348 195/204/349 194/202/347
f 186/203/348 187/205/350 196/206/351 195/204/349
f 187/205/350 188/207/352 197/208/353 196/206/351
f 188/207/352 189/209/354 198/210/355 197/208/353
f 189/209/354 181/193/338 190/196/341 198/210/355
s 47
f 195/204/356 191/195/357 192/198/358 194/202/359
f 194/202/359 192/198/358 193/200/360
f 190/196/361 191/195/357 195/204/356 196/206/362
f 190/196/361 196/206/362 197/208/363 198/210/364
s 48
f 199/211/365 200/212/366 209/213/367 208/214/368
f 200/212/366 201/215/369 210/216/370 209/213/367
f 201/215/369 202/217/371 211/218/372 210/216/370
f 202/217/371 203/219/373 212/220/374 211/218/372
f 203/219/373 204/221/375 213/222/376 212/220/374
f 204/221/375 205/223/377 214/224/378 213/222/376
f 205/223/377 206/225/379 215/226/380 214/224/378
f 206/225/379 207/227/381 216/228/382 215/226/380
f 207/227/381 199/211/365 208/214/368 216/228/382
s 49
f 213/222/383 209/213/384 210/216/385 212/220/386
f 212/220/386 210/216/385 211/218/387
f 208/214/388 209/213/384 213/222/383 214/224/389
f 208/214/388 214/224/389 215/226/390 216/228/391
s 50
f 217/229/392 219/230/393 234/231/394 233/232/395
s 51
f 246/233/396 247/234/397 222/235/398 221/236/399
s off
f 219/230/400 218/237/401 224/238/402 223/239/403
s 52
f 220/240/404 222/235/405 236/241/406 235/242/407
s off
f 221/236/408 220/240/409 228/243/410 227/244/411
s 53
f 223/239/412 225/245/413 230/246/414 229/247/415
s 54
f 244/248/416 245/249/417 227/244/418 226/250/419
s 55
f 226/250/420 228/243/421 232/251/422 231/252/423
s 56
f 245/249/424 246/233/425 221/236/426 227/244/427
s 57
f 243/253/428 244/248/429 226/250/430 231/254/431
s 58
f 247/234/432 248/255/433 236/256/434 222/235/435
s 59
f 220/240/436 235/257/437 232/258/438 228/243/439
s 60
f 234/259/440 219/230/441 223/239/442 229/260/443
s off
f 217/229/444 218/237/445 219/230/446
f 220/240/447 221/236/448 222/235/449
f 223/239/450 224/238/451 225/245/452
f 226/250/453 227/244/454 228/243/455
s 57
f 225/245/456 238/261/457 237/262/458 230/263/459
s 54
f 225/245/460 224/238/461 239/264/462 238/261/463
s 56
f 218/237/464 240/265/465 239/264/466 224/238/467
s 51
f 218/237/468 217/229/469 241/266/470 240/265/471
s 58
f 217/229/472 233/267/473 242/268/474 241/266/475
s 57
f 237/262/458 238/261/457 244/248/429 243/253/428
s 54
f 238/261/463 239/264/462 245/249/417 244/248/416
s 56
f 239/264/466 240/265/465 246/233/425 245/249/424
s 51
f 240/265/471 241/266/470 247/234/397 246/233/396
s 58
f 241/266/475 242/268/474 248/255/433 247/234/432
s 62
f 249/269/476 250/270/477 259/271/478 258/272/479
f 250/270/477 251/273/480 260/274/481 259/271/478
f 251/273/480 252/275/482 261/276/483 260/274/481
f 252/275/482 253/277/484 262/278/485 261/276/483
f 253/277/484 254/279/486 263/280/487 262/278/485
f 254/279/486 255/281/488 264/282/489 263/280/487
f 255/281/488 256/283/490 265/284/491 264/282/489
f 256/283/490 257/285/492 266/286/493 265/284/491
f 257/285/492 249/269/476 258/272/479 266/286/493
s 63
f 263/280/494 259/271/495 260/274/496 262/278/497
f 262/278/497 260/274/496 261/276/498
f 258/272/499 259/271/495 263/280/494 264/282/500
f 258/272/499 264/282/500 265/284/501 266/286/502
s off
f 268/287/503 270/1053/504 269/289/505 267/290/506
s 64
f 409/291/507 268/292/508 267/293/509 408/294/510
f 411/295/511 269/296/512 270/297/513 410/1051/514
f 409/291/507 408/294/510 412/299/515 413/300/516
f 411/295/511 410/1051/514 414/1050/517 415/302/518
f 413/300/516 412/299/515 271/303/519 272/304/520
f 415/302/518 414/1050/517 275/1049/521 276/306/522
f 417/307/523 272/304/520 271/303/519 416/308/524
f 417/307/523 416/308/524 274/309/525 273/310/526
f 419/311/527 273/310/526 274/309/525 418/312/528
f 419/311/527 418/312/528 279/313/529 280/314/530
f 421/315/531 276/306/522 275/1049/521 420/1048/532
f 421/315/531 420/1048/532 277/1047/533 278/318/534
f 423/319/535 278/318/534 277/1047/533 422/1046/536
f 423/319/535 422/1046/536 283/1045/537 284/322/538
f 425/323/539 280/314/530 279/313/529 424/324/540
f 425/323/539 424/324/540 282/325/541 281/326/542
f 427/327/543 281/326/542 282/325/541 426/328/544
f 427/327/543 426/328/544 287/329/545 288/330/546
f 429/331/547 284/322/538 283/1045/537 428/1044/548
f 429/331/547 428/1044/548 285/1043/549 286/334/550
f 431/335/551 286/334/550 285/1043/549 430/1042/552
f 431/335/551 430/1042/552 291/1041/553 292/338/554
f 433/339/555 288/330/546 287/329/545 432/340/556
f 433/339/555 432/340/556 290/341/557 289/342/558
f 435/343/559 289/342/558 290/341/557 434/344/560
f 435/343/559 434/344/560 295/345/561 296/346/562
f 437/347/563 292/338/554 291/1041/553 436/1040/564
f 437/347/563 436/1040/564 293/1039/565 294/350/566
f 439/351/567 294/350/566 293/1039/565 438/1038/568
f 439/351/567 438/1038/568 299/1037/569 300/354/570
f 441/355/571 296/346/562 295/345/561 440/356/572
f 441/355/571 440/356/572 297/357/573 298/358/574
f 298/358/574 297/357/573 301/359/575 302/360/576
f 443/361/577 300/354/570 299/1037/569 442/1035/578
f 443/361/577 442/1035/578 302/1036/576 301/364/575
s 66
f 445/365/579 304/366/580 303/367/581 444/368/582
s 67
f 298/358/583 302/360/584 622/877/585 618/875/586
f 410/298/587 270/1054/588 590/814/589 730/815/590
s 66
f 445/365/579 444/368/582 370/369/591 371/370/592
s 67
f 414/301/593 410/298/587 730/815/590 734/818/594
s 66
f 357/371/595 305/372/596 306/373/597 446/374/598
f 357/371/595 446/374/598 307/375/599 308/376/600
s 67
f 420/316/601 275/305/602 595/822/603 740/833/604
f 277/317/605 420/316/601 740/833/604 597/834/606
s 66
f 359/377/607 309/378/608 310/379/609 358/380/610
f 359/377/607 358/380/610 311/381/611 312/382/612
s 67
f 428/332/613 283/321/614 603/838/615 748/849/616
f 285/333/617 428/332/613 748/849/616 605/850/618
s 66
f 361/383/619 313/384/620 314/385/621 360/386/622
f 361/383/619 360/386/622 315/387/623 316/388/624
s 67
f 436/348/625 291/337/626 611/854/627 756/865/628
f 293/349/629 436/348/625 756/865/628 613/866/630
s 66
f 363/389/631 317/390/632 318/391/633 362/392/634
f 363/389/631 362/392/634 319/393/635 320/394/636
s 67
f 442/362/637 299/353/638 619/870/639 762/879/640
f 302/363/584 442/362/637 762/879/640 622/880/585
f 422/320/641 277/317/605 597/834/606 742/837/642
f 283/321/614 422/320/641 742/837/642 603/838/615
s 66
f 365/395/643 308/376/600 307/375/599 364/396/644
f 365/395/643 364/396/644 310/379/609 309/378/608
s 67
f 430/336/645 285/333/617 605/850/618 750/853/646
f 291/337/626 430/336/645 750/853/646 611/854/627
s 66
f 367/397/647 312/382/612 311/381/611 366/398/648
f 367/397/647 366/398/648 314/385/621 313/384/620
s 67
f 438/352/649 293/349/629 613/866/630 758/869/650
f 299/353/638 438/352/649 758/869/650 619/870/639
s 66
f 369/399/651 316/388/624 315/387/623 368/400/652
f 369/399/651 368/400/652 318/391/633 317/390/632
s 67
f 275/305/602 414/301/593 734/818/594 595/822/603
s 66
f 371/370/592 370/369/591 306/373/597 305/372/596
s off
f 322/401/653 324/402/654 323/403/655 321/404/656
s 75
f 373/405/657 322/406/658 321/407/659 372/408/660
f 375/409/661 323/410/662 324/411/663 374/412/664
f 373/405/657 372/408/660 376/413/665 377/414/666
f 375/409/661 374/412/664 378/415/667 379/416/668
f 377/414/666 376/413/665 325/417/669 326/418/670
f 379/416/668 378/415/667 330/419/671 329/420/672
f 381/421/673 326/418/670 325/417/669 380/422/674
f 381/421/673 380/422/674 327/423/675 328/424/676
f 383/425/677 328/424/676 327/423/675 382/426/678
f 383/425/677 382/426/678 333/427/679 334/428/680
f 385/429/681 329/420/672 330/419/671 384/430/682
f 385/429/681 384/430/682 332/431/683 331/432/684
f 387/433/685 331/432/684 332/431/683 386/434/686
f 387/433/685 386/434/686 338/435/687 337/436/688
f 389/437/689 334/428/680 333/427/679 388/438/690
f 389/437/689 388/438/690 335/439/691 336/440/692
f 391/441/693 336/440/692 335/439/691 390/442/694
f 391/441/693 390/442/694 341/443/695 342/444/696
f 393/445/697 337/436/688 338/435/687 392/446/698
f 393/445/697 392/446/698 340/447/699 339/448/700
f 395/449/701 339/448/700 340/447/699 394/450/702
f 395/449/701 394/450/702 346/451/703 345/452/704
f 397/453/705 342/444/696 341/443/695 396/454/706
f 397/453/705 396/454/706 343/455/707 344/456/708
f 399/457/709 344/456/708 343/455/707 398/458/710
f 399/457/709 398/458/710 349/459/711 350/460/712
f 401/461/713 345/452/704 346/451/703 400/462/714
f 401/461/713 400/462/714 348/463/715 347/464/716
f 403/465/717 347/464/716 348/463/715 402/466/718
f 403/465/717 402/466/718 356/467/719 355/468/720
f 405/469/721 350/460/712 349/459/711 404/470/722
f 405/469/721 404/470/722 351/471/723 352/472/724
f 352/473/724 351/474/723 353/475/725 354/476/726
f 407/477/727 354/476/726 353/475/725 406/478/728
f 407/477/727 406/478/728 355/468/720 356/467/719
s off
f 267/290/729 269/289/730 321/404/731 323/403/732
s 77
f 372/408/733 321/407/734 269/296/735 411/295/736
f 408/294/737 267/293/738 323/410/739 375/409/740
f 376/413/741 372/408/733 411/295/736 415/302/742
f 412/299/743 408/294/737 375/409/740 379/416/744
f 276/306/745 421/315/746 380/422/747 325/417/748
f 421/315/746 278/318/749 327/423/750 380/422/747
f 274/309/751 416/308/752 385/429/753 331/432/754
f 416/308/752 271/303/755 329/420/756 385/429/753
f 284/322/757 429/331/758 388/438/759 333/427/760
f 429/331/758 286/334/761 335/439/762 388/438/759
f 282/325/763 424/324/764 393/445/765 339/448/766
f 424/324/764 279/313/767 337/436/768 393/445/765
f 292/338/769 437/347/770 396/454/771 341/443/772
f 437/347/770 294/350/773 343/455/774 396/454/771
f 290/341/775 432/340/776 401/461/777 347/464/778
f 432/340/776 287/329/779 345/452/780 401/461/777
f 300/354/781 443/361/782 404/470/783 349/459/784
f 443/361/782 301/364/785 351/471/786 404/470/783
f 301/359/785 297/357/787 353/475/788 351/474/786
f 353/475/788 297/357/787 440/356/789 406/478/790
f 440/356/789 295/345/791 355/468/792 406/478/790
f 327/423/750 278/318/749 423/319/793 382/426/794
f 423/319/793 284/322/757 333/427/760 382/426/794
f 337/436/768 279/313/767 418/312/795 387/433/796
f 418/312/795 274/309/751 331/432/754 387/433/796
f 335/439/762 286/334/761 431/335/797 390/442/798
f 431/335/797 292/338/769 341/443/772 390/442/798
f 345/452/780 287/329/779 426/328/799 395/449/800
f 426/328/799 282/325/763 339/448/766 395/449/800
f 343/455/774 294/350/773 439/351/801 398/458/802
f 439/351/801 300/354/781 349/459/784 398/458/802
f 355/468/792 295/345/791 434/344/803 403/465/804
f 434/344/803 290/341/775 347/464/778 403/465/804
f 415/302/742 276/306/745 325/417/748 376/413/741
f 329/420/756 271/303/755 412/299/743 379/416/744
s off
f 324/402/805 322/401/806 303/479/807 304/480/808
s 86
f 303/481/809 322/406/810 373/405/811 444/482/812
f 374/412/813 324/411/814 304/483/815 445/484/816
f 370/485/817 444/482/812 373/405/811 377/414/818
f 378/415/819 374/412/813 445/484/816 371/486/820
f 326/418/821 381/421/822 446/487/823 306/488/824
f 381/421/822 328/424/825 307/489/826 446/487/823
f 332/431/827 384/430/828 357/490/829 308/491/830
f 384/430/828 330/419/831 305/492/832 357/490/829
f 334/428/833 389/437/834 358/493/835 310/494/836
f 389/437/834 336/440/837 311/495/838 358/493/835
f 340/447/839 392/446/840 359/496/841 312/497/842
f 392/446/840 338/435/843 309/498/844 359/496/841
f 342/444/845 397/453/846 360/499/847 314/500/848
f 397/453/846 344/456/849 315/501/850 360/499/847
f 348/463/851 400/462/852 361/502/853 316/503/854
f 400/462/852 346/451/855 313/504/856 361/502/853
f 350/460/857 405/469/858 362/505/859 318/506/860
f 405/469/858 352/472/861 319/507/862 362/505/859
f 319/508/862 352/473/861 354/476/863 320/509/864
f 320/509/864 354/476/863 407/477/865 363/510/866
f 407/477/865 356/467/867 317/511/868 363/510/866
f 307/489/826 328/424/825 383/425/869 364/512/870
f 383/425/869 334/428/833 310/494/836 364/512/870
f 309/498/844 338/435/843 386/434/871 365/513/872
f 386/434/871 332/431/827 308/491/830 365/513/872
f 311/495/838 336/440/837 391/441/873 366/514/874
f 391/441/873 342/444/845 314/500/848 366/514/874
f 313/504/856 346/451/855 394/450/875 367/515/876
f 394/450/875 340/447/839 312/497/842 367/515/876
f 315/501/850 344/456/849 399/457/877 368/516/878
f 399/457/877 350/460/857 318/506/860 368/516/878
f 317/511/868 356/467/867 402/466/879 369/517/880
f 402/466/879 348/463/851 316/503/854 369/517/880
f 377/414/818 326/418/821 306/488/824 370/485/817
f 305/492/832 330/419/831 378/415/819 371/486/820
s 1
f 1/518/1 447/521/881 448/520/882 2/519/2
f 2/519/2 448/520/882 449/523/883 3/522/5
f 3/522/5 449/523/883 450/525/884 4/524/7
f 4/524/7 450/525/884 451/527/885 5/526/9
f 5/526/9 451/527/885 452/529/886 6/528/11
f 6/528/11 452/529/886 453/531/887 7/530/13
f 7/530/13 453/531/887 454/533/888 8/532/15
f 8/532/15 454/533/888 455/535/889 9/534/17
f 9/534/17 455/535/889 447/521/881 1/518/1
s 95
f 452/529/890 451/527/891 449/523/892 448/520/893
f 451/527/891 450/525/894 449/523/892
f 447/521/895 453/531/896 452/529/890 448/520/893
f 447/521/895 455/535/897 454/533/898 453/531/896
s 3
f 19/536/28 456/539/899 457/538/900 20/537/29
f 20/537/29 457/538/900 458/541/901 21/540/32
f 21/540/32 458/541/901 459/543/902 22/542/34
f 22/542/34 459/543/902 460/545/903 23/544/36
f 23/544/36 460/545/903 461/547/904 24/546/38
f 24/546/38 461/547/904 462/549/905 25/548/40
f 25/548/40 462/549/905 463/551/906 26/550/42
f 26/550/42 463/551/906 464/553/907 27/552/44
f 27/552/44 464/553/907 456/539/899 19/536/28
s 96
f 461/547/908 460/545/909 458/541/910 457/538/911
f 460/545/909 459/543/912 458/541/910
f 456/539/913 462/549/914 461/547/908 457/538/911
f 456/539/913 464/553/915 463/551/916 462/549/914
s 5
f 37/554/55 45/557/58 469/556/917 465/555/918
f 465/555/918 469/556/917 470/559/919 466/558/920
f 466/558/920 470/559/919 471/561/921 467/560/922
f 467/560/922 471/561/921 472/563/923 468/562/924
f 468/562/924 472/563/923 50/565/66 42/564/65
s 6
f 472/566/925 471/569/926 469/568/927 45/567/68
f 471/569/926 470/570/928 469/568/927
f 44/571/72 50/572/73 472/566/925 45/567/68
s 7
f 465/573/929 42/576/77 43/575/76 37/574/75
s off
f 466/577/930 468/578/931 42/576/932 465/573/933
f 467/579/934 468/578/935 466/577/936
s 8
f 473/580/937 67/583/88 68/582/87 53/581/86
s 98
f 491/584/938 475/587/939 476/586/940 492/585/941
s 10
f 53/581/93 57/590/96 477/589/942 474/588/943
s 11
f 54/591/97 69/593/100 70/592/99 476/586/944
s 12
f 475/587/945 480/595/946 62/594/103 54/591/102
s 13
f 57/590/105 63/598/108 64/597/107 478/596/947
s 99
f 489/599/948 479/601/949 480/595/950 490/600/951
s 15
f 479/601/952 65/603/116 66/602/115 62/594/114
s 100
f 490/600/953 480/595/954 475/587/955 491/584/956
s 17
f 83/604/121 65/603/124 479/601/957 489/599/958
s 18
f 492/585/959 476/586/960 70/592/127 88/605/126
s off
f 473/580/961 53/581/962 474/588/963
f 54/591/964 476/586/965 475/587/966
f 57/590/967 478/596/968 477/589/969
f 479/601/970 62/594/971 480/595/972
s 17
f 478/596/973 64/597/144 71/607/143 481/606/974
s 99
f 478/596/975 481/606/976 482/608/977 477/589/978
s 100
f 474/588/979 477/589/980 482/608/981 483/609/982
s 98
f 474/588/983 483/609/984 484/610/985 473/580/986
s 18
f 473/580/987 484/610/988 76/611/159 67/583/158
s 17
f 71/607/143 77/613/162 485/612/989 481/606/974
s 99
f 481/606/976 485/612/990 486/614/991 482/608/977
s 100
f 482/608/981 486/614/992 487/615/993 483/609/982
s 98
f 483/609/984 487/615/994 488/616/995 484/610/985
s 18
f 484/610/988 488/616/996 82/617/169 76/611/159
s 17
f 77/613/162 83/604/121 489/599/958 485/612/989
s 99
f 485/612/990 489/599/948 490/600/951 486/614/991
s 100
f 486/614/992 490/600/953 491/584/956 487/615/993
s 98
f 487/615/994 491/584/938 492/585/941 488/616/995
s 18
f 488/616/996 492/585/959 88/605/126 82/617/169
s 24
f 493/618/997 105/621/174 106/620/173 91/619/172
s 104
f 511/622/998 495/625/999 496/624/1000 512/623/1001
s 26
f 91/619/179 95/628/182 497/627/1002 494/626/1003
s 27
f 92/629/183 107/631/186 108/630/185 496/624/1004
s 28
f 495/625/1005 500/633/1006 100/632/189 92/629/188
s 29
f 95/628/191 101/636/194 102/635/193 498/634/1007
s 105
f 509/637/1008 499/639/1009 500/633/1010 510/638/1011
s 31
f 499/639/1012 103/641/202 104/640/201 100/632/200
s 106
f 510/638/1013 500/633/1014 495/625/1015 511/622/1016
s 33
f 121/642/207 103/641/210 499/639/1017 509/637/1018
s 34
f 512/623/1019 496/624/1020 108/630/213 126/643/212
s off
f 493/618/1021 91/619/1022 494/626/1023
f 92/629/1024 496/624/1025 495/625/1026
f 95/628/1027 498/634/1028 497/627/1029
f 499/639/1030 100/632/1031 500/633/1032
s 33
f 498/634/1033 102/635/230 109/645/229 501/644/1034
s 105
f 498/634/1035 501/644/1036 502/646/1037 497/627/1038
s 106
f 494/626/1039 497/627/1040 502/646/1041 503/647/1042
s 104
f 494/626/1043 503/647/1044 504/648/1045 493/618/1046
s 34
f 493/618/1047 504/648/1048 114/649/245 105/621/244
s 33
f 109/645/229 115/651/248 505/650/1049 501/644/1034
s 105
f 501/644/1036 505/650/1050 506/652/1051 502/646/1037
s 106
f 502/646/1041 506/652/1052 507/653/1053 503/647/1042
s 104
f 503/647/1044 507/653/1054 508/654/1055 504/648/1045
s 34
f 504/648/1048 508/654/1056 120/655/255 114/649/245
s 33
f 115/651/248 121/642/207 509/637/1018 505/650/1049
s 105
f 505/650/1050 509/637/1008 510/638/1011 506/652/1051
s 106
f 506/652/1052 510/638/1013 511/622/1016 507/653/1053
s 104
f 507/653/1054 511/622/998 512/623/1001 508/654/1055
s 34
f 508/654/1056 512/623/1019 126/643/212 120/655/255
s 40
f 127/656/257 513/659/1057 514/658/1058 128/657/258
f 128/657/258 514/658/1058 515/661/1059 129/660/261
f 129/660/261 515/661/1059 516/663/1060 130/662/263
f 130/662/263 516/663/1060 517/665/1061 131/664/265
f 131/664/265 517/665/1061 518/667/1062 132/666/267
f 132/666/267 518/667/1062 519/669/1063 133/668/269
f 133/668/269 519/669/1063 520/671/1064 134/670/271
f 134/670/271 520/671/1064 521/673/1065 135/672/273
f 135/672/273 521/673/1065 513/659/1057 127/656/257
s 110
f 518/667/1066 517/665/1067 515/661/1068 514/658/1069
f 517/665/1067 516/663/1070 515/661/1068
f 513/659/1071 519/669/1072 518/667/1066 514/658/1069
f 513/659/1071 521/673/1073 520/671/1074 519/669/1072
s 42
f 145/674/284 522/677/1075 523/676/1076 146/675/285
f 146/675/285 523/676/1076 524/679/1077 147/678/288
f 147/678/288 524/679/1077 525/681/1078 148/680/290
f 148/680/290 525/681/1078 526/683/1079 149/682/292
f 149/682/292 526/683/1079 527/685/1080 150/684/294
f 150/684/294 527/685/1080 528/687/1081 151/686/296
f 151/686/296 528/687/1081 529/689/1082 152/688/298
f 152/688/298 529/689/1082 530/691/1083 153/690/300
f 153/690/300 530/691/1083 522/677/1075 145/674/284
s 111
f 527/685/1084 526/683/1085 524/679/1086 523/676/1087
f 526/683/1085 525/681/1088 524/679/1086
f 522/677/1089 528/687/1090 527/685/1084 523/676/1087
f 522/677/1089 530/691/1091 529/689/1092 528/687/1090
s 44
f 163/692/311 531/695/1093 532/694/1094 164/693/312
f 164/693/312 532/694/1094 533/697/1095 165/696/315
f 165/696/315 533/697/1095 534/699/1096 166/698/317
f 166/698/317 534/699/1096 535/701/1097 167/700/319
f 167/700/319 535/701/1097 536/703/1098 168/702/321
f 168/702/321 536/703/1098 537/705/1099 169/704/323
f 169/704/323 537/705/1099 538/707/1100 170/706/325
f 170/706/325 538/707/1100 539/709/1101 171/708/327
f 171/708/327 539/709/1101 531/695/1093 163/692/311
s 112
f 536/703/1102 535/701/1103 533/697/1104 532/694/1105
f 535/701/1103 534/699/1106 533/697/1104
f 531/695/1107 537/705/1108 536/703/1102 532/694/1105
f 531/695/1107 539/709/1109 538/707/1110 537/705/1108
s 46
f 181/710/338 540/713/1111 541/712/1112 182/711/339
f 182/711/339 541/712/1112 542/715/1113 183/714/342
f 183/714/342 542/715/1113 543/717/1114 184/716/344
f 184/716/344 543/717/1114 544/719/1115 185/718/346
f 185/718/346 544/719/1115 545/721/1116 186/720/348
f 186/720/348 545/721/1116 546/723/1117 187/722/350
f 187/722/350 546/723/1117 547/725/1118 188/724/352
f 188/724/352 547/725/1118 548/727/1119 189/726/354
f 189/726/354 548/727/1119 540/713/1111 181/710/338
s 113
f 545/721/1120 544/719/1121 542/715/1122 541/712/1123
f 544/719/1121 543/717/1124 542/715/1122
f 540/713/1125 546/723/1126 545/721/1120 541/712/1123
f 540/713/1125 548/727/1127 547/725/1128 546/723/1126
s 48
f 199/728/365 549/731/1129 550/730/1130 200/729/366
f 200/729/366 550/730/1130 551/733/1131 201/732/369
f 201/732/369 551/733/1131 552/735/1132 202/734/371
f 202/734/371 552/735/1132 553/737/1133 203/736/373
f 203/736/373 553/737/1133 554/739/1134 204/738/375
f 204/738/375 554/739/1134 555/741/1135 205/740/377
f 205/740/377 555/741/1135 556/743/1136 206/742/379
f 206/742/379 556/743/1136 557/745/1137 207/744/381
f 207/744/381 557/745/1137 549/731/1129 199/728/365
s 114
f 554/739/1138 553/737/1139 551/733/1140 550/730/1141
f 553/737/1139 552/735/1142 551/733/1140
f 549/731/1143 555/741/1144 554/739/1138 550/730/1141
f 549/731/1143 557/745/1145 556/743/1146 555/741/1144
s 50
f 558/746/1147 233/749/395 234/748/394 560/747/1148
s 115
f 576/750/1149 562/753/1150 563/752/1151 577/751/1152
s off
f 560/747/1153 564/756/1154 565/755/1155 559/754/1156
s 52
f 561/757/1157 235/759/407 236/758/406 563/752/1158
s off
f 562/753/1159 568/761/1160 569/760/1161 561/757/1162
s 53
f 564/756/1163 229/764/415 230/763/414 566/762/1164
s 116
f 574/765/1165 567/767/1166 568/761/1167 575/766/1168
s 55
f 567/767/1169 231/769/423 232/768/422 569/760/1170
s 117
f 575/766/1171 568/761/1172 562/753/1173 576/750/1174
s 57
f 243/770/428 231/771/431 567/767/1175 574/765/1176
s 58
f 577/751/1177 563/752/1178 236/773/434 248/772/433
s 59
f 561/757/1179 569/760/1180 232/775/438 235/774/437
s 60
f 234/776/440 229/777/443 564/756/1181 560/747/1182
s off
f 558/746/1183 560/747/1184 559/754/1185
f 561/757/1186 563/752/1187 562/753/1188
f 564/756/1189 566/762/1190 565/755/1191
f 567/767/1192 569/760/1193 568/761/1194
s 57
f 566/762/1195 230/780/459 237/779/458 570/778/1196
s 116
f 566/762/1197 570/778/1198 571/781/1199 565/755/1200
s 117
f 559/754/1201 565/755/1202 571/781/1203 572/782/1204
s 115
f 559/754/1205 572/782/1206 573/783/1207 558/746/1208
s 58
f 558/746/1209 573/783/1210 242/785/474 233/784/473
s 57
f 237/779/458 243/770/428 574/765/1176 570/778/1196
s 116
f 570/778/1198 574/765/1165 575/766/1168 571/781/1199
s 117
f 571/781/1203 575/766/1171 576/750/1174 572/782/1204
s 115
f 572/782/1206 576/750/1149 577/751/1152 573/783/1207
s 58
f 573/783/1210 577/751/1177 248/772/433 242/785/474
s 62
f 249/786/476 578/789/1211 579/788/1212 250/787/477
f 250/787/477 579/788/1212 580/791/1213 251/790/480
f 251/790/480 580/791/1213 581/793/1214 252/792/482
f 252/792/482 581/793/1214 582/795/1215 253/794/484
f 253/794/484 582/795/1215 583/797/1216 254/796/486
f 254/796/486 583/797/1216 584/799/1217 255/798/488
f 255/798/488 584/799/1217 585/801/1218 256/800/490
f 256/800/490 585/801/1218 586/803/1219 257/802/492
f 257/802/492 586/803/1219 578/789/1211 249/786/476
s 118
f 583/797/1220 582/795/1221 580/791/1222 579/788/1223
f 582/795/1221 581/793/1224 580/791/1222
f 578/789/1225 584/799/1226 583/797/1220 579/788/1223
f 578/789/1225 586/803/1227 585/801/1228 584/799/1226
s off
f 588/1074/1229 587/807/1230 589/806/1231 590/805/1232
s 119
f 729/1072/1233 728/811/1234 587/810/1235 588/809/1236
f 731/812/1237 730/815/1238 590/814/1239 589/813/1240
f 729/1072/1233 733/1071/1241 732/816/1242 728/811/1234
f 731/812/1237 735/819/1243 734/818/1244 730/815/1238
f 733/1071/1241 592/1070/1245 591/820/1246 732/816/1242
f 735/819/1243 596/823/1247 595/822/1248 734/818/1244
f 737/1069/1249 736/825/1250 591/820/1246 592/1070/1245
f 737/1069/1249 593/1068/1251 594/826/1252 736/825/1250
f 739/1067/1253 738/829/1254 594/826/1252 593/1068/1251
f 739/1067/1253 600/1066/1255 599/830/1256 738/829/1254
f 741/832/1257 740/833/1258 595/822/1248 596/823/1247
f 741/832/1257 598/835/1259 597/834/1260 740/833/1258
f 743/836/1261 742/837/1262 597/834/1260 598/835/1259
f 743/836/1261 604/839/1263 603/838/1264 742/837/1262
f 745/1065/1265 744/841/1266 599/830/1256 600/1066/1255
f 745/1065/1265 601/1064/1267 602/842/1268 744/841/1266
f 747/1063/1269 746/845/1270 602/842/1268 601/1064/1267
f 747/1063/1269 608/1062/1271 607/846/1272 746/845/1270
f 749/848/1273 748/849/1274 603/838/1264 604/839/1263
f 749/848/1273 606/851/1275 605/850/1276 748/849/1274
f 751/852/1277 750/853/1278 605/850/1276 606/851/1275
f 751/852/1277 612/855/1279 611/854/1280 750/853/1278
f 753/1061/1281 752/857/1282 607/846/1272 608/1062/1271
f 753/1061/1281 609/1060/1283 610/858/1284 752/857/1282
f 755/1059/1285 754/861/1286 610/858/1284 609/1060/1283
f 755/1059/1285 616/1058/1287 615/862/1288 754/861/1286
f 757/864/1289 756/865/1290 611/854/1280 612/855/1279
f 757/864/1289 614/867/1291 613/866/1292 756/865/1290
f 759/868/1293 758/869/1294 613/866/1292 614/867/1291
f 759/868/1293 620/871/1295 619/870/1296 758/869/1294
f 761/1057/1297 760/873/1298 615/862/1288 616/1058/1287
f 761/1057/1297 618/1056/1299 617/874/1300 760/873/1298
f 618/1056/1299 622/1055/1301 621/876/1302 617/874/1300
f 763/878/1303 762/879/1304 619/870/1296 620/871/1295
f 763/878/1303 621/881/1302 622/880/1301 762/879/1304
s 121
f 765/882/1305 764/885/1306 623/884/1307 624/883/1308
f 765/882/1305 691/887/1309 690/886/1310 764/885/1306
f 677/888/1311 766/891/1312 626/890/1313 625/889/1314
f 677/888/1311 628/893/1315 627/892/1316 766/891/1312
f 679/894/1317 678/897/1318 630/896/1319 629/895/1320
f 679/894/1317 632/899/1321 631/898/1322 678/897/1318
f 681/900/1323 680/903/1324 634/902/1325 633/901/1326
f 681/900/1323 636/905/1327 635/904/1328 680/903/1324
f 683/906/1329 682/909/1330 638/908/1331 637/907/1332
f 683/906/1329 640/911/1333 639/910/1334 682/909/1330
f 685/912/1335 684/913/1336 627/892/1316 628/893/1315
f 685/912/1335 629/895/1320 630/896/1319 684/913/1336
f 687/914/1337 686/915/1338 631/898/1322 632/899/1321
f 687/914/1337 633/901/1326 634/902/1325 686/915/1338
f 689/916/1339 688/917/1340 635/904/1328 636/905/1327
f 689/916/1339 637/907/1332 638/908/1331 688/917/1340
f 691/887/1309 625/889/1314 626/890/1313 690/886/1310
s off
f 642/918/1341 641/921/1342 643/920/1343 644/919/1344
s 126
f 693/922/1345 692/925/1346 641/924/1347 642/923/1348
f 695/926/1349 694/929/1350 644/928/1351 643/927/1352
f 693/922/1345 697/931/1353 696/930/1354 692/925/1346
f 695/926/1349 699/933/1355 698/932/1356 694/929/1350
f 697/931/1353 646/935/1357 645/934/1358 696/930/1354
f 699/933/1355 649/937/1359 650/936/1360 698/932/1356
f 701/938/1361 700/939/1362 645/934/1358 646/935/1357
f 701/938/1361 648/941/1363 647/940/1364 700/939/1362
f 703/942/1365 702/943/1366 647/940/1364 648/941/1363
f 703/942/1365 654/945/1367 653/944/1368 702/943/1366
f 705/946/1369 704/947/1370 650/936/1360 649/937/1359
f 705/946/1369 651/949/1371 652/948/1372 704/947/1370
f 707/950/1373 706/951/1374 652/948/1372 651/949/1371
f 707/950/1373 657/953/1375 658/952/1376 706/951/1374
f 709/954/1377 708/955/1378 653/944/1368 654/945/1367
f 709/954/1377 656/957/1379 655/956/1380 708/955/1378
f 711/958/1381 710/959/1382 655/956/1380 656/957/1379
f 711/958/1381 662/961/1383 661/960/1384 710/959/1382
f 713/962/1385 712/963/1386 658/952/1376 657/953/1375
f 713/962/1385 659/965/1387 660/964/1388 712/963/1386
f 715/966/1389 714/967/1390 660/964/1388 659/965/1387
f 715/966/1389 665/969/1391 666/968/1392 714/967/1390
f 717/970/1393 716/971/1394 661/960/1384 662/961/1383
f 717/970/1393 664/973/1395 663/972/1396 716/971/1394
f 719/974/1397 718/975/1398 663/972/1396 664/973/1395
f 719/974/1397 670/977/1399 669/976/1400 718/975/1398
f 721/978/1401 720/979/1402 666/968/1392 665/969/1391
f 721/978/1401 667/981/1403 668/980/1404 720/979/1402
f 723/982/1405 722/983/1406 668/980/1404 667/981/1403
f 723/982/1405 675/985/1407 676/984/1408 722/983/1406
f 725/986/1409 724/987/1410 669/976/1400 670/977/1399
f 725/986/1409 672/989/1411 671/988/1412 724/987/1410
f 672/990/1411 674/993/1413 673/992/1414 671/991/1412
f 727/994/1415 726/995/1416 673/992/1414 674/993/1413
f 727/994/1415 676/984/1408 675/985/1407 726/995/1416
s off
f 587/807/1417 643/920/1418 641/921/1419 589/806/1420
s 128
f 692/925/1421 731/812/1422 589/813/1423 641/924/1424
f 728/811/1425 695/926/1426 643/927/1427 587/810/1428
f 696/930/1429 735/819/1430 731/812/1422 692/925/1421
f 732/816/1431 699/933/1432 695/926/1426 728/811/1425
f 596/823/1433 645/934/1434 700/939/1435 741/832/1436
f 741/832/1436 700/939/1435 647/940/1437 598/835/1438
f 594/826/1439 651/949/1440 705/946/1441 736/825/1442
f 736/825/1442 705/946/1441 649/937/1443 591/820/1444
f 604/839/1445 653/944/1446 708/955/1447 749/848/1448
f 749/848/1448 708/955/1447 655/956/1449 606/851/1450
f 602/842/1451 659/965/1452 713/962/1453 744/841/1454
f 744/841/1454 713/962/1453 657/953/1455 599/830/1456
f 612/855/1457 661/960/1458 716/971/1459 757/864/1460
f 757/864/1460 716/971/1459 663/972/1461 614/867/1462
f 610/858/1463 667/981/1464 721/978/1465 752/857/1466
f 752/857/1466 721/978/1465 665/969/1467 607/846/1468
f 620/871/1469 669/976/1470 724/987/1471 763/878/1472
f 763/878/1472 724/987/1471 671/988/1473 621/881/1474
f 621/876/1474 671/991/1473 673/992/1475 617/874/1476
f 673/992/1475 726/995/1477 760/873/1478 617/874/1476
f 760/873/1478 726/995/1477 675/985/1479 615/862/1480
f 647/940/1437 702/943/1481 743/836/1482 598/835/1438
f 743/836/1482 702/943/1481 653/944/1446 604/839/1445
f 657/953/1455 707/950/1483 738/829/1484 599/830/1456
f 738/829/1484 707/950/1483 651/949/1440 594/826/1439
f 655/956/1449 710/959/1485 751/852/1486 606/851/1450
f 751/852/1486 710/959/1485 661/960/1458 612/855/1457
f 665/969/1467 715/966/1487 746/845/1488 607/846/1468
f 746/845/1488 715/966/1487 659/965/1452 602/842/1451
f 663/972/1461 718/975/1489 759/868/1490 614/867/1462
f 759/868/1490 718/975/1489 669/976/1470 620/871/1469
f 675/985/1479 723/982/1491 754/861/1492 615/862/1480
f 754/861/1492 723/982/1491 667/981/1464 610/858/1463
f 735/819/1430 696/930/1429 645/934/1434 596/823/1433
f 649/937/1443 699/933/1432 732/816/1431 591/820/1444
s off
f 644/919/1493 624/997/1494 623/996/1495 642/918/1496
s 136
f 623/998/1497 764/999/1498 693/922/1499 642/923/1500
f 694/929/1501 765/1001/1502 624/1000/1503 644/928/1504
f 690/1002/1505 697/931/1506 693/922/1499 764/999/1498
f 698/932/1507 691/1003/1508 765/1001/1502 694/929/1501
f 646/935/1509 626/1005/1510 766/1004/1511 701/938/1512
f 701/938/1512 766/1004/1511 627/1006/1513 648/941/1514
f 652/948/1515 628/1008/1516 677/1007/1517 704/947/1518
f 704/947/1518 677/1007/1517 625/1009/1519 650/936/1520
f 654/945/1521 630/1011/1522 678/1010/1523 709/954/1524
f 709/954/1524 678/1010/1523 631/1012/1525 656/957/1526
f 660/964/1527 632/1014/1528 679/1013/1529 712/963/1530
f 712/963/1530 679/1013/1529 629/1015/1531 658/952/1532
f 662/961/1533 634/1017/1534 680/1016/1535 717/970/1536
f 717/970/1536 680/1016/1535 635/1018/1537 664/973/1538
f 668/980/1539 636/1020/1540 681/1019/1541 720/979/1542
f 720/979/1542 681/1019/1541 633/1021/1543 666/968/1544
f 670/977/1545 638/1023/1546 682/1022/1547 725/986/1548
f 725/986/1548 682/1022/1547 639/1024/1549 672/989/1550
f 639/1025/1549 640/1026/1551 674/993/1552 672/990/1550
f 640/1026/1551 683/1027/1553 727/994/1554 674/993/1552
f 727/994/1554 683/1027/1553 637/1028/1555 676/984/1556
f 627/1006/1513 684/1029/1557 703/942/1558 648/941/1514
f 703/942/1558 684/1029/1557 630/1011/1522 654/945/1521
f 629/1015/1531 685/1030/1559 706/951/1560 658/952/1532
f 706/951/1560 685/1030/1559 628/1008/1516 652/948/1515
f 631/1012/1525 686/1031/1561 711/958/1562 656/957/1526
f 711/958/1562 686/1031/1561 634/1017/1534 662/961/1533
f 633/1021/1543 687/1032/1563 714/967/1564 666/968/1544
f 714/967/1564 687/1032/1563 632/1014/1528 660/964/1527
f 635/1018/1537 688/1033/1565 719/974/1566 664/973/1538
f 719/974/1566 688/1033/1565 638/1023/1546 670/977/1545
f 637/1028/1555 689/1034/1567 722/983/1568 676/984/1556
f 722/983/1568 689/1034/1567 636/1020/1540 668/980/1539
f 697/931/1506 690/1002/1505 626/1005/1510 646/935/1509
f 625/1009/1519 691/1003/1508 698/932/1507 650/936/1520
s off
f 268/1052/1569 588/804/1570 590/1073/1571 270/288/1572
s 67
f 409/291/1573 729/808/1574 588/1075/1575 268/292/1576
f 413/300/1577 733/817/1578 729/808/1574 409/291/1573
f 417/307/1579 737/824/1580 592/821/1581 272/304/1582
f 273/310/1583 593/827/1584 737/824/1580 417/307/1579
f 425/323/1585 745/840/1586 600/831/1587 280/314/1588
f 281/326/1589 601/843/1590 745/840/1586 425/323/1585
f 433/339/1591 753/856/1592 608/847/1593 288/330/1594
f 289/342/1595 609/859/1596 753/856/1592 433/339/1591
f 441/355/1597 761/872/1598 616/863/1599 296/346/1600
f 298/358/583 618/875/586 761/872/1598 441/355/1597
f 419/311/1601 739/828/1602 593/827/1584 273/310/1583
f 280/314/1588 600/831/1587 739/828/1602 419/311/1601
f 427/327/1603 747/844/1604 601/843/1590 281/326/1589
f 288/330/1594 608/847/1593 747/844/1604 427/327/1603
f 435/343/1605 755/860/1606 609/859/1596 289/342/1595
f 296/346/1600 616/863/1599 755/860/1606 435/343/1605
f 272/304/1582 592/821/1581 733/817/1578 413/300/1577
