# This file uses centimeters as units for non-parametric coordinates.

mtllib door_frame_begin 5.mtl
g default
v -0.490812 1.135861 0.036603
v -0.478540 1.122730 0.036603
v -0.475695 1.128970 0.048116
v -0.468828 1.144033 0.052885
v -0.481477 1.149800 0.048116
v -0.487879 1.152718 0.036603
v -0.376041 1.091305 0.036603
v -0.365240 1.104576 0.036603
v -0.371642 1.107494 0.048116
v -0.384290 1.113261 0.052885
v -0.391158 1.098197 0.048116
v -0.394002 1.091957 0.036603
v -0.442150 1.246548 0.036603
v -0.452951 1.233278 0.036603
v -0.446549 1.230360 0.048116
v -0.433900 1.224593 0.052885
v -0.427033 1.239657 0.048116
v -0.424188 1.245896 0.036603
v -0.337507 1.179565 0.036603
v -0.349779 1.192696 0.036603
v -0.352624 1.186457 0.048116
v -0.359491 1.171393 0.052885
v -0.346842 1.165627 0.048116
v -0.340440 1.162708 0.036603
v -0.446584 1.230375 -0.043383
v -0.452951 1.233278 -0.031870
v -0.442150 1.246548 -0.031870
v -0.424188 1.245896 -0.031870
v -0.427033 1.239657 -0.043383
v -0.433900 1.224593 -0.048152
v -0.346808 1.165611 -0.043383
v -0.359491 1.171393 -0.048152
v -0.352624 1.186457 -0.043383
v -0.349779 1.192696 -0.031870
v -0.337507 1.179565 -0.031870
v -0.340440 1.162708 -0.031870
v -0.490812 1.135861 -0.031870
v -0.487879 1.152718 -0.031870
v -0.481511 1.149815 -0.043383
v -0.468828 1.144033 -0.048152
v -0.475695 1.128970 -0.043383
v -0.478540 1.122730 -0.031870
v -0.376041 1.091305 -0.031870
v -0.394002 1.091957 -0.031870
v -0.391158 1.098197 -0.043383
v -0.384290 1.113261 -0.048152
v -0.371607 1.107478 -0.043383
v -0.365240 1.104576 -0.031870
v -0.485415 1.136744 0.046000
v -0.378914 1.095959 0.046000
v -0.439276 1.241894 0.046000
v -0.342905 1.178682 0.046000
v -0.439310 1.241910 -0.041267
v -0.342871 1.178667 -0.041267
v -0.485448 1.136760 -0.041267
v -0.378881 1.095944 -0.041267
v -0.338444 1.368686 0.036603
v -0.333624 1.349555 0.036603
v -0.328202 1.353124 0.048116
v -0.315111 1.361740 0.052885
v -0.323682 1.374761 0.048116
v -0.328020 1.381352 0.036603
v -0.262978 1.289495 0.036603
v -0.251178 1.292915 0.036603
v -0.254426 1.297851 0.048116
v -0.260845 1.307603 0.052885
v -0.270649 1.301150 0.048116
v -0.274709 1.298477 0.036603
v -0.259425 1.429136 0.036603
v -0.278882 1.423497 0.036603
v -0.273525 1.415358 0.048116
v -0.262941 1.399279 0.052885
v -0.246777 1.409919 0.048116
v -0.240081 1.414326 0.036603
v -0.200716 1.324080 0.036603
v -0.201812 1.338815 0.036603
v -0.206271 1.336879 0.048116
v -0.217038 1.332206 0.052885
v -0.212390 1.321497 0.048116
v -0.210037 1.316077 0.036603
v -0.273554 1.415403 -0.043383
v -0.278882 1.423497 -0.031870
v -0.259425 1.429136 -0.031870
v -0.240081 1.414326 -0.031870
v -0.246777 1.409919 -0.043383
v -0.262941 1.399279 -0.048152
v -0.212377 1.321468 -0.043383
v -0.217038 1.332206 -0.048152
v -0.206271 1.336879 -0.043383
v -0.201812 1.338815 -0.031870
v -0.200716 1.324080 -0.031870
v -0.210037 1.316077 -0.031870
v -0.338444 1.368686 -0.031870
v -0.328020 1.381352 -0.031870
v -0.323705 1.374797 -0.043383
v -0.315111 1.361740 -0.048152
v -0.328202 1.353124 -0.043383
v -0.333624 1.349555 -0.031870
v -0.262978 1.289495 -0.031870
v -0.274709 1.298477 -0.031870
v -0.270649 1.301150 -0.043383
v -0.260845 1.307603 -0.048152
v -0.254409 1.297824 -0.043383
v -0.251178 1.292915 -0.031870
v -0.333236 1.366012 0.046000
v -0.263274 1.293870 0.046000
v -0.258936 1.421923 0.046000
v -0.204215 1.326723 0.046000
v -0.258964 1.421966 -0.041267
v -0.204202 1.326694 -0.041267
v -0.333259 1.366047 -0.041267
v -0.263257 1.293844 -0.041267
v -0.509868 0.107451 0.052630
v -0.496259 0.100790 0.052630
v -0.496159 0.107238 0.070320
v -0.495917 0.122804 0.077647
v -0.507388 0.122982 0.070320
v -0.513194 0.123073 0.052630
v -0.409718 0.105893 0.052630
v -0.405908 0.121403 0.052630
v -0.411714 0.121494 0.070320
v -0.423185 0.121672 0.077647
v -0.423427 0.106106 0.070320
v -0.423528 0.099659 0.052630
v -0.508356 0.204636 0.052630
v -0.512166 0.189125 0.052630
v -0.506360 0.189035 0.070320
v -0.494889 0.188856 0.077647
v -0.494647 0.204422 0.070320
v -0.494546 0.210870 0.052630
v -0.408206 0.203077 0.052630
v -0.421815 0.209738 0.052630
v -0.421915 0.203291 0.070320
v -0.422157 0.187725 0.077647
v -0.410686 0.187546 0.070320
v -0.404880 0.187456 0.052630
v -0.506392 0.189035 -0.070270
v -0.512166 0.189125 -0.052581
v -0.508356 0.204636 -0.052581
v -0.494546 0.210870 -0.052581
v -0.494647 0.204422 -0.070270
v -0.494889 0.188856 -0.077597
v -0.410655 0.187546 -0.070270
v -0.422157 0.187725 -0.077597
v -0.421915 0.203291 -0.070270
v -0.421815 0.209738 -0.052581
v -0.408206 0.203077 -0.052581
v -0.404880 0.187456 -0.052581
v -0.509868 0.107451 -0.052581
v -0.513194 0.123073 -0.052581
v -0.507419 0.122983 -0.070270
v -0.495917 0.122804 -0.077597
v -0.496159 0.107238 -0.070270
v -0.496259 0.100790 -0.052581
v -0.409718 0.105893 -0.052581
v -0.423528 0.099659 -0.052581
v -0.423427 0.106106 -0.070270
v -0.423185 0.121672 -0.077597
v -0.411682 0.121493 -0.070270
v -0.405908 0.121403 -0.052581
v -0.506073 0.110254 0.067069
v -0.413424 0.108812 0.067069
v -0.504650 0.201716 0.067069
v -0.412001 0.200275 0.067069
v -0.504681 0.201717 -0.067019
v -0.411970 0.200274 -0.067019
v -0.506104 0.110254 -0.067019
v -0.413393 0.108812 -0.067019
v -0.487972 0.220501 0.052828
v -0.478070 0.214086 0.052828
v -0.478070 0.220501 0.070593
v -0.478070 0.235988 0.077952
v -0.486355 0.235988 0.070593
v -0.490549 0.235988 0.052828
v -0.415632 0.220501 0.052828
v -0.413056 0.235988 0.052828
v -0.417249 0.235988 0.070593
v -0.425535 0.235988 0.077952
v -0.425535 0.220501 0.070593
v -0.425535 0.214086 0.052828
v -0.487972 0.317193 0.052828
v -0.490549 0.301706 0.052828
v -0.486355 0.301706 0.070593
v -0.478070 0.301706 0.077952
v -0.478070 0.317193 0.070593
v -0.478070 0.323608 0.052828
v -0.415632 0.317193 0.052828
v -0.425535 0.323608 0.052828
v -0.425535 0.317193 0.070593
v -0.425535 0.301706 0.077952
v -0.417249 0.301706 0.070593
v -0.413056 0.301706 0.052828
v -0.486378 0.301706 -0.070601
v -0.490549 0.301706 -0.052835
v -0.487972 0.317193 -0.052835
v -0.478070 0.323608 -0.052835
v -0.478070 0.317193 -0.070601
v -0.478070 0.301706 -0.077960
v -0.417227 0.301706 -0.070601
v -0.425535 0.301706 -0.077960
v -0.425535 0.317193 -0.070601
v -0.425535 0.323608 -0.052835
v -0.415632 0.317193 -0.052835
v -0.413056 0.301706 -0.052835
v -0.487972 0.220501 -0.052835
v -0.490549 0.235988 -0.052835
v -0.486378 0.235988 -0.070601
v -0.478070 0.235988 -0.077960
v -0.478070 0.220501 -0.070601
v -0.478070 0.214086 -0.052835
v -0.415632 0.220501 -0.052835
v -0.425535 0.214086 -0.052835
v -0.425535 0.220501 -0.070601
v -0.425535 0.235988 -0.077960
v -0.417227 0.235988 -0.070601
v -0.413056 0.235988 -0.052835
v -0.485263 0.223347 0.067328
v -0.418342 0.223347 0.067328
v -0.485263 0.314347 0.067328
v -0.418342 0.314347 0.067328
v -0.485285 0.314347 -0.067336
v -0.418319 0.314347 -0.067336
v -0.485285 0.223347 -0.067336
v -0.418319 0.223347 -0.067336
v -0.617159 -0.023213 0.070023
v -0.598428 -0.030972 0.070023
v -0.598428 -0.023213 0.084993
v -0.598428 -0.004483 0.091194
v -0.617159 -0.004483 0.084993
v -0.624917 -0.004483 0.070023
v -0.399361 -0.023213 0.070023
v -0.391602 -0.004483 0.070023
v -0.399361 -0.004483 0.084993
v -0.418091 -0.004483 0.091194
v -0.418091 -0.023213 0.084993
v -0.418091 -0.030972 0.070023
v -0.617159 0.093727 0.070023
v -0.624917 0.074996 0.070023
v -0.617159 0.074996 0.084993
v -0.598428 0.074996 0.091194
v -0.598428 0.093727 0.084993
v -0.598428 0.101485 0.070023
v -0.399361 0.093727 0.070023
v -0.418091 0.101485 0.070023
v -0.418091 0.093727 0.084993
v -0.418091 0.074996 0.091194
v -0.399361 0.074996 0.084993
v -0.391602 0.074996 0.070023
v -0.617159 0.074996 -0.084993
v -0.624917 0.074996 -0.070023
v -0.617159 0.093727 -0.070023
v -0.598428 0.101485 -0.070023
v -0.598428 0.093727 -0.084993
v -0.598428 0.074996 -0.091194
v -0.399361 0.074996 -0.084993
v -0.418091 0.074996 -0.091194
v -0.418091 0.093727 -0.084993
v -0.418091 0.101485 -0.070023
v -0.399361 0.093727 -0.070023
v -0.391602 0.074996 -0.070023
v -0.617159 -0.023213 -0.070023
v -0.624917 -0.004483 -0.070023
v -0.617159 -0.004483 -0.084993
v -0.598428 -0.004483 -0.091194
v -0.598428 -0.023213 -0.084993
v -0.598428 -0.030972 -0.070023
v -0.399361 -0.023213 -0.070023
v -0.418091 -0.030972 -0.070023
v -0.418091 -0.023213 -0.084993
v -0.418091 -0.004483 -0.091194
v -0.399361 -0.004483 -0.084993
v -0.391602 -0.004483 -0.070023
v -0.613716 -0.019771 0.082242
v -0.402803 -0.019771 0.082242
v -0.613716 0.090284 0.082242
v -0.402803 0.090284 0.082242
v -0.613716 0.090284 -0.082242
v -0.402803 0.090284 -0.082242
v -0.613716 -0.019771 -0.082242
v -0.402803 -0.019771 -0.082242
v -0.526140 -0.025760 0.079389
v -0.526140 -0.007029 0.085181
v -0.526140 0.081122 0.091194
v -0.526140 0.099852 0.084993
v -0.526140 0.107610 0.070023
v -0.526140 0.107610 -0.070023
v -0.526140 0.099852 -0.084993
v -0.526140 0.081122 -0.091194
v -0.526140 -0.007029 -0.085181
v -0.526140 -0.025760 -0.079389
v -0.526140 -0.033518 -0.065406
v -0.526140 -0.033518 0.065406
v -0.504665 0.334917 0.047125
v -0.492774 0.329207 0.047125
v -0.492384 0.333895 0.062693
v -0.491441 0.345213 0.069142
v -0.501717 0.346069 0.062693
v -0.506918 0.346502 0.047125
v -0.414952 0.327448 0.047125
v -0.410814 0.338500 0.047125
v -0.416015 0.338933 0.062693
v -0.426291 0.339788 0.069142
v -0.427233 0.328470 0.062693
v -0.427623 0.323782 0.047125
v -0.498781 0.405581 0.047125
v -0.502919 0.394528 0.047125
v -0.497718 0.394095 0.062693
v -0.487443 0.393240 0.069142
v -0.486500 0.404558 0.062693
v -0.486110 0.409246 0.047125
v -0.409068 0.398111 0.047125
v -0.420959 0.403821 0.047125
v -0.421349 0.399133 0.062693
v -0.422292 0.387815 0.069142
v -0.412016 0.386960 0.062693
v -0.406815 0.386526 0.047125
v -0.497746 0.394098 -0.061035
v -0.502919 0.394528 -0.045467
v -0.498781 0.405581 -0.045467
v -0.486110 0.409246 -0.045467
v -0.486500 0.404558 -0.061035
v -0.487443 0.393240 -0.067483
v -0.411988 0.386957 -0.061035
v -0.422292 0.387815 -0.067483
v -0.421349 0.399133 -0.061035
v -0.420959 0.403821 -0.045467
v -0.409068 0.398111 -0.045467
v -0.406815 0.386526 -0.045467
v -0.504665 0.334917 -0.045467
v -0.506918 0.346502 -0.045467
v -0.501745 0.346071 -0.061035
v -0.491441 0.345213 -0.067483
v -0.492384 0.333895 -0.061035
v -0.492774 0.329207 -0.045467
v -0.414952 0.327448 -0.045467
v -0.427623 0.323782 -0.045467
v -0.427233 0.328470 -0.061035
v -0.426291 0.339788 -0.067483
v -0.415987 0.338930 -0.061035
v -0.410814 0.338500 -0.045467
v -0.501132 0.336718 0.059832
v -0.418139 0.329807 0.059832
v -0.495595 0.403221 0.059832
v -0.412601 0.396310 0.059832
v -0.495622 0.403223 -0.058174
v -0.412574 0.396308 -0.058174
v -0.501159 0.336720 -0.058174
v -0.418111 0.329805 -0.058174
v -0.565589 0.409991 0.046139
v -0.543548 0.402952 0.046139
v -0.543548 0.409991 0.061326
v -0.543548 0.426986 0.067617
v -0.561991 0.426986 0.061326
v -0.571325 0.426986 0.046139
v -0.404573 0.409991 0.046139
v -0.398838 0.426986 0.046139
v -0.408172 0.426986 0.061326
v -0.426615 0.426986 0.067617
v -0.426615 0.409991 0.061326
v -0.426615 0.402952 0.046139
v -0.565589 0.516094 0.046139
v -0.571325 0.499100 0.046139
v -0.561991 0.499100 0.061326
v -0.543548 0.499100 0.067617
v -0.543548 0.516094 0.061326
v -0.543548 0.523134 0.046139
v -0.404573 0.516094 0.046139
v -0.426615 0.523134 0.046139
v -0.426615 0.516094 0.061326
v -0.426615 0.499100 0.067617
v -0.408172 0.499100 0.061326
v -0.398838 0.499100 0.046139
v -0.562041 0.499100 -0.059380
v -0.571325 0.499100 -0.044192
v -0.565589 0.516094 -0.044192
v -0.543548 0.523134 -0.044192
v -0.543548 0.516094 -0.059380
v -0.543548 0.499100 -0.065671
v -0.408122 0.499100 -0.059380
v -0.426615 0.499100 -0.065671
v -0.426615 0.516094 -0.059380
v -0.426615 0.523134 -0.044192
v -0.404573 0.516094 -0.044192
v -0.398838 0.499100 -0.044192
v -0.565589 0.409991 -0.044192
v -0.571325 0.426986 -0.044192
v -0.562041 0.426986 -0.059380
v -0.543548 0.426986 -0.065671
v -0.543548 0.409991 -0.059380
v -0.543548 0.402952 -0.044192
v -0.404573 0.409991 -0.044192
v -0.426615 0.402952 -0.044192
v -0.426615 0.409991 -0.059380
v -0.426615 0.426986 -0.065671
v -0.408122 0.426986 -0.059380
v -0.398838 0.426986 -0.044192
v -0.559560 0.413114 0.058535
v -0.410603 0.413114 0.058535
v -0.559560 0.512971 0.058535
v -0.410603 0.512971 0.058535
v -0.559609 0.512971 -0.056588
v -0.410554 0.512971 -0.056588
v -0.559609 0.413114 -0.056588
v -0.410554 0.413114 -0.056588
v -0.475047 0.522060 0.036603
v -0.464976 0.516044 0.036603
v -0.465799 0.523133 0.048116
v -0.467784 0.540248 0.052885
v -0.475522 0.539350 0.048116
v -0.479439 0.538896 0.036603
v -0.407483 0.529896 0.036603
v -0.407061 0.547290 0.036603
v -0.410978 0.546836 0.048116
v -0.418717 0.545938 0.052885
v -0.416732 0.528824 0.048116
v -0.415910 0.521734 0.036603
v -0.487440 0.628914 0.036603
v -0.487862 0.611520 0.036603
v -0.483945 0.611974 0.048116
v -0.476206 0.612872 0.052885
v -0.478191 0.629986 0.048116
v -0.479013 0.637075 0.036603
v -0.419876 0.636750 0.036603
v -0.429947 0.642766 0.036603
v -0.429125 0.635677 0.048116
v -0.427140 0.618562 0.052885
v -0.419401 0.619460 0.048116
v -0.415484 0.619914 0.036603
v -0.483966 0.611972 -0.043383
v -0.487862 0.611520 -0.031870
v -0.487440 0.628914 -0.031870
v -0.479013 0.637075 -0.031870
v -0.478191 0.629986 -0.043383
v -0.476206 0.612872 -0.048152
v -0.419380 0.619462 -0.043383
v -0.427140 0.618562 -0.048152
v -0.429125 0.635677 -0.043383
v -0.429947 0.642766 -0.031870
v -0.419876 0.636750 -0.031870
v -0.415484 0.619914 -0.031870
v -0.475047 0.522060 -0.031870
v -0.479439 0.538896 -0.031870
v -0.475544 0.539348 -0.043383
v -0.467784 0.540248 -0.048152
v -0.465799 0.523133 -0.043383
v -0.464976 0.516044 -0.031870
v -0.407483 0.529896 -0.031870
v -0.415910 0.521734 -0.031870
v -0.416732 0.528824 -0.043383
v -0.418717 0.545938 -0.048152
v -0.410957 0.546838 -0.043383
v -0.407061 0.547290 -0.031870
v -0.472882 0.525499 0.046000
v -0.410378 0.532748 0.046000
v -0.484545 0.626062 0.046000
v -0.422041 0.633311 0.046000
v -0.484566 0.626059 -0.041267
v -0.422021 0.633313 -0.041267
v -0.472903 0.525497 -0.041267
v -0.410358 0.532751 -0.041267
v -0.570799 0.874066 0.036603
v -0.547233 0.867200 0.036603
v -0.547651 0.875265 0.048116
v -0.548660 0.894736 0.052885
v -0.568028 0.893733 0.048116
v -0.577831 0.893225 0.036603
v -0.401702 0.882826 0.036603
v -0.396687 0.902609 0.036603
v -0.406490 0.902102 0.048116
v -0.425858 0.901098 0.052885
v -0.424850 0.881627 0.048116
v -0.424432 0.873562 0.036603
v -0.577096 0.995631 0.036603
v -0.582111 0.975848 0.036603
v -0.572308 0.976356 0.048116
v -0.552940 0.977359 0.052885
v -0.553949 0.996831 0.048116
v -0.554367 1.004896 0.036603
v -0.408000 1.004392 0.036603
v -0.431565 1.011258 0.036603
v -0.431147 1.003192 0.048116
v -0.430139 0.983721 0.052885
v -0.410770 0.984725 0.048116
v -0.400967 0.985233 0.036603
v -0.572362 0.976353 -0.043383
v -0.582111 0.975848 -0.031870
v -0.577096 0.995631 -0.031870
v -0.554367 1.004896 -0.031870
v -0.553949 0.996831 -0.043383
v -0.552940 0.977359 -0.048152
v -0.410717 0.984727 -0.043383
v -0.430139 0.983721 -0.048152
v -0.431147 1.003192 -0.043383
v -0.431565 1.011258 -0.031870
v -0.408000 1.004392 -0.031870
v -0.400967 0.985233 -0.031870
v -0.570799 0.874066 -0.031870
v -0.577831 0.893225 -0.031870
v -0.568081 0.893730 -0.043383
v -0.548660 0.894736 -0.048152
v -0.547651 0.875265 -0.043383
v -0.547233 0.867200 -0.031870
v -0.401702 0.882826 -0.031870
v -0.424432 0.873562 -0.031870
v -0.424850 0.881627 -0.043383
v -0.425858 0.901098 -0.048152
v -0.406437 0.902104 -0.043383
v -0.396687 0.902609 -0.031870
v -0.564652 0.877973 0.046000
v -0.408220 0.886077 0.046000
v -0.570579 0.992381 0.046000
v -0.414147 1.000485 0.046000
v -0.570630 0.992378 -0.041267
v -0.414095 1.000488 -0.041267
v -0.564703 0.877970 -0.041267
v -0.408168 0.886079 -0.041267
v -0.492285 0.781923 0.036603
v -0.479594 0.777029 0.036603
v -0.479881 0.782566 0.048116
v -0.480573 0.795933 0.052885
v -0.490953 0.795395 0.048116
v -0.496206 0.795123 0.036603
v -0.401669 0.786618 0.036603
v -0.399134 0.800152 0.036603
v -0.404387 0.799880 0.048116
v -0.414766 0.799342 0.052885
v -0.414074 0.785975 0.048116
v -0.413787 0.780438 0.036603
v -0.496609 0.865377 0.036603
v -0.499144 0.851843 0.036603
v -0.493891 0.852115 0.048116
v -0.483512 0.852653 0.052885
v -0.484204 0.866020 0.048116
v -0.484491 0.871557 0.036603
v -0.405993 0.870072 0.036603
v -0.418684 0.874966 0.036603
v -0.418397 0.869429 0.048116
v -0.417705 0.856062 0.052885
v -0.407326 0.856600 0.048116
v -0.402072 0.856872 0.036603
v -0.493920 0.852114 -0.043383
v -0.499144 0.851843 -0.031870
v -0.496609 0.865377 -0.031870
v -0.484491 0.871557 -0.031870
v -0.484204 0.866020 -0.043383
v -0.483512 0.852653 -0.048152
v -0.407297 0.856602 -0.043383
v -0.417705 0.856062 -0.048152
v -0.418397 0.869429 -0.043383
v -0.418684 0.874966 -0.031870
v -0.405993 0.870072 -0.031870
v -0.402072 0.856872 -0.031870
v -0.492285 0.781923 -0.031870
v -0.496206 0.795123 -0.031870
v -0.490981 0.795394 -0.043383
v -0.480573 0.795933 -0.048152
v -0.479881 0.782566 -0.043383
v -0.479594 0.777029 -0.031870
v -0.401669 0.786618 -0.031870
v -0.413787 0.780438 -0.031870
v -0.414074 0.785975 -0.043383
v -0.414766 0.799342 -0.048152
v -0.404359 0.799881 -0.043383
v -0.399134 0.800152 -0.031870
v -0.489019 0.784556 0.046000
v -0.405190 0.788898 0.046000
v -0.493088 0.863097 0.046000
v -0.409259 0.867439 0.046000
v -0.493116 0.863095 -0.041267
v -0.409231 0.867441 -0.041267
v -0.489047 0.784554 -0.041267
v -0.405163 0.788900 -0.041267
v -0.428848 1.256486 0.036603
v -0.419609 1.240617 0.036603
v -0.415170 1.247056 0.048116
v -0.404452 1.262602 0.052885
v -0.415897 1.270492 0.048116
v -0.421690 1.274486 0.036603
v -0.328928 1.187600 0.036603
v -0.314651 1.200692 0.036603
v -0.320443 1.204686 0.048116
v -0.331888 1.212576 0.052885
v -0.342606 1.197030 0.048116
v -0.347045 1.190590 0.036603
v -0.350359 1.357163 0.036603
v -0.364636 1.344071 0.036603
v -0.358843 1.340077 0.048116
v -0.347398 1.332187 0.052885
v -0.336681 1.347733 0.048116
v -0.332241 1.354172 0.036603
v -0.262014 1.284659 0.036603
v -0.271253 1.300529 0.036603
v -0.275692 1.294089 0.048116
v -0.286410 1.278543 0.052885
v -0.274965 1.270653 0.048116
v -0.269172 1.266659 0.036603
v -0.358875 1.340099 -0.043383
v -0.364636 1.344071 -0.031870
v -0.350359 1.357163 -0.031870
v -0.332241 1.354172 -0.031870
v -0.336681 1.347733 -0.043383
v -0.347398 1.332187 -0.048152
v -0.274933 1.270631 -0.043383
v -0.286410 1.278543 -0.048152
v -0.275692 1.294089 -0.043383
v -0.271253 1.300529 -0.031870
v -0.262014 1.284659 -0.031870
v -0.269172 1.266659 -0.031870
v -0.428848 1.256486 -0.031870
v -0.421690 1.274486 -0.031870
v -0.415929 1.270514 -0.043383
v -0.404452 1.262602 -0.048152
v -0.415170 1.247056 -0.043383
v -0.419609 1.240617 -0.031870
v -0.328928 1.187600 -0.031870
v -0.347045 1.190590 -0.031870
v -0.342606 1.197030 -0.043383
v -0.331888 1.212576 -0.048152
v -0.320412 1.204664 -0.043383
v -0.314651 1.200692 -0.031870
v -0.423136 1.256763 0.046000
v -0.330700 1.193037 0.046000
v -0.348587 1.351726 0.046000
v -0.267726 1.284382 0.046000
v -0.348617 1.351747 -0.041267
v -0.267695 1.284361 -0.041267
v -0.423167 1.256784 -0.041267
v -0.330670 1.193016 -0.041267
v -0.517808 1.020025 0.036603
v -0.501558 1.008837 0.036603
v -0.499841 1.015097 0.048116
v -0.495695 1.030210 0.052885
v -0.510728 1.034334 0.048116
v -0.518337 1.036421 0.036603
v -0.408845 1.010356 0.036603
v -0.402238 1.020714 0.036603
v -0.407937 1.022277 0.048116
v -0.419196 1.025365 0.052885
v -0.422300 1.014047 0.048116
v -0.423586 1.009359 0.036603
v -0.498354 1.117594 0.036603
v -0.509246 1.100515 0.036603
v -0.499850 1.097938 0.048116
v -0.481286 1.092846 0.052885
v -0.476167 1.111509 0.048116
v -0.474047 1.119239 0.036603
v -0.384905 1.077434 0.036603
v -0.395455 1.087779 0.036603
v -0.397527 1.083381 0.048116
v -0.402530 1.072764 0.052885
v -0.391969 1.067788 0.048116
v -0.386624 1.065269 0.036603
v -0.499901 1.097952 -0.043383
v -0.509246 1.100515 -0.031870
v -0.498354 1.117594 -0.031870
v -0.474047 1.119239 -0.031870
v -0.476167 1.111509 -0.043383
v -0.481286 1.092846 -0.048152
v -0.391940 1.067774 -0.043383
v -0.402530 1.072764 -0.048152
v -0.397527 1.083381 -0.043383
v -0.395455 1.087779 -0.031870
v -0.384905 1.077434 -0.031870
v -0.386624 1.065269 -0.031870
v -0.517808 1.020025 -0.031870
v -0.518337 1.036421 -0.031870
v -0.510770 1.034345 -0.043383
v -0.495695 1.030210 -0.048152
v -0.499841 1.015097 -0.043383
v -0.501558 1.008837 -0.031870
v -0.408845 1.010356 -0.031870
v -0.423586 1.009359 -0.031870
v -0.422300 1.014047 -0.043383
v -0.419196 1.025365 -0.048152
v -0.407906 1.022269 -0.043383
v -0.402238 1.020714 -0.031870
v -0.512130 1.021455 0.046000
v -0.411955 1.013446 0.046000
v -0.493225 1.112500 0.046000
v -0.389278 1.077110 0.046000
v -0.493274 1.112513 -0.041267
v -0.389249 1.077096 -0.041267
v -0.512170 1.021466 -0.041267
v -0.411925 1.013438 -0.041267
v -0.252663 1.435326 0.036603
v -0.251617 1.413739 0.036603
v -0.245527 1.415986 0.048116
v -0.230825 1.421412 0.052885
v -0.236796 1.437593 0.048116
v -0.239818 1.445783 0.036603
v -0.193139 1.330341 0.036603
v -0.180737 1.330635 0.036603
v -0.183001 1.336769 0.048116
v -0.187472 1.348887 0.052885
v -0.198483 1.344824 0.048116
v -0.203044 1.343141 0.036603
v -0.162260 1.476999 0.036603
v -0.182709 1.476514 0.036603
v -0.178977 1.466400 0.048116
v -0.171603 1.446418 0.052885
v -0.153448 1.453117 0.048116
v -0.145928 1.455892 0.036603
v -0.124463 1.349382 0.036603
v -0.122667 1.365271 0.036603
v -0.127479 1.364480 0.048116
v -0.139099 1.362570 0.052885
v -0.136575 1.349937 0.048116
v -0.135297 1.343543 0.036603
v -0.178997 1.466455 -0.043383
v -0.182709 1.476514 -0.031870
v -0.162260 1.476999 -0.031870
v -0.145928 1.455892 -0.031870
v -0.153448 1.453117 -0.043383
v -0.171603 1.446418 -0.048152
v -0.136568 1.349902 -0.043383
v -0.139099 1.362570 -0.048152
v -0.127479 1.364480 -0.043383
v -0.122667 1.365271 -0.031870
v -0.124463 1.349382 -0.031870
v -0.135297 1.343543 -0.031870
v -0.252663 1.435326 -0.031870
v -0.239818 1.445783 -0.031870
v -0.236812 1.437638 -0.043383
v -0.230825 1.421412 -0.048152
v -0.245527 1.415986 -0.043383
v -0.251617 1.413739 -0.031870
v -0.193139 1.330341 -0.031870
v -0.203044 1.343141 -0.031870
v -0.198483 1.344824 -0.043383
v -0.187472 1.348887 -0.048152
v -0.182988 1.336735 -0.043383
v -0.180737 1.330635 -0.031870
v -0.248009 1.431032 0.046000
v -0.192577 1.335050 0.046000
v -0.163186 1.469234 0.046000
v -0.127424 1.353161 0.046000
v -0.163206 1.469287 -0.041267
v -0.127417 1.353128 -0.041267
v -0.248025 1.431075 -0.041267
v -0.192565 1.335018 -0.041267
v -0.145954 1.490986 0.036603
v -0.149354 1.465432 0.036603
v -0.139732 1.468420 0.048116
v -0.116502 1.475635 0.052885
v -0.121709 1.494517 0.048116
v -0.124344 1.504073 0.036603
v -0.110960 1.364238 0.036603
v -0.093415 1.361875 0.036603
v -0.094207 1.368866 0.048116
v -0.095772 1.382679 0.052885
v -0.112830 1.380746 0.048116
v -0.119896 1.379945 0.036603
v -0.008041 1.501059 0.036603
v -0.025586 1.503422 0.036603
v -0.024794 1.496431 0.048116
v -0.023229 1.482618 0.052885
v -0.006170 1.484551 0.048116
v 0.000895 1.485352 0.036603
v -0.003845 1.386918 0.036603
v 0.001351 1.404227 0.036603
v -0.005715 1.403426 0.048116
v -0.022774 1.401493 0.052885
v -0.021209 1.387681 0.048116
v -0.020416 1.380690 0.036603
v -0.024798 1.496469 -0.043383
v -0.025586 1.503422 -0.031870
v -0.008041 1.501059 -0.031870
v 0.000895 1.485352 -0.031870
v -0.006170 1.484551 -0.043383
v -0.023229 1.482618 -0.048152
v -0.021204 1.387643 -0.043383
v -0.022774 1.401493 -0.048152
v -0.005715 1.403426 -0.043383
v 0.001351 1.404227 -0.031870
v -0.003845 1.386918 -0.031870
v -0.020416 1.380690 -0.031870
v -0.145954 1.490986 -0.031870
v -0.124344 1.504073 -0.031870
v -0.121723 1.494569 -0.043383
v -0.116502 1.475635 -0.048152
v -0.139732 1.468420 -0.043383
v -0.149354 1.465432 -0.031870
v -0.110960 1.364238 -0.031870
v -0.119896 1.379945 -0.031870
v -0.112830 1.380746 -0.043383
v -0.095772 1.382679 -0.048152
v -0.094202 1.368828 -0.043383
v -0.093415 1.361875 -0.031870
v -0.139983 1.486139 0.046000
v -0.108336 1.369109 0.046000
v -0.010664 1.496188 0.046000
v -0.007492 1.391079 0.046000
v -0.010668 1.496224 -0.041267
v -0.007487 1.391042 -0.041267
v -0.139996 1.486189 -0.041267
v -0.108332 1.369072 -0.041267
v -0.482047 0.664422 0.036603
v -0.473170 0.656752 0.036603
v -0.472752 0.663876 0.048116
v -0.471743 0.681076 0.052885
v -0.479520 0.681532 0.048116
v -0.483456 0.681763 0.036603
v -0.414147 0.660436 0.036603
v -0.410718 0.677494 0.036603
v -0.414655 0.677725 0.048116
v -0.422432 0.678182 0.052885
v -0.423441 0.660982 0.048116
v -0.423860 0.653857 0.036603
v -0.475744 0.771806 0.036603
v -0.479172 0.754748 0.036603
v -0.475236 0.754517 0.048116
v -0.467459 0.754061 0.052885
v -0.466449 0.771261 0.048116
v -0.466031 0.778385 0.036603
v -0.407844 0.767821 0.036603
v -0.416720 0.775491 0.036603
v -0.417139 0.768367 0.048116
v -0.418148 0.751167 0.052885
v -0.410371 0.750710 0.048116
v -0.406434 0.750479 0.036603
v -0.475257 0.754519 -0.043383
v -0.479172 0.754748 -0.031870
v -0.475744 0.771806 -0.031870
v -0.466031 0.778385 -0.031870
v -0.466449 0.771261 -0.043383
v -0.467459 0.754061 -0.048152
v -0.410349 0.750709 -0.043383
v -0.418148 0.751167 -0.048152
v -0.417139 0.768367 -0.043383
v -0.416720 0.775491 -0.031870
v -0.407844 0.767821 -0.031870
v -0.406434 0.750479 -0.031870
v -0.482047 0.664422 -0.031870
v -0.483456 0.681763 -0.031870
v -0.479541 0.681534 -0.043383
v -0.471743 0.681076 -0.048152
v -0.472752 0.663876 -0.043383
v -0.473170 0.656752 -0.031870
v -0.414147 0.660436 -0.031870
v -0.423860 0.653857 -0.031870
v -0.423441 0.660982 -0.043383
v -0.422432 0.678182 -0.048152
v -0.414633 0.677724 -0.043383
v -0.410718 0.677494 -0.031870
v -0.479319 0.667433 0.046000
v -0.416504 0.663747 0.046000
v -0.473387 0.768496 0.046000
v -0.410572 0.764809 0.046000
v -0.473408 0.768497 -0.041267
v -0.410551 0.764808 -0.041267
v -0.479339 0.667435 -0.041267
v -0.416483 0.663745 -0.041267
vt 0.076263 0.065978
vt 0.076263 0.083726
vt 0.214701 0.065978
vt 0.214245 0.083726
vt 0.076263 0.187752
vt 0.214701 0.187752
vt 0.214245 0.187752
vt 0.214245 0.083726
vt 0.208305 0.205458
vt 0.209977 0.067029
vt 0.076718 0.187752
vt 0.076718 0.083726
vt 0.214701 0.204178
vt 0.214575 0.084971
vt 0.076137 0.084971
vt 0.214701 0.083726
vt 0.075196 0.203850
vt 0.076868 0.065422
vt 0.214575 0.192968
vt 0.076137 0.192968
vt 0.076263 0.204178
vt 0.076718 0.083726
vt 0.076718 0.187752
vt 0.214245 0.187752
vt 0.055928 0.059523
vt 0.070294 0.047945
vt 0.070006 0.047945
vt 0.070006 0.046854
vt 0.055982 0.082800
vt 0.220669 0.047945
vt 0.235035 0.059523
vt 0.235089 0.082800
vt 0.220957 0.046854
vt 0.220957 0.047945
vt 0.070294 0.223667
vt 0.068733 0.224108
vt 0.055875 0.188678
vt 0.055800 0.204837
vt 0.070896 0.045014
vt 0.220669 0.223667
vt 0.057501 0.063967
vt 0.234982 0.188678
vt 0.235035 0.198052
vt 0.234910 0.203662
vt 0.214277 0.225866
vt 0.220669 0.223667
vt 0.215704 0.223487
vt 0.055803 0.203662
vt 0.055928 0.198052
vt 0.075887 0.223473
vt 0.070294 0.223667
vt 0.216440 0.046772
vt 0.220669 0.047945
vt 0.055928 0.210633
vt 0.234910 0.074278
vt 0.235035 0.073426
vt 0.075042 0.224379
vt 0.235035 0.210633
vt 0.070294 0.047945
vt 0.215922 0.224379
vt 0.055928 0.073426
vt 0.055803 0.074278
vt 0.055928 0.046854
vt 0.055928 0.047945
vt 0.235035 0.047945
vt 0.235035 0.046854
vt 0.055928 0.223667
vt 0.058082 0.044859
vt 0.235035 0.223667
vt 0.235161 0.223681
vt 0.056054 0.223677
vt 0.055928 0.223667
vt 0.235035 0.047945
vt 0.055928 0.224142
vt 0.235035 0.224142
vt 0.055928 0.047945
vt 0.235155 0.067084
vt 0.235198 0.047250
vt 0.233031 0.226344
vt 0.233453 0.206891
vt 0.235035 0.223667
vt 0.235089 0.188678
vt 0.055982 0.188678
vt 0.055919 0.223953
vt 0.234982 0.082800
vt 0.235035 0.047945
vt 0.055928 0.047945
vt 0.055875 0.082800
vt 0.074916 0.048287
vt 0.215922 0.223439
vt 0.055803 0.047923
vt 0.234910 0.047923
vt 0.215796 0.048287
vt 0.235035 0.223667
vt 0.055928 0.223667
vt 0.075042 0.223439
vt 0.076263 0.065978
vt 0.055928 0.059523
vt 0.055928 0.210633
vt 0.076263 0.204178
vt 0.070294 0.047945
vt 0.076718 0.083726
vt 0.214245 0.083726
vt 0.220669 0.047945
vt 0.076263 0.083726
vt 0.070006 0.047945
vt 0.220957 0.047945
vt 0.214701 0.083726
vt 0.220957 0.046854
vt 0.070006 0.046854
vt 0.214701 0.065978
vt 0.055982 0.082800
vt 0.055982 0.188678
vt 0.076718 0.187752
vt 0.055875 0.082800
vt 0.076263 0.187752
vt 0.055875 0.188678
vt 0.214245 0.083726
vt 0.220669 0.047945
vt 0.070294 0.047945
vt 0.076718 0.083726
vt 0.235035 0.059523
vt 0.214701 0.204178
vt 0.235035 0.210633
vt 0.235089 0.082800
vt 0.235089 0.188678
vt 0.214701 0.187752
vt 0.234982 0.082800
vt 0.214245 0.187752
vt 0.234982 0.188678
vt 0.070294 0.223667
vt 0.220669 0.223667
vt 0.214245 0.187752
vt 0.068733 0.224108
vt 0.075196 0.203850
vt 0.208305 0.205458
vt 0.214277 0.225866
vt 0.055800 0.204837
vt 0.057501 0.063967
vt 0.076868 0.065422
vt 0.075042 0.223439
vt 0.215922 0.223439
vt 0.070896 0.045014
vt 0.216440 0.046772
vt 0.209977 0.067029
vt 0.220669 0.223667
vt 0.076718 0.187752
vt 0.070294 0.223667
vt 0.235035 0.198052
vt 0.235035 0.073426
vt 0.234910 0.203662
vt 0.214575 0.192968
vt 0.214575 0.084971
vt 0.234910 0.074278
vt 0.215704 0.223487
vt 0.075887 0.223473
vt 0.076137 0.192968
vt 0.233453 0.206891
vt 0.235155 0.067084
vt 0.055803 0.203662
vt 0.055803 0.074278
vt 0.076137 0.084971
vt 0.055928 0.198052
vt 0.055928 0.073426
vt 0.075042 0.224379
vt 0.215922 0.224379
vt 0.215796 0.048287
vt 0.074916 0.048287
vt 0.055928 0.047945
vt 0.055928 0.046854
vt 0.055928 0.047945
vt 0.235035 0.046854
vt 0.235035 0.047945
vt 0.235035 0.047945
vt 0.055919 0.223953
vt 0.055928 0.223667
vt 0.055928 0.223667
vt 0.235035 0.223667
vt 0.058082 0.044859
vt 0.235035 0.223667
vt 0.235161 0.223681
vt 0.235035 0.223667
vt 0.233031 0.226344
vt 0.055928 0.223667
vt 0.056054 0.223677
vt 0.235198 0.047250
vt 0.055928 0.224142
vt 0.235035 0.047945
vt 0.234910 0.047923
vt 0.055928 0.047945
vt 0.235035 0.224142
vt 0.055803 0.047923
vt 0.076263 0.065978
vt 0.055928 0.059523
vt 0.055928 0.210633
vt 0.076263 0.204178
vt 0.070294 0.047945
vt 0.076718 0.083726
vt 0.214245 0.083726
vt 0.220669 0.047945
vt 0.076263 0.083726
vt 0.070006 0.047945
vt 0.220957 0.047945
vt 0.214701 0.083726
vt 0.220957 0.046854
vt 0.070006 0.046854
vt 0.214701 0.065978
vt 0.055982 0.082800
vt 0.055982 0.188678
vt 0.076718 0.187752
vt 0.055875 0.082800
vt 0.076263 0.187752
vt 0.055875 0.188678
vt 0.214245 0.083726
vt 0.220669 0.047945
vt 0.070294 0.047945
vt 0.076718 0.083726
vt 0.235035 0.059523
vt 0.214701 0.204178
vt 0.235035 0.210633
vt 0.235089 0.082800
vt 0.235089 0.188678
vt 0.214701 0.187752
vt 0.234982 0.082800
vt 0.214245 0.187752
vt 0.234982 0.188678
vt 0.070294 0.223667
vt 0.220669 0.223667
vt 0.214245 0.187752
vt 0.068733 0.224108
vt 0.075197 0.203850
vt 0.208305 0.205458
vt 0.214277 0.225866
vt 0.055800 0.204837
vt 0.057501 0.063967
vt 0.076868 0.065422
vt 0.075042 0.223439
vt 0.215922 0.223439
vt 0.070896 0.045014
vt 0.216440 0.046772
vt 0.209977 0.067029
vt 0.220669 0.223667
vt 0.076718 0.187752
vt 0.070294 0.223667
vt 0.235035 0.198052
vt 0.235035 0.073426
vt 0.234910 0.203662
vt 0.214575 0.192968
vt 0.214575 0.084971
vt 0.234910 0.074278
vt 0.215704 0.223487
vt 0.075887 0.223473
vt 0.076137 0.192968
vt 0.233453 0.206891
vt 0.235155 0.067084
vt 0.055803 0.203662
vt 0.055803 0.074278
vt 0.076137 0.084971
vt 0.055928 0.198052
vt 0.055928 0.073426
vt 0.075042 0.224379
vt 0.215922 0.224379
vt 0.215796 0.048287
vt 0.074916 0.048287
vt 0.055928 0.047945
vt 0.055928 0.046854
vt 0.055928 0.047945
vt 0.235035 0.046854
vt 0.235035 0.047945
vt 0.235035 0.047945
vt 0.055919 0.223953
vt 0.055928 0.223667
vt 0.055928 0.223667
vt 0.235035 0.223667
vt 0.058082 0.044859
vt 0.235035 0.223667
vt 0.235161 0.223681
vt 0.235035 0.223667
vt 0.233031 0.226344
vt 0.055928 0.223667
vt 0.056054 0.223677
vt 0.235198 0.047250
vt 0.055928 0.224142
vt 0.235035 0.047945
vt 0.234910 0.047923
vt 0.055928 0.047945
vt 0.235035 0.224142
vt 0.055803 0.047923
vt 0.076263 0.065978
vt 0.055928 0.059523
vt 0.055928 0.210633
vt 0.076263 0.204178
vt 0.070294 0.047945
vt 0.076718 0.083726
vt 0.214245 0.083726
vt 0.220669 0.047945
vt 0.076263 0.083726
vt 0.070006 0.047945
vt 0.220957 0.047945
vt 0.214701 0.083726
vt 0.220957 0.046854
vt 0.070006 0.046854
vt 0.214701 0.065978
vt 0.055982 0.082800
vt 0.055982 0.188678
vt 0.076718 0.187752
vt 0.055875 0.082800
vt 0.076263 0.187752
vt 0.055875 0.188678
vt 0.214245 0.083726
vt 0.220669 0.047945
vt 0.070294 0.047945
vt 0.076718 0.083726
vt 0.235035 0.059523
vt 0.214701 0.204178
vt 0.235035 0.210633
vt 0.235089 0.082800
vt 0.235089 0.188678
vt 0.214701 0.187752
vt 0.234982 0.082800
vt 0.214245 0.187752
vt 0.234982 0.188678
vt 0.070294 0.223667
vt 0.220669 0.223667
vt 0.214245 0.187752
vt 0.056054 0.059927
vt 0.076388 0.066144
vt 0.076388 0.199263
vt 0.056054 0.205481
vt 0.075168 0.046761
vt 0.216048 0.046761
vt 0.214827 0.066144
vt 0.075042 0.223439
vt 0.215922 0.223439
vt 0.235161 0.059927
vt 0.235161 0.205481
vt 0.214827 0.199263
vt 0.220669 0.223667
vt 0.076718 0.187752
vt 0.070294 0.223667
vt 0.235035 0.198052
vt 0.235035 0.073426
vt 0.234910 0.203662
vt 0.214575 0.192968
vt 0.214575 0.084971
vt 0.234910 0.074278
vt 0.215704 0.223487
vt 0.075887 0.223473
vt 0.076137 0.192968
vt 0.075259 0.224426
vt 0.215076 0.224440
vt 0.055803 0.203662
vt 0.055803 0.074278
vt 0.076137 0.084971
vt 0.055928 0.198052
vt 0.055928 0.073426
vt 0.075042 0.224379
vt 0.215922 0.224379
vt 0.215796 0.048287
vt 0.074916 0.048287
vt 0.055928 0.047945
vt 0.055928 0.046854
vt 0.055928 0.047945
vt 0.235035 0.046854
vt 0.235035 0.047945
vt 0.235035 0.047945
vt 0.056054 0.047111
vt 0.055928 0.223667
vt 0.055928 0.223667
vt 0.235035 0.223667
vt 0.235161 0.047111
vt 0.235035 0.223667
vt 0.235161 0.223681
vt 0.235035 0.223667
vt 0.055803 0.224239
vt 0.055928 0.223667
vt 0.056054 0.223677
vt 0.234910 0.224243
vt 0.055928 0.224142
vt 0.235035 0.047945
vt 0.234910 0.047923
vt 0.055928 0.047945
vt 0.235035 0.224142
vt 0.055803 0.047923
vt 0.076263 0.065978
vt 0.055928 0.059523
vt 0.055928 0.210633
vt 0.076263 0.204178
vt 0.070294 0.047945
vt 0.076718 0.083726
vt 0.214245 0.083726
vt 0.220669 0.047945
vt 0.076263 0.083726
vt 0.070006 0.047945
vt 0.130515 0.047945
vt 0.131756 0.083726
vt 0.070006 0.046854
vt 0.131756 0.065978
vt 0.130515 0.046854
vt 0.055982 0.082800
vt 0.055982 0.188678
vt 0.076718 0.187752
vt 0.055875 0.082800
vt 0.076263 0.187752
vt 0.055875 0.188678
vt 0.214245 0.083726
vt 0.220669 0.047945
vt 0.070294 0.047945
vt 0.076718 0.083726
vt 0.235035 0.059523
vt 0.214701 0.065978
vt 0.214701 0.204178
vt 0.235035 0.210633
vt 0.214701 0.083726
vt 0.235089 0.082800
vt 0.235089 0.188678
vt 0.214701 0.187752
vt 0.234982 0.082800
vt 0.214245 0.187752
vt 0.234982 0.188678
vt 0.070294 0.223667
vt 0.220669 0.223667
vt 0.214245 0.187752
vt 0.069338 0.224785
vt 0.075666 0.204485
vt 0.208782 0.205206
vt 0.214890 0.225574
vt 0.056277 0.205600
vt 0.056583 0.149129
vt 0.075967 0.148992
vt 0.075042 0.223439
vt 0.131756 0.187752
vt 0.131514 0.223439
vt 0.076416 0.066048
vt 0.070309 0.045681
vt 0.215860 0.046469
vt 0.209532 0.066770
vt 0.220669 0.223667
vt 0.076718 0.187752
vt 0.070294 0.223667
vt 0.235035 0.198052
vt 0.235035 0.073426
vt 0.234910 0.203662
vt 0.214575 0.192968
vt 0.214575 0.084971
vt 0.234910 0.074278
vt 0.215704 0.223487
vt 0.158635 0.223511
vt 0.159082 0.192968
vt 0.233939 0.206471
vt 0.209083 0.149714
vt 0.234226 0.149402
vt 0.076137 0.192968
vt 0.055803 0.203662
vt 0.055803 0.074278
vt 0.076137 0.084971
vt 0.055928 0.198052
vt 0.055928 0.073426
vt 0.075042 0.224379
vt 0.131514 0.224379
vt 0.131756 0.204178
vt 0.215796 0.048287
vt 0.159082 0.084971
vt 0.159324 0.048287
vt 0.055928 0.047945
vt 0.055928 0.046854
vt 0.055928 0.047945
vt 0.220957 0.046854
vt 0.235035 0.046854
vt 0.235035 0.047945
vt 0.220957 0.047945
vt 0.235035 0.047945
vt 0.056523 0.224716
vt 0.055928 0.223667
vt 0.055928 0.223667
vt 0.235035 0.223667
vt 0.057040 0.064723
vt 0.057493 0.045611
vt 0.215922 0.223439
vt 0.235035 0.223667
vt 0.235161 0.223681
vt 0.235035 0.223667
vt 0.233647 0.225927
vt 0.055928 0.223667
vt 0.075887 0.223473
vt 0.056054 0.223677
vt 0.234710 0.066656
vt 0.234621 0.046822
vt 0.055928 0.224142
vt 0.235035 0.047945
vt 0.234910 0.047923
vt 0.055928 0.047945
vt 0.215922 0.224379
vt 0.235035 0.224142
vt 0.074916 0.048287
vt 0.055803 0.047923
vt 0.076263 0.065978
vt 0.055928 0.059523
vt 0.055928 0.210633
vt 0.076263 0.204178
vt 0.070294 0.047945
vt 0.076718 0.083726
vt 0.214245 0.083726
vt 0.220669 0.047945
vt 0.076263 0.083726
vt 0.070006 0.047945
vt 0.220957 0.047945
vt 0.214701 0.083726
vt 0.220957 0.046854
vt 0.070006 0.046854
vt 0.214701 0.065978
vt 0.055982 0.082800
vt 0.055982 0.188678
vt 0.076718 0.187752
vt 0.055875 0.082800
vt 0.076263 0.187752
vt 0.055875 0.188678
vt 0.214245 0.083726
vt 0.220669 0.047945
vt 0.070294 0.047945
vt 0.076718 0.083726
vt 0.235035 0.059523
vt 0.214701 0.204178
vt 0.235035 0.210633
vt 0.235089 0.082800
vt 0.235089 0.188678
vt 0.214701 0.187752
vt 0.234982 0.082800
vt 0.214245 0.187752
vt 0.234982 0.188678
vt 0.070294 0.223667
vt 0.220669 0.223667
vt 0.214245 0.187752
vt 0.056054 0.059927
vt 0.076388 0.066144
vt 0.076388 0.199263
vt 0.056054 0.205481
vt 0.075168 0.046761
vt 0.216048 0.046761
vt 0.214827 0.066144
vt 0.075042 0.223439
vt 0.215922 0.223439
vt 0.235161 0.059927
vt 0.235161 0.205481
vt 0.214827 0.199263
vt 0.220669 0.223667
vt 0.076718 0.187752
vt 0.070294 0.223667
vt 0.235035 0.198052
vt 0.235035 0.073426
vt 0.234910 0.203662
vt 0.214575 0.192968
vt 0.214575 0.084971
vt 0.234910 0.074278
vt 0.215704 0.223487
vt 0.075887 0.223473
vt 0.076137 0.192968
vt 0.075259 0.224426
vt 0.215076 0.224440
vt 0.055803 0.203662
vt 0.055803 0.074278
vt 0.076137 0.084971
vt 0.055928 0.198052
vt 0.055928 0.073426
vt 0.075042 0.224379
vt 0.215922 0.224379
vt 0.215796 0.048287
vt 0.074916 0.048287
vt 0.055928 0.047945
vt 0.055928 0.046854
vt 0.055928 0.047945
vt 0.235035 0.046854
vt 0.235035 0.047945
vt 0.235035 0.047945
vt 0.056054 0.047111
vt 0.055928 0.223667
vt 0.055928 0.223667
vt 0.235035 0.223667
vt 0.235161 0.047111
vt 0.235035 0.223667
vt 0.235161 0.223681
vt 0.235035 0.223667
vt 0.055803 0.224239
vt 0.055928 0.223667
vt 0.056054 0.223677
vt 0.234910 0.224243
vt 0.055928 0.224142
vt 0.235035 0.047945
vt 0.234910 0.047923
vt 0.055928 0.047945
vt 0.235035 0.224142
vt 0.055803 0.047923
vt 0.076263 0.065978
vt 0.055928 0.059523
vt 0.055928 0.210633
vt 0.076263 0.204178
vt 0.070294 0.047945
vt 0.076718 0.083726
vt 0.214245 0.083726
vt 0.220669 0.047945
vt 0.076263 0.083726
vt 0.070006 0.047945
vt 0.220957 0.047945
vt 0.214701 0.083726
vt 0.220957 0.046854
vt 0.070006 0.046854
vt 0.214701 0.065978
vt 0.055982 0.082800
vt 0.055982 0.188678
vt 0.076718 0.187752
vt 0.055875 0.082800
vt 0.076263 0.187752
vt 0.055875 0.188678
vt 0.214245 0.083726
vt 0.220669 0.047945
vt 0.070294 0.047945
vt 0.076718 0.083726
vt 0.235035 0.059523
vt 0.214701 0.204178
vt 0.235035 0.210633
vt 0.235089 0.082800
vt 0.235089 0.188678
vt 0.214701 0.187752
vt 0.234982 0.082800
vt 0.214245 0.187752
vt 0.234982 0.188678
vt 0.070294 0.223667
vt 0.220669 0.223667
vt 0.214245 0.187752
vt 0.068733 0.224108
vt 0.075196 0.203850
vt 0.208305 0.205458
vt 0.214277 0.225866
vt 0.055800 0.204837
vt 0.057501 0.063967
vt 0.076868 0.065422
vt 0.075042 0.223439
vt 0.215922 0.223439
vt 0.070896 0.045014
vt 0.216440 0.046772
vt 0.209977 0.067029
vt 0.220669 0.223667
vt 0.076718 0.187752
vt 0.070294 0.223667
vt 0.235035 0.198052
vt 0.235035 0.073426
vt 0.234910 0.203662
vt 0.214575 0.192968
vt 0.214575 0.084971
vt 0.234910 0.074278
vt 0.215704 0.223487
vt 0.075887 0.223473
vt 0.076137 0.192968
vt 0.233453 0.206891
vt 0.235155 0.067084
vt 0.055803 0.203662
vt 0.055803 0.074278
vt 0.076137 0.084971
vt 0.055928 0.198052
vt 0.055928 0.073426
vt 0.075042 0.224379
vt 0.215922 0.224379
vt 0.215796 0.048287
vt 0.074916 0.048287
vt 0.055928 0.047945
vt 0.055928 0.046854
vt 0.055928 0.047945
vt 0.235035 0.046854
vt 0.235035 0.047945
vt 0.235035 0.047945
vt 0.055919 0.223953
vt 0.055928 0.223667
vt 0.055928 0.223667
vt 0.235035 0.223667
vt 0.058082 0.044859
vt 0.235035 0.223667
vt 0.235161 0.223681
vt 0.235035 0.223667
vt 0.233031 0.226344
vt 0.055928 0.223667
vt 0.056054 0.223677
vt 0.235198 0.047250
vt 0.055928 0.224142
vt 0.235035 0.047945
vt 0.234910 0.047923
vt 0.055928 0.047945
vt 0.235035 0.224142
vt 0.055803 0.047923
vt 0.076263 0.065978
vt 0.055928 0.059523
vt 0.055928 0.210633
vt 0.076263 0.204178
vt 0.070294 0.047945
vt 0.076718 0.083726
vt 0.214245 0.083726
vt 0.220669 0.047945
vt 0.076263 0.083726
vt 0.070006 0.047945
vt 0.220957 0.047945
vt 0.214701 0.083726
vt 0.220957 0.046854
vt 0.070006 0.046854
vt 0.214701 0.065978
vt 0.055982 0.082800
vt 0.055982 0.188678
vt 0.076718 0.187752
vt 0.055875 0.082800
vt 0.076263 0.187752
vt 0.055875 0.188678
vt 0.214245 0.083726
vt 0.220669 0.047945
vt 0.070294 0.047945
vt 0.076718 0.083726
vt 0.235035 0.059523
vt 0.214701 0.204178
vt 0.235035 0.210633
vt 0.235089 0.082800
vt 0.235089 0.188678
vt 0.214701 0.187752
vt 0.234982 0.082800
vt 0.214245 0.187752
vt 0.234982 0.188678
vt 0.070294 0.223667
vt 0.220669 0.223667
vt 0.214245 0.187752
vt 0.068733 0.224108
vt 0.075196 0.203850
vt 0.208305 0.205458
vt 0.214277 0.225866
vt 0.055800 0.204837
vt 0.057501 0.063967
vt 0.076868 0.065422
vt 0.075042 0.223439
vt 0.215922 0.223439
vt 0.070896 0.045014
vt 0.216440 0.046772
vt 0.209977 0.067029
vt 0.220669 0.223667
vt 0.076718 0.187752
vt 0.070294 0.223667
vt 0.235035 0.198052
vt 0.235035 0.073426
vt 0.234910 0.203662
vt 0.214575 0.192968
vt 0.214575 0.084971
vt 0.234910 0.074278
vt 0.215704 0.223487
vt 0.075887 0.223473
vt 0.076137 0.192968
vt 0.233453 0.206891
vt 0.235155 0.067084
vt 0.055803 0.203662
vt 0.055803 0.074278
vt 0.076137 0.084971
vt 0.055928 0.198052
vt 0.055928 0.073426
vt 0.075042 0.224379
vt 0.215922 0.224379
vt 0.215796 0.048287
vt 0.074916 0.048287
vt 0.055928 0.047945
vt 0.055928 0.046854
vt 0.055928 0.047945
vt 0.235035 0.046854
vt 0.235035 0.047945
vt 0.235035 0.047945
vt 0.055919 0.223953
vt 0.055928 0.223667
vt 0.055928 0.223667
vt 0.235035 0.223667
vt 0.058082 0.044859
vt 0.235035 0.223667
vt 0.235161 0.223681
vt 0.235035 0.223667
vt 0.233031 0.226344
vt 0.055928 0.223667
vt 0.056054 0.223677
vt 0.235198 0.047250
vt 0.055928 0.224142
vt 0.235035 0.047945
vt 0.234910 0.047923
vt 0.055928 0.047945
vt 0.235035 0.224142
vt 0.055803 0.047923
vt 0.076263 0.065978
vt 0.055928 0.059523
vt 0.055928 0.210633
vt 0.076263 0.204178
vt 0.070294 0.047945
vt 0.076718 0.083726
vt 0.214245 0.083726
vt 0.220669 0.047945
vt 0.076263 0.083726
vt 0.070006 0.047945
vt 0.220957 0.047945
vt 0.214701 0.083726
vt 0.220957 0.046854
vt 0.070006 0.046854
vt 0.214701 0.065978
vt 0.055982 0.082800
vt 0.055982 0.188678
vt 0.076718 0.187752
vt 0.055875 0.082800
vt 0.076263 0.187752
vt 0.055875 0.188678
vt 0.214245 0.083726
vt 0.220669 0.047945
vt 0.070294 0.047945
vt 0.076718 0.083726
vt 0.235035 0.059523
vt 0.214701 0.204178
vt 0.235035 0.210633
vt 0.235089 0.082800
vt 0.235089 0.188678
vt 0.214701 0.187752
vt 0.234982 0.082800
vt 0.214245 0.187752
vt 0.234982 0.188678
vt 0.070294 0.223667
vt 0.220669 0.223667
vt 0.214245 0.187752
vt 0.068733 0.224108
vt 0.075196 0.203850
vt 0.208305 0.205458
vt 0.214277 0.225866
vt 0.055800 0.204837
vt 0.057501 0.063967
vt 0.076868 0.065422
vt 0.075042 0.223439
vt 0.215922 0.223439
vt 0.070896 0.045014
vt 0.216440 0.046772
vt 0.209977 0.067029
vt 0.220669 0.223667
vt 0.076718 0.187752
vt 0.070294 0.223667
vt 0.235035 0.198052
vt 0.235035 0.073426
vt 0.234910 0.203662
vt 0.214575 0.192968
vt 0.214575 0.084971
vt 0.234910 0.074278
vt 0.215704 0.223487
vt 0.075887 0.223473
vt 0.076137 0.192968
vt 0.233453 0.206891
vt 0.235155 0.067084
vt 0.055803 0.203662
vt 0.055803 0.074278
vt 0.076137 0.084971
vt 0.055928 0.198052
vt 0.055928 0.073426
vt 0.075042 0.224379
vt 0.215922 0.224379
vt 0.215796 0.048287
vt 0.074916 0.048287
vt 0.055928 0.047945
vt 0.055928 0.046854
vt 0.055928 0.047945
vt 0.235035 0.046854
vt 0.235035 0.047945
vt 0.235035 0.047945
vt 0.055919 0.223953
vt 0.055928 0.223667
vt 0.055928 0.223667
vt 0.235035 0.223667
vt 0.058082 0.044859
vt 0.235035 0.223667
vt 0.235161 0.223681
vt 0.235035 0.223667
vt 0.233031 0.226344
vt 0.055928 0.223667
vt 0.056054 0.223677
vt 0.235198 0.047250
vt 0.055928 0.224142
vt 0.235035 0.047945
vt 0.234910 0.047923
vt 0.055928 0.047945
vt 0.235035 0.224142
vt 0.055803 0.047923
vt 0.076263 0.065978
vt 0.055928 0.059523
vt 0.055928 0.210633
vt 0.076263 0.204178
vt 0.070294 0.047945
vt 0.076718 0.083726
vt 0.214245 0.083726
vt 0.220669 0.047945
vt 0.076263 0.083726
vt 0.070006 0.047945
vt 0.220957 0.047945
vt 0.214701 0.083726
vt 0.220957 0.046854
vt 0.070006 0.046854
vt 0.214701 0.065978
vt 0.055982 0.082800
vt 0.055982 0.188678
vt 0.076718 0.187752
vt 0.055875 0.082800
vt 0.076263 0.187752
vt 0.055875 0.188678
vt 0.214245 0.083726
vt 0.220669 0.047945
vt 0.070294 0.047945
vt 0.076718 0.083726
vt 0.235035 0.059523
vt 0.214701 0.204178
vt 0.235035 0.210633
vt 0.235089 0.082800
vt 0.235089 0.188678
vt 0.214701 0.187752
vt 0.234982 0.082800
vt 0.214245 0.187752
vt 0.234982 0.188678
vt 0.070294 0.223667
vt 0.220669 0.223667
vt 0.214245 0.187752
vt 0.068733 0.224108
vt 0.075196 0.203850
vt 0.208305 0.205458
vt 0.214277 0.225866
vt 0.055800 0.204837
vt 0.057501 0.063967
vt 0.076868 0.065422
vt 0.075042 0.223439
vt 0.215922 0.223439
vt 0.070896 0.045014
vt 0.216440 0.046772
vt 0.209977 0.067029
vt 0.220669 0.223667
vt 0.076718 0.187752
vt 0.070294 0.223667
vt 0.235035 0.198052
vt 0.235035 0.073426
vt 0.234910 0.203662
vt 0.214575 0.192968
vt 0.214575 0.084971
vt 0.234910 0.074278
vt 0.215704 0.223487
vt 0.075887 0.223473
vt 0.076137 0.192968
vt 0.233453 0.206891
vt 0.235155 0.067084
vt 0.055803 0.203662
vt 0.055803 0.074278
vt 0.076137 0.084971
vt 0.055928 0.198052
vt 0.055928 0.073426
vt 0.075042 0.224379
vt 0.215922 0.224379
vt 0.215796 0.048287
vt 0.074916 0.048287
vt 0.055928 0.047945
vt 0.055928 0.046854
vt 0.055928 0.047945
vt 0.235035 0.046854
vt 0.235035 0.047945
vt 0.235035 0.047945
vt 0.055919 0.223953
vt 0.055928 0.223667
vt 0.055928 0.223667
vt 0.235035 0.223667
vt 0.058082 0.044859
vt 0.235035 0.223667
vt 0.235161 0.223681
vt 0.235035 0.223667
vt 0.233031 0.226344
vt 0.055928 0.223667
vt 0.056054 0.223677
vt 0.235198 0.047250
vt 0.055928 0.224142
vt 0.235035 0.047945
vt 0.234910 0.047923
vt 0.055928 0.047945
vt 0.235035 0.224142
vt 0.055803 0.047923
vt 0.076263 0.065978
vt 0.055928 0.059523
vt 0.055928 0.210633
vt 0.076263 0.204178
vt 0.070294 0.047945
vt 0.076718 0.083726
vt 0.214245 0.083726
vt 0.220669 0.047945
vt 0.076263 0.083726
vt 0.070006 0.047945
vt 0.220957 0.047945
vt 0.214701 0.083726
vt 0.220957 0.046854
vt 0.070006 0.046854
vt 0.214701 0.065978
vt 0.055982 0.082800
vt 0.055982 0.188678
vt 0.076718 0.187752
vt 0.055875 0.082800
vt 0.076263 0.187752
vt 0.055875 0.188678
vt 0.214245 0.083726
vt 0.220669 0.047945
vt 0.070294 0.047945
vt 0.076718 0.083726
vt 0.235035 0.059523
vt 0.214701 0.204178
vt 0.235035 0.210633
vt 0.235089 0.082800
vt 0.235089 0.188678
vt 0.214701 0.187752
vt 0.234982 0.082800
vt 0.214245 0.187752
vt 0.234982 0.188678
vt 0.070294 0.223667
vt 0.220669 0.223667
vt 0.214245 0.187752
vt 0.068733 0.224108
vt 0.075196 0.203850
vt 0.208305 0.205458
vt 0.214277 0.225866
vt 0.055800 0.204837
vt 0.057501 0.063967
vt 0.076868 0.065422
vt 0.075042 0.223439
vt 0.215922 0.223439
vt 0.070896 0.045014
vt 0.216440 0.046772
vt 0.209977 0.067029
vt 0.220669 0.223667
vt 0.076718 0.187752
vt 0.070294 0.223667
vt 0.235035 0.198052
vt 0.235035 0.073426
vt 0.234910 0.203662
vt 0.214575 0.192968
vt 0.214575 0.084971
vt 0.234910 0.074278
vt 0.215704 0.223487
vt 0.075887 0.223473
vt 0.076137 0.192968
vt 0.233453 0.206891
vt 0.235155 0.067084
vt 0.055803 0.203662
vt 0.055803 0.074278
vt 0.076137 0.084971
vt 0.055928 0.198052
vt 0.055928 0.073426
vt 0.075042 0.224379
vt 0.215922 0.224379
vt 0.215796 0.048287
vt 0.074916 0.048287
vt 0.055928 0.047945
vt 0.055928 0.046854
vt 0.055928 0.047945
vt 0.235035 0.046854
vt 0.235035 0.047945
vt 0.235035 0.047945
vt 0.055919 0.223953
vt 0.055928 0.223667
vt 0.055928 0.223667
vt 0.235035 0.223667
vt 0.058082 0.044859
vt 0.235035 0.223667
vt 0.235161 0.223681
vt 0.235035 0.223667
vt 0.233031 0.226344
vt 0.055928 0.223667
vt 0.056054 0.223677
vt 0.235198 0.047250
vt 0.055928 0.224142
vt 0.235035 0.047945
vt 0.234910 0.047923
vt 0.055928 0.047945
vt 0.235035 0.224142
vt 0.055803 0.047923
vt 0.076263 0.065978
vt 0.055928 0.059523
vt 0.055928 0.210633
vt 0.076263 0.204178
vt 0.070294 0.047945
vt 0.076718 0.083726
vt 0.214245 0.083726
vt 0.220669 0.047945
vt 0.076263 0.083726
vt 0.070006 0.047945
vt 0.220957 0.047945
vt 0.214701 0.083726
vt 0.220957 0.046854
vt 0.070006 0.046854
vt 0.214701 0.065978
vt 0.055982 0.082800
vt 0.055982 0.188678
vt 0.076718 0.187752
vt 0.055875 0.082800
vt 0.076263 0.187752
vt 0.055875 0.188678
vt 0.214245 0.083726
vt 0.220669 0.047945
vt 0.070294 0.047945
vt 0.076718 0.083726
vt 0.235035 0.059523
vt 0.214701 0.204178
vt 0.235035 0.210633
vt 0.235089 0.082800
vt 0.235089 0.188678
vt 0.214701 0.187752
vt 0.234982 0.082800
vt 0.214245 0.187752
vt 0.234982 0.188678
vt 0.070294 0.223667
vt 0.220669 0.223667
vt 0.214245 0.187752
vt 0.068733 0.224108
vt 0.075196 0.203850
vt 0.208305 0.205458
vt 0.214277 0.225866
vt 0.055800 0.204837
vt 0.057501 0.063967
vt 0.076868 0.065422
vt 0.075042 0.223439
vt 0.215922 0.223439
vt 0.070896 0.045014
vt 0.216440 0.046772
vt 0.209977 0.067029
vt 0.220669 0.223667
vt 0.076718 0.187752
vt 0.070294 0.223667
vt 0.235035 0.198052
vt 0.235035 0.073426
vt 0.234910 0.203662
vt 0.214575 0.192968
vt 0.214575 0.084971
vt 0.234910 0.074278
vt 0.215704 0.223487
vt 0.075887 0.223473
vt 0.076137 0.192968
vt 0.233453 0.206891
vt 0.235155 0.067084
vt 0.055803 0.203662
vt 0.055803 0.074278
vt 0.076137 0.084971
vt 0.055928 0.198052
vt 0.055928 0.073426
vt 0.075042 0.224379
vt 0.215922 0.224379
vt 0.215796 0.048287
vt 0.074916 0.048287
vt 0.055928 0.047945
vt 0.055928 0.046854
vt 0.055928 0.047945
vt 0.235035 0.046854
vt 0.235035 0.047945
vt 0.235035 0.047945
vt 0.055919 0.223953
vt 0.055928 0.223667
vt 0.055928 0.223667
vt 0.235035 0.223667
vt 0.058082 0.044859
vt 0.235035 0.223667
vt 0.235161 0.223681
vt 0.235035 0.223667
vt 0.233031 0.226344
vt 0.055928 0.223667
vt 0.056054 0.223677
vt 0.235198 0.047250
vt 0.055928 0.224142
vt 0.235035 0.047945
vt 0.234910 0.047923
vt 0.055928 0.047945
vt 0.235035 0.224142
vt 0.055803 0.047923
vt 0.076263 0.065978
vt 0.055928 0.059523
vt 0.055928 0.210633
vt 0.076263 0.204178
vt 0.070294 0.047945
vt 0.076718 0.083726
vt 0.214245 0.083726
vt 0.220669 0.047945
vt 0.076263 0.083726
vt 0.070006 0.047945
vt 0.220957 0.047945
vt 0.214701 0.083726
vt 0.220957 0.046854
vt 0.070006 0.046854
vt 0.214701 0.065978
vt 0.055982 0.082800
vt 0.055982 0.188678
vt 0.076718 0.187752
vt 0.055875 0.082800
vt 0.076263 0.187752
vt 0.055875 0.188678
vt 0.214245 0.083726
vt 0.220669 0.047945
vt 0.070294 0.047945
vt 0.076718 0.083726
vt 0.235035 0.059523
vt 0.214701 0.204178
vt 0.235035 0.210633
vt 0.235089 0.082800
vt 0.235089 0.188678
vt 0.214701 0.187752
vt 0.234982 0.082800
vt 0.214245 0.187752
vt 0.234982 0.188678
vt 0.070294 0.223667
vt 0.220669 0.223667
vt 0.214245 0.187752
vt 0.068733 0.224108
vt 0.075196 0.203850
vt 0.208305 0.205458
vt 0.214277 0.225866
vt 0.055800 0.204837
vt 0.057501 0.063967
vt 0.076868 0.065422
vt 0.075042 0.223439
vt 0.215922 0.223439
vt 0.070896 0.045014
vt 0.216440 0.046772
vt 0.209977 0.067029
vt 0.220669 0.223667
vt 0.076718 0.187752
vt 0.070294 0.223667
vt 0.235035 0.198052
vt 0.235035 0.073426
vt 0.234910 0.203662
vt 0.214575 0.192968
vt 0.214575 0.084971
vt 0.234910 0.074278
vt 0.215704 0.223487
vt 0.075887 0.223473
vt 0.076137 0.192968
vt 0.233453 0.206891
vt 0.235155 0.067084
vt 0.055803 0.203662
vt 0.055803 0.074278
vt 0.076137 0.084971
vt 0.055928 0.198052
vt 0.055928 0.073426
vt 0.075042 0.224379
vt 0.215922 0.224379
vt 0.215796 0.048287
vt 0.074916 0.048287
vt 0.055928 0.047945
vt 0.055928 0.046854
vt 0.055928 0.047945
vt 0.235035 0.046854
vt 0.235035 0.047945
vt 0.235035 0.047945
vt 0.055919 0.223953
vt 0.055928 0.223667
vt 0.055928 0.223667
vt 0.235035 0.223667
vt 0.058082 0.044859
vt 0.235035 0.223667
vt 0.235161 0.223681
vt 0.235035 0.223667
vt 0.233031 0.226344
vt 0.055928 0.223667
vt 0.056054 0.223677
vt 0.235198 0.047250
vt 0.055928 0.224142
vt 0.235035 0.047945
vt 0.234910 0.047923
vt 0.055928 0.047945
vt 0.235035 0.224142
vt 0.055803 0.047923
vt 0.076263 0.065978
vt 0.055928 0.059523
vt 0.055928 0.210633
vt 0.076263 0.204178
vt 0.070294 0.047945
vt 0.076718 0.083726
vt 0.214245 0.083726
vt 0.220669 0.047945
vt 0.076263 0.083726
vt 0.070006 0.047945
vt 0.220957 0.047945
vt 0.214701 0.083726
vt 0.220957 0.046854
vt 0.070006 0.046854
vt 0.214701 0.065978
vt 0.055982 0.082800
vt 0.055982 0.188678
vt 0.076718 0.187752
vt 0.055875 0.082800
vt 0.076263 0.187752
vt 0.055875 0.188678
vt 0.214245 0.083726
vt 0.220669 0.047945
vt 0.070294 0.047945
vt 0.076718 0.083726
vt 0.235035 0.059523
vt 0.214701 0.204178
vt 0.235035 0.210633
vt 0.235089 0.082800
vt 0.235089 0.188678
vt 0.214701 0.187752
vt 0.234982 0.082800
vt 0.214245 0.187752
vt 0.234982 0.188678
vt 0.070294 0.223667
vt 0.220669 0.223667
vt 0.214245 0.187752
vt 0.068733 0.224108
vt 0.075196 0.203850
vt 0.208305 0.205458
vt 0.214277 0.225866
vt 0.055800 0.204837
vt 0.057501 0.063967
vt 0.076868 0.065422
vt 0.075042 0.223439
vt 0.215922 0.223439
vt 0.070896 0.045014
vt 0.216440 0.046772
vt 0.209977 0.067029
vt 0.220669 0.223667
vt 0.076718 0.187752
vt 0.070294 0.223667
vt 0.235035 0.198052
vt 0.235035 0.073426
vt 0.234910 0.203662
vt 0.214575 0.192968
vt 0.214575 0.084971
vt 0.234910 0.074278
vt 0.215704 0.223487
vt 0.075887 0.223473
vt 0.076137 0.192968
vt 0.233453 0.206891
vt 0.235155 0.067084
vt 0.055803 0.203662
vt 0.055803 0.074278
vt 0.076137 0.084971
vt 0.055928 0.198052
vt 0.055928 0.073426
vt 0.075042 0.224379
vt 0.215922 0.224379
vt 0.215796 0.048287
vt 0.074916 0.048287
vt 0.055928 0.047945
vt 0.055928 0.046854
vt 0.055928 0.047945
vt 0.235035 0.046854
vt 0.235035 0.047945
vt 0.235035 0.047945
vt 0.055919 0.223953
vt 0.055928 0.223667
vt 0.055928 0.223667
vt 0.235035 0.223667
vt 0.058082 0.044859
vt 0.235035 0.223667
vt 0.235161 0.223681
vt 0.235035 0.223667
vt 0.233031 0.226344
vt 0.055928 0.223667
vt 0.056054 0.223677
vt 0.235198 0.047250
vt 0.055928 0.224142
vt 0.235035 0.047945
vt 0.234910 0.047923
vt 0.055928 0.047945
vt 0.235035 0.224142
vt 0.055803 0.047923
vt 0.076263 0.065978
vt 0.055928 0.059523
vt 0.055928 0.210633
vt 0.076263 0.204178
vt 0.070294 0.047945
vt 0.076718 0.083726
vt 0.214245 0.083726
vt 0.220669 0.047945
vt 0.076263 0.083726
vt 0.070006 0.047945
vt 0.220957 0.047945
vt 0.214701 0.083726
vt 0.220957 0.046854
vt 0.070006 0.046854
vt 0.214701 0.065978
vt 0.055982 0.082800
vt 0.055982 0.188678
vt 0.076718 0.187752
vt 0.055875 0.082800
vt 0.076263 0.187752
vt 0.055875 0.188678
vt 0.214245 0.083726
vt 0.220669 0.047945
vt 0.070294 0.047945
vt 0.076718 0.083726
vt 0.235035 0.059523
vt 0.214701 0.204178
vt 0.235035 0.210633
vt 0.235089 0.082800
vt 0.235089 0.188678
vt 0.214701 0.187752
vt 0.234982 0.082800
vt 0.214245 0.187752
vt 0.234982 0.188678
vt 0.070294 0.223667
vt 0.220669 0.223667
vt 0.214245 0.187752
vt 0.068733 0.224108
vt 0.075196 0.203850
vt 0.208305 0.205458
vt 0.214277 0.225866
vt 0.055800 0.204837
vt 0.057501 0.063967
vt 0.076868 0.065422
vt 0.075042 0.223439
vt 0.215922 0.223439
vt 0.070896 0.045014
vt 0.216440 0.046772
vt 0.209977 0.067029
vt 0.220669 0.223667
vt 0.076718 0.187752
vt 0.070294 0.223667
vt 0.235035 0.198052
vt 0.235035 0.073426
vt 0.234910 0.203662
vt 0.214575 0.192968
vt 0.214575 0.084971
vt 0.234910 0.074278
vt 0.215704 0.223487
vt 0.075887 0.223473
vt 0.076137 0.192968
vt 0.233453 0.206891
vt 0.235155 0.067084
vt 0.055803 0.203662
vt 0.055803 0.074278
vt 0.076137 0.084971
vt 0.055928 0.198052
vt 0.055928 0.073426
vt 0.075042 0.224379
vt 0.215922 0.224379
vt 0.215796 0.048287
vt 0.074916 0.048287
vt 0.055928 0.047945
vt 0.055928 0.046854
vt 0.055928 0.047945
vt 0.235035 0.046854
vt 0.235035 0.047945
vt 0.235035 0.047945
vt 0.055919 0.223953
vt 0.055928 0.223667
vt 0.055928 0.223667
vt 0.235035 0.223667
vt 0.058082 0.044859
vt 0.235035 0.223667
vt 0.235161 0.223681
vt 0.235035 0.223667
vt 0.233031 0.226344
vt 0.055928 0.223667
vt 0.056054 0.223677
vt 0.235198 0.047250
vt 0.055928 0.224142
vt 0.235035 0.047945
vt 0.234910 0.047923
vt 0.055928 0.047945
vt 0.235035 0.224142
vt 0.055803 0.047923
vn -0.408775 -0.909164 0.079523
vn -0.728211 -0.683564 0.049489
vn -0.728172 -0.683599 -0.049582
vn -0.408776 -0.909164 -0.079521
vn -0.983019 0.172615 0.062277
vn -0.928215 0.362317 0.084522
vn -0.928250 0.362334 -0.084063
vn -0.983041 0.172641 -0.061852
vn -0.063455 -0.029191 0.997558
vn -0.123205 -0.243682 0.961998
vn -0.069879 -0.268030 0.960873
vn 0.018076 -0.059668 0.998055
vn -0.263610 -0.821215 0.506078
vn -0.339350 -0.791238 0.508708
vn -0.294601 -0.952092 0.082044
vn -0.793742 0.316716 0.519293
vn -0.771861 0.366246 0.519705
vn -0.896453 0.435134 0.083843
vn -0.304943 0.099813 0.947126
vn -0.015077 0.070179 0.997420
vn -0.279450 0.155708 0.947451
vn 0.892756 -0.442888 0.082681
vn 0.775028 -0.628850 0.062278
vn 0.775062 -0.628851 -0.061853
vn 0.892791 -0.442902 -0.082232
vn -0.038400 -0.998036 0.049488
vn -0.294604 -0.952091 -0.082043
vn -0.038453 -0.998030 -0.049581
vn 0.274092 -0.162919 0.947803
vn 0.307811 -0.089000 0.947276
vn 0.056008 0.021354 0.998202
vn 0.769966 -0.371040 0.519116
vn 0.934019 -0.347331 0.083488
vn 0.798711 -0.305439 0.518429
vn -0.775027 0.628852 0.062277
vn -0.775061 0.628852 -0.061853
vn -0.896489 0.435149 -0.083390
vn 0.038400 0.998036 0.049488
vn 0.505134 0.859618 0.076786
vn 0.505132 0.859620 -0.076784
vn 0.038453 0.998030 -0.049581
vn 0.454080 0.733424 0.505867
vn 0.520499 0.692407 0.499653
vn 0.604115 0.792574 0.082894
vn 0.126968 0.241649 0.962021
vn 0.181549 0.216838 0.959177
vn 0.728214 0.683561 0.049489
vn 0.728174 0.683597 -0.049581
vn 0.604111 0.792577 -0.082892
vn 0.983018 -0.172617 0.062276
vn 0.934053 -0.347348 -0.083030
vn 0.983041 -0.172642 -0.061852
vn -0.773020 0.366763 -0.517615
vn -0.794907 0.317214 -0.517202
vn -0.278725 0.155396 -0.947715
vn -0.015066 0.070161 -0.997422
vn -0.063436 -0.029191 -0.997559
vn -0.304221 0.099494 -0.947392
vn 0.126944 0.241641 -0.962026
vn 0.181532 0.216830 -0.959183
vn 0.055998 0.021359 -0.998202
vn 0.454083 0.733465 -0.505804
vn 0.520495 0.692459 -0.499586
vn 0.307090 -0.088684 -0.947539
vn 0.273366 -0.162611 -0.948066
vn 0.018065 -0.059662 -0.998055
vn 0.799885 -0.305931 -0.516323
vn 0.771132 -0.371560 -0.517009
vn -0.339370 -0.791272 -0.508642
vn -0.263638 -0.821248 -0.506010
vn -0.123205 -0.243665 -0.962002
vn -0.069878 -0.268015 -0.960877
vn -0.852793 0.160749 0.496895
vn -0.634199 -0.620444 0.461347
vn -0.345375 -0.095859 0.933556
vn -0.052413 -0.885675 0.461339
vn 0.680661 -0.538324 0.496898
vn 0.154156 -0.323587 0.933556
vn 0.052413 0.885674 0.461339
vn -0.680662 0.538330 0.496891
vn -0.154153 0.323586 0.933557
vn 0.852797 -0.160753 0.496886
vn 0.634201 0.620442 0.461348
vn 0.345369 0.095858 0.933559
vn -0.153481 0.323294 -0.933769
vn -0.681796 0.538997 -0.494607
vn 0.052857 0.885886 -0.460881
vn 0.854047 -0.161165 -0.494600
vn 0.344706 0.096176 -0.933771
vn 0.634070 0.620917 -0.460889
vn -0.634070 -0.620916 -0.460889
vn -0.854043 0.161164 -0.494607
vn -0.344710 -0.096176 -0.933770
vn 0.681794 -0.538998 -0.494608
vn -0.052853 -0.885884 -0.460886
vn 0.153481 -0.323296 -0.933768
vn -0.737274 -0.672674 0.062744
vn -0.968244 -0.245854 0.045381
vn -0.968229 -0.245897 -0.045482
vn -0.737277 -0.672671 -0.062742
vn -0.768982 0.635289 0.071239
vn -0.670981 0.734060 0.104594
vn -0.671027 0.734101 -0.104016
vn -0.768993 0.635330 -0.070748
vn -0.082982 -0.007313 0.996524
vn -0.252727 -0.190023 0.948694
vn -0.219698 -0.261177 0.939957
vn -0.017968 -0.070571 0.997345
vn -0.596871 -0.683386 0.420391
vn -0.649413 -0.620139 0.440103
vn -0.647805 -0.758841 0.067151
vn -0.532296 0.601932 0.595263
vn -0.457785 0.644337 0.612587
vn -0.569928 0.815492 0.100775
vn -0.186784 0.191024 0.963650
vn 0.022062 0.076119 0.996855
vn -0.113830 0.226727 0.967284
vn 0.449276 -0.890558 0.071110
vn 0.279733 -0.958550 0.054146
vn 0.279763 -0.958561 -0.053781
vn 0.449292 -0.890582 -0.070714
vn -0.609026 -0.792339 0.035866
vn -0.647810 -0.758837 -0.067150
vn -0.609061 -0.792309 -0.035928
vn 0.142620 -0.349378 0.926064
vn 0.222800 -0.305892 0.925630
vn 0.083846 0.002808 0.996475
vn 0.409832 -0.792197 0.452174
vn 0.522613 -0.849564 0.071527
vn 0.460577 -0.764023 0.451816
vn -0.279043 0.956336 0.086932
vn -0.279080 0.956380 -0.086318
vn -0.569969 0.815529 -0.100240
vn 0.608401 0.791819 0.053584
vn 0.841553 0.534953 0.074927
vn 0.841553 0.534953 -0.074925
vn 0.608431 0.791786 -0.053725
vn 0.734416 0.460387 0.498675
vn 0.793641 0.378854 0.476028
vn 0.912295 0.402865 0.073612
vn 0.215354 0.178896 0.960010
vn 0.265907 0.127605 0.955516
vn 0.996462 0.076007 0.035868
vn 0.996456 0.076053 -0.035929
vn 0.912295 0.402865 -0.073610
vn 0.649102 -0.758772 0.054144
vn 0.522625 -0.849590 -0.071127
vn 0.649096 -0.758803 -0.053782
vn -0.458825 0.645627 -0.610447
vn -0.533346 0.603104 -0.593134
vn -0.113449 0.226196 -0.967453
vn 0.022068 0.076089 -0.996857
vn -0.082958 -0.007323 -0.996526
vn -0.186393 0.190476 -0.963834
vn 0.215318 0.178865 -0.960024
vn 0.265916 0.127599 -0.955514
vn 0.083838 0.002816 -0.996475
vn 0.734460 0.460418 -0.498583
vn 0.793675 0.378858 -0.475970
vn 0.222387 -0.305111 -0.925987
vn 0.142170 -0.348617 -0.926420
vn -0.017977 -0.070560 -0.997346
vn 0.461060 -0.764907 -0.449823
vn 0.410337 -0.793072 -0.450178
vn -0.649465 -0.620137 -0.440030
vn -0.596920 -0.683380 -0.420331
vn -0.252706 -0.189979 -0.948708
vn -0.219705 -0.261159 -0.939960
vn -0.643067 0.547017 0.535945
vn -0.862175 -0.235747 0.448417
vn -0.339538 0.070927 0.937914
vn -0.583855 -0.731720 0.351709
vn 0.265426 -0.863243 0.429372
vn -0.088240 -0.433890 0.896635
vn 0.530207 0.664483 0.526634
vn -0.231302 0.752250 0.616944
vn 0.057175 0.281141 0.957962
vn 0.577169 -0.694638 0.429364
vn 0.931950 0.088124 0.351716
vn 0.411420 -0.163640 0.896636
vn 0.057479 0.280667 -0.958082
vn -0.232013 0.753937 -0.614613
vn 0.530677 0.664496 -0.526143
vn 0.577656 -0.695547 -0.427233
vn 0.411137 -0.162874 -0.896905
vn 0.932063 0.088533 -0.351313
vn -0.862303 -0.236176 -0.447945
vn -0.644060 0.548125 -0.533616
vn -0.339172 0.070366 -0.938089
vn 0.265932 -0.864151 -0.427228
vn -0.584261 -0.731590 -0.351304
vn -0.088722 -0.433230 -0.896906
vn -0.086592 -0.995001 0.049749
vn -0.437039 -0.898853 0.032560
vn -0.436983 -0.898879 -0.032592
vn -0.086591 -0.995001 -0.049748
vn -0.977790 -0.206723 0.034533
vn -0.998621 -0.026688 0.045205
vn -0.998633 -0.026686 -0.044956
vn -0.977802 -0.206706 -0.034310
vn -0.081978 -0.083834 0.993102
vn -0.061016 -0.418833 0.906011
vn 0.047957 -0.420529 0.906011
vn 0.079331 -0.086344 0.993102
vn 0.032166 -0.939905 0.339918
vn -0.061390 -0.938449 0.339918
vn 0.055596 -0.997213 0.049749
vn -0.950517 -0.014735 0.310323
vn -0.949599 0.044299 0.310323
vn -0.997308 0.057742 0.045205
vn -0.528899 -0.049458 0.847243
vn -0.079331 0.086344 0.993102
vn -0.527104 0.065888 0.847243
vn 0.997308 -0.057742 0.045204
vn 0.970887 -0.237037 0.034532
vn 0.970899 -0.237020 -0.034310
vn 0.997319 -0.057739 -0.044956
vn 0.408863 -0.912015 0.032560
vn 0.055595 -0.997213 -0.049748
vn 0.408807 -0.912039 -0.032592
vn 0.527102 -0.065889 0.847244
vn 0.528897 0.049458 0.847244
vn 0.081978 0.083834 0.993102
vn 0.949599 -0.044299 0.310322
vn 0.998621 0.026688 0.045204
vn 0.950518 0.014736 0.310322
vn -0.970886 0.237039 0.034533
vn -0.970898 0.237021 -0.034310
vn -0.997319 0.057740 -0.044956
vn -0.408863 0.912015 0.032560
vn -0.055597 0.997213 0.049749
vn -0.055595 0.997213 -0.049748
vn -0.408807 0.912039 -0.032592
vn -0.032166 0.939905 0.339918
vn 0.061390 0.938449 0.339918
vn 0.086592 0.995001 0.049749
vn -0.047957 0.420529 0.906011
vn 0.061016 0.418833 0.906011
vn 0.437038 0.898854 0.032560
vn 0.436982 0.898879 -0.032592
vn 0.086591 0.995001 -0.049748
vn 0.977790 0.206722 0.034532
vn 0.998633 0.026685 -0.044956
vn 0.977802 0.206704 -0.034310
vn -0.950104 0.044291 -0.308774
vn -0.951022 -0.014712 -0.308774
vn -0.526052 0.065903 -0.847895
vn -0.079305 0.086336 -0.993105
vn -0.081952 -0.083827 -0.993105
vn -0.527847 -0.049506 -0.847895
vn -0.047950 0.420508 -0.906021
vn 0.061008 0.418813 -0.906021
vn 0.081952 0.083827 -0.993105
vn -0.032174 0.939923 -0.339869
vn 0.061399 0.938467 -0.339869
vn 0.527846 0.049506 -0.847896
vn 0.526050 -0.065903 -0.847896
vn 0.079305 -0.086336 -0.993105
vn 0.951022 0.014712 -0.308772
vn 0.950104 -0.044292 -0.308772
vn -0.061399 -0.938467 -0.339869
vn 0.032174 -0.939923 -0.339869
vn -0.061008 -0.418813 -0.906021
vn 0.047950 -0.420508 -0.906021
vn -0.936743 -0.187223 0.295738
vn -0.398080 -0.867580 0.298055
vn -0.457806 -0.326507 0.826926
vn 0.370898 -0.879544 0.298056
vn 0.930465 -0.216274 0.295736
vn 0.447425 -0.340591 0.826927
vn -0.370899 0.879543 0.298056
vn -0.930465 0.216274 0.295738
vn -0.447427 0.340592 0.826926
vn 0.936743 0.187223 0.295736
vn 0.398081 0.867580 0.298055
vn 0.457804 0.326508 0.826927
vn -0.446388 0.340724 -0.827433
vn -0.931000 0.216221 -0.294087
vn -0.370471 0.879835 -0.297728
vn 0.937276 0.187155 -0.294088
vn 0.456771 0.326673 -0.827433
vn 0.397663 0.867884 -0.297728
vn -0.397662 -0.867884 -0.297727
vn -0.937276 -0.187153 -0.294089
vn -0.456772 -0.326673 -0.827433
vn 0.931000 -0.216222 -0.294087
vn 0.370471 -0.879835 -0.297728
vn 0.446387 -0.340725 -0.827433
vn -0.097499 -0.994027 0.049043
vn -0.540675 -0.840633 0.031720
vn -0.540611 -0.840674 -0.031739
vn -0.097497 -0.994027 -0.049042
vn -0.986304 -0.163080 0.024683
vn -0.998995 -0.030737 0.032627
vn -0.999001 -0.030735 -0.032447
vn -0.986310 -0.163067 -0.024527
vn -0.111311 -0.085394 0.990110
vn -0.074226 -0.422575 0.903283
vn 0.074226 -0.422575 0.903283
vn 0.111311 -0.085394 0.990110
vn 0.061910 -0.939509 0.336884
vn -0.061910 -0.939509 0.336884
vn 0.097499 -0.994027 0.049043
vn -0.973279 -0.021599 0.228609
vn -0.973279 0.021599 0.228609
vn -0.998995 0.030737 0.032627
vn -0.653684 -0.053675 0.754861
vn -0.111311 0.085394 0.990110
vn -0.653684 0.053675 0.754861
vn 0.998995 -0.030737 0.032627
vn 0.986304 -0.163079 0.024683
vn 0.986310 -0.163065 -0.024527
vn 0.999001 -0.030735 -0.032447
vn 0.540674 -0.840634 0.031720
vn 0.097496 -0.994027 -0.049042
vn 0.540610 -0.840675 -0.031739
vn 0.653682 -0.053676 0.754864
vn 0.653682 0.053676 0.754863
vn 0.111311 0.085394 0.990110
vn 0.973279 -0.021599 0.228608
vn 0.998995 0.030737 0.032627
vn 0.973279 0.021599 0.228608
vn -0.986304 0.163080 0.024683
vn -0.986310 0.163067 -0.024527
vn -0.999001 0.030735 -0.032447
vn -0.540675 0.840633 0.031720
vn -0.097499 0.994027 0.049043
vn -0.097497 0.994027 -0.049042
vn -0.540611 0.840674 -0.031739
vn -0.061910 0.939508 0.336885
vn 0.061910 0.939508 0.336885
vn 0.097499 0.994027 0.049043
vn -0.074226 0.422575 0.903283
vn 0.074226 0.422576 0.903283
vn 0.540674 0.840634 0.031720
vn 0.540610 0.840675 -0.031739
vn 0.097496 0.994027 -0.049042
vn 0.986304 0.163079 0.024683
vn 0.999001 0.030735 -0.032447
vn 0.986310 0.163065 -0.024527
vn -0.973559 0.021584 -0.227413
vn -0.973559 -0.021585 -0.227413
vn -0.652649 0.053727 -0.755753
vn -0.111276 0.085386 -0.990115
vn -0.111276 -0.085386 -0.990115
vn -0.652649 -0.053727 -0.755753
vn -0.074218 0.422555 -0.903293
vn 0.074218 0.422555 -0.903293
vn 0.111276 0.085386 -0.990115
vn -0.061926 0.939524 -0.336837
vn 0.061925 0.939524 -0.336837
vn 0.652647 0.053727 -0.755755
vn 0.652647 -0.053727 -0.755755
vn 0.111276 -0.085386 -0.990115
vn 0.973560 0.021584 -0.227411
vn 0.973560 -0.021584 -0.227411
vn -0.061925 -0.939525 -0.336836
vn 0.061926 -0.939525 -0.336836
vn -0.074218 -0.422555 -0.903294
vn 0.074218 -0.422555 -0.903293
vn -0.963817 -0.151205 0.219530
vn -0.498053 -0.821507 0.277614
vn -0.576199 -0.308268 0.756944
vn 0.498052 -0.821508 0.277615
vn 0.963817 -0.151207 0.219530
vn 0.576196 -0.308271 0.756946
vn -0.498052 0.821507 0.277614
vn -0.963817 0.151205 0.219529
vn -0.576199 0.308268 0.756945
vn 0.963817 0.151208 0.219529
vn 0.498052 0.821506 0.277618
vn 0.576197 0.308271 0.756945
vn -0.575091 0.308519 -0.757685
vn -0.964121 0.151124 -0.218249
vn -0.497568 0.821891 -0.277345
vn 0.964121 0.151123 -0.218250
vn 0.575089 0.308520 -0.757686
vn 0.497567 0.821891 -0.277348
vn -0.497568 -0.821892 -0.277344
vn -0.964120 -0.151125 -0.218250
vn -0.575091 -0.308519 -0.757685
vn 0.964121 -0.151123 -0.218250
vn 0.497568 -0.821891 -0.277345
vn 0.575089 -0.308520 -0.757686
vn -0.110995 -0.992528 0.050686
vn -0.379720 -0.924577 0.031156
vn -0.379720 -0.924577 -0.031156
vn -0.110995 -0.992528 -0.050686
vn -0.924576 -0.379723 0.031156
vn -0.995989 -0.076338 0.046668
vn -0.995989 -0.076338 -0.046668
vn -0.924576 -0.379723 -0.031156
vn -0.023510 -0.077316 0.996729
vn 0.012168 -0.301191 0.953486
vn -0.000321 -0.304898 0.952385
vn -0.000058 -0.089597 0.995978
vn -0.057247 -0.885120 0.461829
vn -0.000168 -0.998822 0.048520
vn 0.000016 -0.881401 0.472368
vn -0.890075 -0.051075 0.452944
vn -0.890075 0.051075 0.452944
vn -0.995989 0.076338 0.046668
vn -0.309161 -0.041186 0.950118
vn -0.035628 0.029128 0.998941
vn -0.309161 0.041186 0.950118
vn 0.995989 -0.076337 0.046667
vn 0.924578 -0.379717 0.031156
vn 0.924578 -0.379717 -0.031156
vn 0.995989 -0.076337 -0.046667
vn 0.379718 -0.924578 0.031156
vn 0.079621 -0.995518 0.051038
vn 0.079621 -0.995518 -0.051038
vn 0.379718 -0.924578 -0.031156
vn 0.016892 -0.080198 0.996636
vn 0.309159 -0.041185 0.950118
vn 0.309159 0.041185 0.950118
vn 0.026054 0.029689 0.999220
vn 0.890078 -0.051075 0.452937
vn 0.995989 0.076337 0.046667
vn 0.890078 0.051075 0.452937
vn -0.924576 0.379723 0.031156
vn -0.924576 0.379723 -0.031156
vn -0.995989 0.076338 -0.046668
vn -0.379720 0.924577 0.031156
vn -0.148443 0.987807 0.046921
vn -0.148443 0.987807 -0.046921
vn -0.379720 0.924577 -0.031156
vn -0.118184 0.885349 0.449656
vn -0.000241 0.887849 0.460136
vn 0.000027 0.998794 0.049090
vn -0.065263 0.308572 0.948960
vn -0.000289 0.035862 0.999357
vn 0.000188 0.314281 0.949330
vn 0.106996 0.993105 0.047889
vn 0.379718 0.924578 0.031156
vn 0.379718 0.924578 -0.031156
vn 0.106996 0.993105 -0.047889
vn 0.924578 0.379717 0.031156
vn 0.995989 0.076337 -0.046667
vn 0.924578 0.379717 -0.031156
vn -0.890075 0.051075 -0.452944
vn -0.890075 -0.051075 -0.452944
vn -0.309161 0.041186 -0.950118
vn -0.035628 0.029128 -0.998941
vn -0.023510 -0.077316 -0.996729
vn -0.309161 -0.041186 -0.950118
vn -0.065263 0.308572 -0.948960
vn 0.000188 0.314281 -0.949330
vn -0.000289 0.035862 -0.999357
vn -0.118184 0.885349 -0.449656
vn 0.000027 0.998794 -0.049090
vn -0.000241 0.887849 -0.460136
vn 0.026054 0.029689 -0.999220
vn 0.309159 0.041185 -0.950118
vn 0.309159 -0.041185 -0.950118
vn 0.016892 -0.080198 -0.996636
vn 0.890078 0.051075 -0.452937
vn 0.890078 -0.051075 -0.452937
vn -0.057247 -0.885120 -0.461829
vn 0.000016 -0.881401 -0.472368
vn -0.000168 -0.998822 -0.048519
vn 0.012168 -0.301191 -0.953486
vn -0.000058 -0.089597 -0.995978
vn -0.000321 -0.304898 -0.952385
vn -0.862493 -0.315957 0.395320
vn -0.315957 -0.862494 0.395318
vn -0.270513 -0.270511 0.923930
vn 0.040043 -0.884320 0.465161
vn 0.315956 -0.862493 0.395319
vn 0.862494 -0.315953 0.395319
vn -0.008208 -0.302263 0.953189
vn 0.270512 -0.270512 0.923930
vn -0.315957 0.862494 0.395318
vn -0.862492 0.315958 0.395320
vn -0.270513 0.270511 0.923930
vn 0.862495 0.315953 0.395319
vn 0.083820 0.887359 0.453397
vn 0.315956 0.862493 0.395319
vn 0.046440 0.310337 0.949492
vn 0.270511 0.270512 0.923930
vn -0.270513 0.270511 -0.923930
vn -0.862492 0.315957 -0.395320
vn -0.315957 0.862494 -0.395318
vn 0.862495 0.315953 -0.395318
vn 0.046440 0.310337 -0.949492
vn 0.270512 0.270512 -0.923930
vn 0.083820 0.887359 -0.453397
vn 0.315956 0.862493 -0.395319
vn -0.315957 -0.862493 -0.395318
vn -0.862492 -0.315958 -0.395320
vn -0.270513 -0.270511 -0.923930
vn 0.862495 -0.315953 -0.395319
vn 0.040043 -0.884320 -0.465161
vn 0.315956 -0.862493 -0.395319
vn -0.008208 -0.302263 -0.953189
vn 0.270512 -0.270512 -0.923930
vn -0.140497 -0.989215 0.041407
vn -0.430790 -0.902043 0.027196
vn -0.430743 -0.902064 -0.027225
vn -0.140496 -0.989215 -0.041406
vn -0.981299 -0.189129 0.035820
vn -0.998456 0.031018 0.046076
vn -0.998468 0.031022 -0.045823
vn -0.981311 -0.189108 -0.035587
vn -0.086875 -0.095448 0.991636
vn -0.093720 -0.480782 0.871817
vn 0.012917 -0.489661 0.871817
vn 0.069893 -0.108501 0.991636
vn -0.041639 -0.956975 0.287168
vn -0.117200 -0.950683 0.287168
vn -0.025035 -0.998829 0.041407
vn -0.947692 0.043305 0.316236
vn -0.941804 0.114022 0.316236
vn -0.989837 0.134534 0.046076
vn -0.523681 -0.026615 0.851499
vn -0.069893 0.108501 0.991636
vn -0.512068 0.112855 0.851499
vn 0.989837 -0.134534 0.046075
vn 0.936509 -0.348809 0.035820
vn 0.936525 -0.348790 -0.035587
vn 0.989849 -0.134532 -0.045823
vn 0.275676 -0.960866 0.027195
vn -0.025037 -0.998829 -0.041406
vn 0.275626 -0.960879 -0.027225
vn 0.512065 -0.112854 0.851501
vn 0.523678 0.026615 0.851501
vn 0.086875 0.095448 0.991636
vn 0.941805 -0.114022 0.316233
vn 0.998456 -0.031019 0.046075
vn 0.947693 -0.043305 0.316233
vn -0.936507 0.348815 0.035820
vn -0.936523 0.348795 -0.035587
vn -0.989849 0.134532 -0.045823
vn -0.275677 0.960866 0.027196
vn 0.025035 0.998829 0.041407
vn 0.025036 0.998829 -0.041407
vn -0.275627 0.960879 -0.027225
vn 0.041639 0.956974 0.287170
vn 0.117200 0.950683 0.287171
vn 0.140497 0.989215 0.041408
vn -0.012917 0.489663 0.871816
vn 0.093721 0.480783 0.871816
vn 0.430790 0.902042 0.027196
vn 0.430743 0.902064 -0.027225
vn 0.140496 0.989215 -0.041407
vn 0.981299 0.189127 0.035820
vn 0.998468 -0.031023 -0.045823
vn 0.981312 0.189104 -0.035587
vn -0.942328 0.114046 -0.314662
vn -0.948213 0.043367 -0.314662
vn -0.511021 0.112801 -0.852135
vn -0.069870 0.108490 -0.991639
vn -0.086850 -0.095441 -0.991639
vn -0.522640 -0.026735 -0.852135
vn -0.012906 0.489640 -0.871829
vn 0.093705 0.480763 -0.871829
vn 0.086850 0.095441 -0.991639
vn 0.041631 0.956987 -0.287128
vn 0.117210 0.950694 -0.287128
vn 0.522638 0.026734 -0.852135
vn 0.511020 -0.112801 -0.852135
vn 0.069870 -0.108490 -0.991639
vn 0.948213 -0.043368 -0.314662
vn 0.942328 -0.114046 -0.314661
vn -0.117210 -0.950695 -0.287125
vn -0.041631 -0.956988 -0.287125
vn -0.093705 -0.480762 -0.871830
vn 0.012906 -0.489639 -0.871830
vn -0.939528 -0.168170 0.298339
vn -0.399493 -0.879875 0.257345
vn -0.465391 -0.356801 0.810003
vn 0.248477 -0.933828 0.257342
vn 0.898779 -0.321232 0.298339
vn 0.399972 -0.428854 0.810004
vn -0.248477 0.933827 0.257344
vn -0.898778 0.321234 0.298340
vn -0.399974 0.428855 0.810002
vn 0.939528 0.168170 0.298339
vn 0.399493 0.879874 0.257345
vn 0.465390 0.356803 0.810002
vn -0.398952 0.428932 -0.810465
vn -0.899334 0.321212 -0.296685
vn -0.248071 0.934019 -0.257039
vn 0.940072 0.168054 -0.296685
vn 0.464394 0.357046 -0.810467
vn 0.399125 0.880131 -0.257038
vn -0.399127 -0.880130 -0.257039
vn -0.940072 -0.168062 -0.296683
vn -0.464397 -0.357046 -0.810465
vn 0.899334 -0.321212 -0.296684
vn 0.248071 -0.934020 -0.257038
vn 0.398951 -0.428930 -0.810467
vn -0.048363 -0.996818 0.063367
vn -0.302387 -0.952430 0.037939
vn -0.302346 -0.952440 -0.038018
vn -0.048362 -0.996818 -0.063365
vn -0.946129 -0.317214 0.064925
vn -0.994592 -0.061596 0.083627
vn -0.994630 -0.061595 -0.083173
vn -0.946165 -0.317197 -0.064482
vn -0.043654 -0.067592 0.996758
vn -0.030028 -0.342214 0.939142
vn 0.030028 -0.342214 0.939142
vn 0.043654 -0.067592 0.996758
vn 0.033031 -0.908038 0.417583
vn -0.033031 -0.908038 0.417583
vn 0.048363 -0.996818 0.063367
vn -0.852470 -0.041948 0.521091
vn -0.852470 0.041948 0.521091
vn -0.994592 0.061596 0.083627
vn -0.315984 -0.047180 0.947591
vn -0.043654 0.067592 0.996758
vn -0.315984 0.047180 0.947591
vn 0.994592 -0.061595 0.083627
vn 0.946131 -0.317208 0.064925
vn 0.946167 -0.317191 -0.064482
vn 0.994630 -0.061594 -0.083173
vn 0.302386 -0.952430 0.037939
vn 0.048362 -0.996818 -0.063365
vn 0.302345 -0.952440 -0.038018
vn 0.315982 -0.047180 0.947591
vn 0.315982 0.047180 0.947591
vn 0.043654 0.067592 0.996758
vn 0.852471 -0.041948 0.521089
vn 0.994592 0.061595 0.083627
vn 0.852471 0.041948 0.521089
vn -0.946129 0.317215 0.064925
vn -0.946165 0.317197 -0.064482
vn -0.994630 0.061595 -0.083173
vn -0.302388 0.952430 0.037939
vn -0.048364 0.996818 0.063367
vn -0.048362 0.996818 -0.063366
vn -0.302347 0.952439 -0.038018
vn -0.033031 0.908037 0.417585
vn 0.033030 0.908037 0.417586
vn 0.048364 0.996818 0.063367
vn -0.030028 0.342214 0.939142
vn 0.030028 0.342214 0.939142
vn 0.302387 0.952430 0.037939
vn 0.302346 0.952440 -0.038018
vn 0.048362 0.996818 -0.063366
vn 0.946131 0.317209 0.064925
vn 0.994630 0.061594 -0.083173
vn 0.946167 0.317191 -0.064482
vn -0.853750 0.041961 -0.518989
vn -0.853751 -0.041961 -0.518989
vn -0.315199 0.047184 -0.947852
vn -0.043639 0.067586 -0.996759
vn -0.043639 -0.067586 -0.996759
vn -0.315199 -0.047184 -0.947852
vn -0.030025 0.342197 -0.939149
vn 0.030025 0.342197 -0.939149
vn 0.043639 0.067586 -0.996759
vn -0.033030 0.908065 -0.417525
vn 0.033030 0.908065 -0.417525
vn 0.315197 0.047184 -0.947852
vn 0.315198 -0.047184 -0.947853
vn 0.043639 -0.067586 -0.996759
vn 0.853753 0.041961 -0.518986
vn 0.853752 -0.041961 -0.518986
vn -0.033030 -0.908066 -0.417522
vn 0.033030 -0.908066 -0.417522
vn -0.030025 -0.342196 -0.939149
vn 0.030025 -0.342196 -0.939149
vn -0.829609 -0.264005 0.491987
vn -0.264443 -0.884751 0.383779
vn -0.268449 -0.291323 0.918186
vn 0.264441 -0.884751 0.383778
vn 0.829610 -0.264000 0.491987
vn 0.268447 -0.291323 0.918187
vn -0.264443 0.884752 0.383775
vn -0.829609 0.264005 0.491987
vn -0.268448 0.291322 0.918187
vn 0.829610 0.264001 0.491986
vn 0.264441 0.884752 0.383777
vn 0.268447 0.291322 0.918187
vn -0.267729 0.291340 -0.918391
vn -0.830894 0.264178 -0.489720
vn -0.264144 0.885029 -0.383342
vn 0.830895 0.264176 -0.489720
vn 0.267727 0.291340 -0.918392
vn 0.264143 0.885028 -0.383345
vn -0.264144 -0.885029 -0.383343
vn -0.830893 -0.264179 -0.489721
vn -0.267729 -0.291340 -0.918391
vn 0.830894 -0.264176 -0.489720
vn 0.264143 -0.885029 -0.383345
vn 0.267728 -0.291340 -0.918391
vn 0.000866 -0.996543 0.083073
vn -0.509101 -0.859095 0.052650
vn -0.509029 -0.859135 -0.052692
vn 0.000869 -0.996543 -0.083072
vn -0.967286 -0.251499 0.033264
vn -0.988905 -0.140821 0.047288
vn -0.988918 -0.140820 -0.047028
vn -0.967296 -0.251490 -0.033050
vn -0.071752 -0.059071 0.995672
vn -0.017511 -0.266862 0.963576
vn 0.078125 -0.255770 0.963576
vn 0.083367 -0.041081 0.995672
vn 0.173955 -0.834857 0.522258
vn 0.021743 -0.852510 0.522258
vn 0.227243 -0.970288 0.083073
vn -0.937919 -0.127866 0.322426
vn -0.942288 -0.090197 0.322426
vn -0.994886 -0.089255 0.047288
vn -0.505291 -0.092823 0.857942
vn -0.083367 0.041081 0.995672
vn -0.513123 -0.025291 0.857942
vn 0.994886 0.089256 0.047288
vn 0.999172 -0.023431 0.033264
vn 0.999179 -0.023419 -0.033050
vn 0.994898 0.089259 -0.047028
vn 0.692213 -0.719770 0.052649
vn 0.227241 -0.970289 -0.083072
vn 0.692152 -0.719826 -0.052692
vn 0.513122 0.025291 0.857943
vn 0.505290 0.092822 0.857943
vn 0.071752 0.059071 0.995672
vn 0.942288 0.090198 0.322425
vn 0.988905 0.140820 0.047288
vn 0.937919 0.127865 0.322425
vn -0.999172 0.023435 0.033264
vn -0.999179 0.023424 -0.033050
vn -0.994898 -0.089259 -0.047028
vn -0.692218 0.719766 0.052650
vn -0.227243 0.970288 0.083073
vn -0.227241 0.970289 -0.083071
vn -0.692157 0.719821 -0.052692
vn -0.173955 0.834858 0.522256
vn -0.021743 0.852512 0.522256
vn -0.000866 0.996543 0.083073
vn -0.078125 0.255770 0.963576
vn 0.017511 0.266862 0.963576
vn 0.509100 0.859096 0.052650
vn 0.509028 0.859136 -0.052692
vn -0.000869 0.996543 -0.083071
vn 0.967286 0.251497 0.033264
vn 0.988918 0.140820 -0.047028
vn 0.967296 0.251488 -0.033050
vn -0.942826 -0.090268 -0.320828
vn -0.938459 -0.127920 -0.320828
vn -0.512088 -0.025152 -0.858565
vn -0.083341 0.041079 -0.995674
vn -0.071726 -0.059064 -0.995674
vn -0.504251 -0.092722 -0.858565
vn -0.078138 0.255754 -0.963579
vn 0.017527 0.266849 -0.963579
vn 0.071726 0.059064 -0.995674
vn -0.173952 0.834902 -0.522187
vn -0.021757 0.852553 -0.522187
vn 0.504250 0.092722 -0.858566
vn 0.512086 0.025151 -0.858566
vn 0.083341 -0.041079 -0.995674
vn 0.938460 0.127920 -0.320826
vn 0.942827 0.090268 -0.320826
vn 0.021757 -0.852552 -0.522189
vn 0.173951 -0.834901 -0.522188
vn -0.017527 -0.266849 -0.963579
vn 0.078138 -0.255754 -0.963579
vn -0.921394 -0.232610 0.311330
vn -0.439047 -0.790837 0.426397
vn -0.427949 -0.256596 0.866613
vn 0.608397 -0.669360 0.426393
vn 0.950175 -0.015549 0.311330
vn 0.475318 -0.151836 0.866613
vn -0.608399 0.669357 0.426394
vn -0.950175 0.015550 0.311329
vn -0.475319 0.151836 0.866613
vn 0.921394 0.232609 0.311330
vn 0.439044 0.790839 0.426397
vn 0.427950 0.256597 0.866612
vn -0.474292 0.152046 -0.867139
vn -0.950740 0.015448 -0.309604
vn -0.608047 0.669888 -0.426062
vn 0.921967 0.232641 -0.309605
vn 0.426902 0.256566 -0.867138
vn 0.438581 0.791275 -0.426064
vn -0.438584 -0.791273 -0.426065
vn -0.921967 -0.232643 -0.309604
vn -0.426904 -0.256566 -0.867137
vn 0.950740 -0.015447 -0.309604
vn 0.608044 -0.669892 -0.426061
vn 0.474291 -0.152048 -0.867139
vn -0.000928 -0.995453 0.095252
vn -0.277659 -0.959167 0.053898
vn -0.277615 -0.959171 -0.054038
vn -0.000927 -0.995453 -0.095249
vn -0.935773 -0.341563 0.087546
vn -0.987487 -0.107447 0.115431
vn -0.987559 -0.107452 -0.114808
vn -0.935832 -0.341559 -0.086927
vn -0.029298 -0.046443 0.998491
vn -0.009517 -0.234941 0.971963
vn 0.033743 -0.232700 0.971963
vn 0.033940 -0.043167 0.998491
vn 0.076709 -0.817522 0.570766
vn 0.008179 -0.821073 0.570765
vn 0.103788 -0.990028 0.095252
vn -0.759397 -0.075316 0.646254
vn -0.763114 -0.003559 0.646254
vn -0.993304 0.004831 0.115431
vn -0.231724 -0.043571 0.971805
vn -0.033940 0.043167 0.998491
vn -0.234985 0.019392 0.971806
vn 0.993304 -0.004829 0.115430
vn 0.966060 -0.243031 0.087546
vn 0.966118 -0.243021 -0.086928
vn 0.993376 -0.004827 -0.114807
vn 0.375286 -0.925341 0.053898
vn 0.103787 -0.990028 -0.095250
vn 0.375243 -0.925350 -0.054039
vn 0.234985 -0.019393 0.971806
vn 0.231723 0.043571 0.971806
vn 0.029298 0.046443 0.998491
vn 0.763116 0.003560 0.646251
vn 0.987487 0.107446 0.115430
vn 0.759399 0.075316 0.646251
vn -0.966059 0.243035 0.087546
vn -0.966117 0.243025 -0.086927
vn -0.993376 0.004828 -0.114808
vn -0.375285 0.925341 0.053899
vn -0.103788 0.990028 0.095251
vn -0.103787 0.990028 -0.095248
vn -0.375242 0.925350 -0.054040
vn -0.076709 0.817526 0.570760
vn -0.008180 0.821077 0.570759
vn 0.000928 0.995453 0.095250
vn -0.033743 0.232700 0.971963
vn 0.009517 0.234942 0.971963
vn 0.277655 0.959168 0.053898
vn 0.277611 0.959173 -0.054038
vn 0.000927 0.995453 -0.095248
vn 0.935775 0.341557 0.087546
vn 0.987559 0.107451 -0.114807
vn 0.935834 0.341553 -0.086928
vn -0.764879 -0.003608 -0.644164
vn -0.761157 -0.075450 -0.644165
vn -0.234377 0.019425 -0.971952
vn -0.033929 0.043164 -0.998492
vn -0.029287 -0.046439 -0.998492
vn -0.231115 -0.043540 -0.971952
vn -0.033743 0.232687 -0.971966
vn 0.009518 0.234928 -0.971966
vn 0.029287 0.046439 -0.998492
vn -0.076707 0.817576 -0.570689
vn -0.008187 0.821126 -0.570688
vn 0.231114 0.043540 -0.971952
vn 0.234376 -0.019424 -0.971952
vn 0.033929 -0.043164 -0.998492
vn 0.761158 0.075450 -0.644163
vn 0.764880 0.003609 -0.644163
vn 0.008187 -0.821123 -0.570693
vn 0.076707 -0.817573 -0.570694
vn -0.009518 -0.234928 -0.971966
vn 0.033743 -0.232687 -0.971966
vn -0.740989 -0.258431 0.619797
vn -0.220914 -0.819053 0.529480
vn -0.191346 -0.211127 0.958547
vn 0.304364 -0.791836 0.529488
vn 0.763728 -0.180477 0.619797
vn 0.212138 -0.190225 0.958547
vn -0.304364 0.791836 0.529489
vn -0.763729 0.180479 0.619795
vn -0.212137 0.190223 0.958547
vn 0.740992 0.258430 0.619795
vn 0.220908 0.819053 0.529483
vn 0.191346 0.211129 0.958546
vn -0.211578 0.190246 -0.958666
vn -0.765555 0.180718 -0.617468
vn -0.304139 0.792255 -0.528991
vn 0.742781 0.258858 -0.617470
vn 0.190784 0.211089 -0.958667
vn 0.220643 0.819449 -0.528981
vn -0.220647 -0.819447 -0.528981
vn -0.742781 -0.258861 -0.617469
vn -0.190785 -0.211088 -0.958667
vn 0.765553 -0.180718 -0.617471
vn 0.304140 -0.792257 -0.528988
vn 0.211577 -0.190245 -0.958667
vn -0.015716 -0.997726 0.065543
vn -0.357234 -0.933084 0.041698
vn -0.357179 -0.933102 -0.041757
vn -0.015715 -0.997726 -0.065541
vn -0.957954 -0.283026 0.047123
vn -0.993415 -0.095891 0.062706
vn -0.993437 -0.095890 -0.062362
vn -0.957974 -0.283011 -0.046812
vn -0.055118 -0.067864 0.996171
vn -0.022143 -0.332428 0.942869
vn 0.056376 -0.328361 0.942869
vn 0.061835 -0.061805 0.996171
vn 0.092022 -0.897790 0.430703
vn 0.001244 -0.902493 0.430704
vn 0.118732 -0.990761 0.065543
vn -0.907106 -0.078269 0.413562
vn -0.910337 -0.015885 0.413562
vn -0.998006 -0.007277 0.062706
vn -0.405663 -0.066382 0.911609
vn -0.061835 0.061805 0.996171
vn -0.410351 0.024108 0.911609
vn 0.998006 0.007278 0.062705
vn 0.982072 -0.182520 0.047123
vn 0.982090 -0.182503 -0.046812
vn 0.998027 0.007281 -0.062362
vn 0.451740 -0.891175 0.041698
vn 0.118730 -0.990761 -0.065541
vn 0.451688 -0.891199 -0.041756
vn 0.410351 -0.024107 0.911609
vn 0.405662 0.066382 0.911609
vn 0.055118 0.067864 0.996171
vn 0.910339 0.015885 0.413559
vn 0.993415 0.095890 0.062705
vn 0.907107 0.078269 0.413559
vn -0.982072 0.182519 0.047123
vn -0.982090 0.182503 -0.046812
vn -0.998027 -0.007280 -0.062362
vn -0.451741 0.891174 0.041698
vn -0.118732 0.990761 0.065543
vn -0.118730 0.990761 -0.065541
vn -0.451688 0.891198 -0.041757
vn -0.092021 0.897789 0.430705
vn -0.001244 0.902492 0.430705
vn 0.015716 0.997726 0.065543
vn -0.056376 0.328358 0.942869
vn 0.022143 0.332426 0.942869
vn 0.357232 0.933084 0.041698
vn 0.357177 0.933103 -0.041756
vn 0.015715 0.997726 -0.065541
vn 0.957956 0.283020 0.047123
vn 0.993437 0.095889 -0.062362
vn 0.957975 0.283005 -0.046811
vn -0.911196 -0.015934 -0.411664
vn -0.907965 -0.078309 -0.411664
vn -0.409413 0.024169 -0.912029
vn -0.061815 0.061801 -0.996172
vn -0.055098 -0.067858 -0.996172
vn -0.404723 -0.066345 -0.912029
vn -0.056374 0.328341 -0.942876
vn 0.022144 0.332408 -0.942876
vn 0.055098 0.067857 -0.996172
vn -0.092023 0.897818 -0.430644
vn -0.001246 0.902521 -0.430643
vn 0.404722 0.066346 -0.912030
vn 0.409412 -0.024168 -0.912029
vn 0.061815 -0.061801 -0.996172
vn 0.907966 0.078309 -0.411661
vn 0.911197 0.015934 -0.411662
vn 0.001246 -0.902521 -0.430643
vn 0.092023 -0.897819 -0.430643
vn -0.022144 -0.332411 -0.942875
vn 0.056375 -0.328343 -0.942875
vn -0.884033 -0.250036 0.394928
vn -0.311344 -0.869265 0.383984
vn -0.337433 -0.291206 0.895175
vn 0.399502 -0.832441 0.383980
vn 0.905139 -0.157343 0.394927
vn 0.365722 -0.254780 0.895173
vn -0.399502 0.832439 0.383984
vn -0.905138 0.157344 0.394927
vn -0.365719 0.254779 0.895174
vn 0.884035 0.250034 0.394925
vn 0.311342 0.869267 0.383981
vn 0.337433 0.291206 0.895175
vn -0.364835 0.254884 -0.895505
vn -0.906027 0.157324 -0.392892
vn -0.399147 0.832793 -0.383584
vn 0.884923 0.250104 -0.392886
vn 0.336539 0.291215 -0.895508
vn 0.310954 0.869583 -0.383579
vn -0.310954 -0.869581 -0.383583
vn -0.884921 -0.250103 -0.392890
vn -0.336541 -0.291216 -0.895507
vn 0.906028 -0.157320 -0.392891
vn 0.399149 -0.832796 -0.383576
vn 0.364834 -0.254883 -0.895506
vn -0.621875 -0.777710 0.091859
vn -0.861585 -0.504420 0.056849
vn -0.861550 -0.504468 -0.056950
vn -0.621874 -0.777711 -0.091856
vn -0.927019 0.370069 0.060701
vn -0.802763 0.590595 0.082270
vn -0.802791 0.590619 -0.081829
vn -0.927036 0.370095 -0.060287
vn -0.066306 -0.006266 0.997780
vn -0.160999 -0.182205 0.969990
vn -0.113029 -0.215277 0.969990
vn 0.009914 -0.062340 0.998006
vn -0.431726 -0.708560 0.558171
vn -0.508679 -0.655509 0.558170
vn -0.505676 -0.857819 0.091859
vn -0.682744 0.514016 0.519276
vn -0.651176 0.555099 0.517528
vn -0.755078 0.650067 0.085261
vn -0.266550 0.173909 0.948002
vn -0.006534 0.063818 0.997940
vn -0.232613 0.223315 0.946584
vn 0.795882 -0.599650 0.083613
vn 0.675587 -0.734778 0.060700
vn 0.675616 -0.734784 -0.060287
vn 0.795914 -0.599671 -0.083157
vn -0.165003 -0.984653 0.056850
vn -0.505678 -0.857819 -0.091857
vn -0.165060 -0.984638 -0.056952
vn 0.242946 -0.207274 0.947636
vn 0.280129 -0.153340 0.947636
vn 0.059977 0.005268 0.998186
vn 0.686871 -0.508615 0.519152
vn 0.843510 -0.530565 0.083613
vn 0.719655 -0.461060 0.519153
vn -0.675582 0.734782 0.060701
vn -0.675612 0.734788 -0.060287
vn -0.755111 0.650091 -0.084791
vn 0.164997 0.984654 0.056850
vn 0.583227 0.807451 0.088708
vn 0.583227 0.807451 -0.088706
vn 0.165055 0.984639 -0.056950
vn 0.500339 0.661799 0.558286
vn 0.577921 0.599917 0.553269
vn 0.698157 0.709852 0.093198
vn 0.130058 0.203009 0.970501
vn 0.182559 0.166946 0.968917
vn 0.861584 0.504421 0.056849
vn 0.861549 0.504470 -0.056950
vn 0.698155 0.709855 -0.093195
vn 0.927017 -0.370075 0.060701
vn 0.843541 -0.530588 -0.083157
vn 0.927033 -0.370101 -0.060286
vn -0.652156 0.555897 -0.515433
vn -0.683743 0.514802 -0.517179
vn -0.231996 0.222823 -0.946852
vn -0.006524 0.063804 -0.997941
vn -0.066287 -0.006273 -0.997781
vn -0.265936 0.173410 -0.948265
vn 0.130039 0.203003 -0.970505
vn 0.182547 0.166938 -0.968921
vn 0.059963 0.005276 -0.998187
vn 0.500365 0.661842 -0.558211
vn 0.577936 0.599974 -0.553192
vn 0.279482 -0.152888 -0.947901
vn 0.242294 -0.206830 -0.947900
vn 0.009904 -0.062329 -0.998007
vn 0.720712 -0.461773 -0.517050
vn 0.687913 -0.509347 -0.517051
vn -0.508701 -0.655553 -0.558098
vn -0.431759 -0.708596 -0.558100
vn -0.160995 -0.182192 -0.969993
vn -0.113018 -0.215268 -0.969993
vn -0.801002 0.330164 0.499387
vn -0.735876 -0.453412 0.502896
vn -0.342804 -0.010637 0.939347
vn -0.162042 -0.849018 0.502902
vn 0.593471 -0.631197 0.499382
vn 0.111982 -0.324171 0.939347
vn 0.162036 0.849018 0.502904
vn -0.593464 0.631201 0.499385
vn -0.111983 0.324173 0.939346
vn 0.801001 -0.330165 0.499388
vn 0.735873 0.453412 0.502899
vn 0.342804 0.010638 0.939347
vn -0.111367 0.323760 -0.939562
vn -0.594483 0.632050 -0.497095
vn 0.162537 0.849195 -0.502443
vn 0.802164 -0.330814 -0.497086
vn 0.342202 0.011067 -0.939561
vn 0.735858 0.453942 -0.502444
vn -0.735861 -0.453940 -0.502441
vn -0.802161 0.330809 -0.497095
vn -0.342203 -0.011067 -0.939561
vn 0.594482 -0.632051 -0.497094
vn -0.162538 -0.849188 -0.502456
vn 0.111367 -0.323766 -0.939560
vn -0.109783 -0.991973 0.062744
vn -0.565027 -0.823824 0.045381
vn -0.564987 -0.823846 -0.045482
vn -0.109787 -0.991973 -0.062742
vn -0.996996 -0.030394 0.071239
vn -0.988580 0.108486 0.104593
vn -0.988641 0.108487 -0.104015
vn -0.997032 -0.030369 -0.070748
vn -0.057506 -0.060270 0.996524
vn -0.064407 -0.309570 0.948693
vn 0.007374 -0.341217 0.939956
vn 0.033088 -0.064871 0.997345
vn 0.002756 -0.907339 0.420392
vn -0.078462 -0.894512 0.440104
vn 0.014304 -0.997640 0.067151
vn -0.797188 0.100782 0.595259
vn -0.769209 0.181821 0.612584
vn -0.966426 0.236360 0.100774
vn -0.266404 0.020195 0.963650
vn -0.033674 0.071742 0.996855
vn -0.235171 0.095172 0.967283
vn 0.925348 -0.372391 0.071110
vn 0.842876 -0.535377 0.054145
vn 0.842906 -0.535366 -0.053782
vn 0.925375 -0.372398 -0.070715
vn 0.065551 -0.997204 0.035868
vn 0.014298 -0.997640 -0.067150
vn 0.065504 -0.997205 -0.035929
vn 0.337759 -0.168298 0.926064
vn 0.369282 -0.082705 0.925630
vn 0.061129 0.057457 0.996475
vn 0.830791 -0.324542 0.452172
vn 0.953375 -0.293189 0.071527
vn 0.850310 -0.269881 0.451816
vn -0.840891 0.534178 0.086932
vn -0.840949 0.534186 -0.086318
vn -0.966481 0.236361 -0.100239
vn -0.065677 0.996401 0.053585
vn 0.279024 0.957357 0.074927
vn 0.279024 0.957357 -0.074925
vn -0.065633 0.996396 -0.053725
vn 0.247767 0.830622 0.498676
vn 0.346077 0.808473 0.476028
vn 0.419356 0.904833 0.073612
vn 0.043678 0.276540 0.960009
vn 0.115511 0.271382 0.955515
vn 0.698339 0.714868 0.035868
vn 0.698304 0.714899 -0.035929
vn 0.419356 0.904833 -0.073610
vn 0.988457 -0.141495 0.054145
vn 0.953402 -0.293201 -0.071128
vn 0.988473 -0.141523 -0.053782
vn -0.770842 0.182103 -0.610443
vn -0.798750 0.100970 -0.593131
vn -0.234533 0.095024 -0.967453
vn -0.033650 0.071722 -0.996857
vn -0.057482 -0.060262 -0.996526
vn -0.265748 0.020040 -0.963834
vn 0.043670 0.276492 -0.960024
vn 0.115521 0.271383 -0.955514
vn 0.061118 0.057457 -0.996475
vn 0.247780 0.830675 -0.498582
vn 0.346099 0.808497 -0.475970
vn 0.368461 -0.082393 -0.925985
vn 0.336922 -0.168025 -0.926418
vn 0.033074 -0.064869 -0.997346
vn 0.851254 -0.270228 -0.449826
vn 0.831744 -0.324866 -0.450181
vn -0.078502 -0.894545 -0.440030
vn 0.002715 -0.907366 -0.420332
vn -0.064419 -0.309524 -0.948707
vn 0.007357 -0.341209 -0.939959
vn -0.844146 -0.013591 0.535941
vn -0.492023 -0.746213 0.448420
vn -0.301868 -0.170852 0.937915
vn 0.044438 -0.935050 0.351720
vn 0.769218 -0.473231 0.429367
vn 0.220132 -0.384178 0.896632
vn -0.040359 0.849130 0.526640
vn -0.670313 0.412388 0.616942
vn -0.142635 0.248928 0.957961
vn 0.892086 -0.140797 0.429371
vn 0.641882 0.681381 0.351721
vn 0.417074 0.148661 0.896632
vn -0.142093 0.248771 -0.958083
vn -0.671963 0.413184 -0.614610
vn -0.040011 0.849455 -0.526142
vn 0.893050 -0.141166 -0.427239
vn 0.416349 0.149046 -0.896905
vn 0.641698 0.681765 -0.351313
vn -0.491834 -0.746620 -0.447950
vn -0.845621 -0.013407 -0.533615
vn -0.301227 -0.171034 -0.938088
vn 0.770190 -0.473579 -0.427236
vn 0.044048 -0.935221 -0.351314
vn 0.219332 -0.384000 -0.896904
vn -0.877696 -0.475011 0.063360
vn -0.997781 -0.049976 0.044006
vn -0.997774 -0.050015 -0.044116
vn -0.877698 -0.475008 -0.063358
vn -0.627793 0.774299 0.079602
vn -0.500729 0.857838 0.115693
vn -0.500773 0.857898 -0.115056
vn -0.627800 0.774351 -0.079047
vn -0.079966 0.008308 0.996763
vn -0.289854 -0.126327 0.948697
vn -0.276534 -0.196283 0.940746
vn -0.035842 -0.060682 0.997513
vn -0.748346 -0.511200 0.422675
vn -0.780496 -0.442898 0.441211
vn -0.817977 -0.571292 0.067370
vn -0.378567 0.675368 0.632903
vn -0.290296 0.701419 0.650953
vn -0.372741 0.921365 0.110228
vn -0.130185 0.206243 0.969802
vn 0.040558 0.064774 0.997075
vn -0.051645 0.225161 0.972952
vn 0.223980 -0.971421 0.078569
vn 0.025697 -0.997853 0.060242
vn 0.025725 -0.997877 -0.059834
vn 0.223991 -0.971454 -0.078134
vn -0.791425 -0.610258 0.035101
vn -0.817981 -0.571287 -0.067369
vn -0.791449 -0.610223 -0.035169
vn 0.048820 -0.343377 0.937928
vn 0.137526 -0.318251 0.937978
vn 0.081432 -0.012505 0.996600
vn 0.205016 -0.848013 0.488715
vn 0.313230 -0.946407 0.078742
vn 0.265764 -0.830930 0.488799
vn -0.025585 0.994909 0.097471
vn -0.025614 0.994977 -0.096777
vn -0.372777 0.921420 -0.109647
vn 0.790745 0.609968 0.051586
vn 0.940344 0.331791 0.075289
vn 0.940344 0.331791 -0.075287
vn 0.790762 0.609933 -0.051737
vn 0.819000 0.283784 0.498703
vn 0.855881 0.200473 0.476736
vn 0.976851 0.200921 0.073439
vn 0.251202 0.122797 0.960114
vn 0.286938 0.066536 0.955636
vn 0.993241 -0.110531 0.035440
vn 0.993243 -0.110488 -0.035508
vn 0.976851 0.200921 -0.073438
vn 0.471734 -0.879681 0.060243
vn 0.313237 -0.946441 -0.078305
vn 0.471720 -0.879716 -0.059839
vn -0.291082 0.703035 -0.648855
vn -0.379411 0.676856 -0.630803
vn -0.051412 0.224606 -0.973092
vn 0.040555 0.064746 -0.997077
vn -0.079946 0.008295 -0.996765
vn -0.129945 0.205671 -0.969956
vn 0.251158 0.122775 -0.960128
vn 0.286943 0.066529 -0.955635
vn 0.081425 -0.012497 -0.996601
vn 0.819050 0.283805 -0.498610
vn 0.855914 0.200471 -0.476680
vn 0.137321 -0.317448 -0.938280
vn 0.048579 -0.342584 -0.938231
vn -0.035848 -0.060670 -0.997514
vn 0.266070 -0.832038 -0.486744
vn 0.205336 -0.849117 -0.486660
vn -0.780543 -0.442886 -0.441139
vn -0.748389 -0.511184 -0.422616
vn -0.289821 -0.126292 -0.948712
vn -0.276536 -0.196264 -0.940749
vn -0.506840 0.645431 0.571430
vn -0.890223 -0.059661 0.451601
vn -0.308149 0.124520 0.943154
vn -0.749966 -0.558492 0.354455
vn 0.036626 -0.885923 0.462385
vn -0.196514 -0.377691 0.904838
vn 0.680119 0.506479 0.530016
vn -0.031316 0.757591 0.651978
vn 0.126658 0.243431 0.961613
vn 0.405987 -0.786708 0.465043
vn 0.929599 -0.087315 0.358080
vn 0.355866 -0.222563 0.907648
vn 0.126826 0.242944 -0.961714
vn -0.031592 0.759542 -0.649691
vn 0.680570 0.506401 -0.529513
vn 0.406308 -0.787842 -0.462837
vn 0.355765 -0.221803 -0.907874
vn 0.929793 -0.086958 -0.357665
vn -0.890441 -0.060023 -0.451124
vn -0.507678 0.646840 -0.569087
vn -0.307934 0.123945 -0.943300
vn 0.036894 -0.887059 -0.460180
vn -0.750310 -0.558292 -0.354042
vn -0.196807 -0.376991 -0.905066
vn -0.968045 -0.230003 0.099938
vn -0.989208 0.129465 0.068610
vn -0.989203 0.129412 -0.068774
vn -0.968045 -0.230004 -0.099935
vn -0.514966 0.853048 0.084377
vn -0.101366 0.990472 0.093219
vn -0.101358 0.990518 -0.092740
vn -0.514977 0.853101 -0.083770
vn -0.048726 0.043138 0.997880
vn -0.217999 -0.026615 0.975586
vn -0.215953 -0.076494 0.973403
vn -0.033210 -0.052535 0.998067
vn -0.767676 -0.270988 0.580723
vn -0.776828 -0.187385 0.601187
vn -0.931354 -0.348961 0.103953
vn -0.071419 0.798037 0.598362
vn 0.007924 0.818564 0.574361
vn 0.023261 0.994753 0.099631
vn -0.057178 0.251044 0.966285
vn 0.041893 0.049269 0.997907
vn 0.008608 0.280311 0.959871
vn 0.180207 -0.980317 0.080643
vn -0.131769 -0.989348 0.061867
vn -0.131752 -0.989377 -0.061444
vn 0.180216 -0.980351 -0.080213
vn -0.869141 -0.491884 0.051422
vn -0.931356 -0.348956 -0.103951
vn -0.869164 -0.491834 -0.051518
vn 0.035868 -0.315468 0.948258
vn 0.106961 -0.307522 0.945510
vn 0.045057 -0.033441 0.998425
vn 0.167696 -0.838690 0.518148
vn 0.267334 -0.959810 0.085429
vn 0.226504 -0.826847 0.514802
vn 0.131775 0.989347 0.061866
vn 0.131758 0.989376 -0.061444
vn 0.023269 0.994807 -0.099083
vn 0.869140 0.491886 0.051423
vn 0.992385 0.092523 0.081313
vn 0.992385 0.092524 -0.081311
vn 0.869162 0.491836 -0.051519
vn 0.850738 0.061684 0.521958
vn 0.854917 -0.029852 0.517906
vn 0.995373 -0.045155 0.084817
vn 0.260742 0.038143 0.964655
vn 0.268060 -0.025854 0.963055
vn 0.957159 -0.284959 0.051422
vn 0.957170 -0.284905 -0.051518
vn 0.995373 -0.045151 -0.084815
vn 0.349777 -0.934788 0.061867
vn 0.267342 -0.959850 -0.084952
vn 0.349767 -0.934820 -0.061445
vn 0.007964 0.820049 -0.572238
vn -0.071482 0.799634 -0.596218
vn 0.008663 0.279611 -0.960074
vn 0.041889 0.049250 -0.997908
vn -0.048712 0.043113 -0.997882
vn -0.057107 0.250374 -0.966464
vn 0.260724 0.038151 -0.964659
vn 0.268045 -0.025848 -0.963060
vn 0.045056 -0.033429 -0.998425
vn 0.850782 0.061695 -0.521886
vn 0.854963 -0.029829 -0.517830
vn 0.106781 -0.306751 -0.945781
vn 0.035680 -0.314694 -0.948523
vn -0.033210 -0.052519 -0.998068
vn 0.226805 -0.828070 -0.512698
vn 0.167975 -0.839933 -0.516040
vn -0.776895 -0.187414 -0.601090
vn -0.767734 -0.270973 -0.580654
vn -0.217971 -0.026609 -0.975592
vn -0.215953 -0.076490 -0.973403
vn -0.395102 0.672449 0.625865
vn -0.794843 0.087188 0.600519
vn -0.216136 0.149268 0.964886
vn -0.775881 -0.417661 0.472830
vn -0.104098 -0.861115 0.497639
vn -0.190304 -0.298327 0.935300
vn 0.775880 0.417661 0.472832
vn 0.104099 0.861117 0.497635
vn 0.190304 0.298327 0.935300
vn 0.294116 -0.815995 0.497643
vn 0.849658 -0.233482 0.472828
vn 0.252225 -0.248187 0.935300
vn 0.190401 0.297598 -0.935512
vn 0.104086 0.862438 -0.495345
vn 0.776302 0.417390 -0.472378
vn 0.294400 -0.817287 -0.495349
vn 0.252156 -0.247454 -0.935513
vn 0.850009 -0.233124 -0.472374
vn -0.795237 0.086839 -0.600047
vn -0.395916 0.674130 -0.623538
vn -0.215964 0.148735 -0.965006
vn -0.104087 -0.862438 -0.495345
vn -0.776304 -0.417391 -0.472374
vn -0.190399 -0.297596 -0.935513
vn -0.171760 -0.981630 0.083074
vn -0.650211 -0.757927 0.052650
vn -0.650147 -0.757979 -0.052692
vn -0.171758 -0.981631 -0.083072
vn -0.996227 -0.080153 0.033264
vn -0.998349 0.032598 0.047288
vn -0.998362 0.032600 -0.047028
vn -0.996235 -0.080142 -0.033050
vn -0.080899 -0.045750 0.995672
vn -0.063471 -0.259795 0.963576
vn 0.032642 -0.265436 0.963576
vn 0.074992 -0.054900 0.995672
vn 0.026718 -0.852369 0.522258
vn -0.126250 -0.843391 0.522258
vn 0.055743 -0.994983 0.083074
vn -0.945890 0.036526 0.322427
vn -0.943668 0.074380 0.322426
vn -0.995308 0.084420 0.047288
vn -0.513733 -0.003898 0.857942
vn -0.074992 0.054900 0.995672
vn -0.509749 0.063970 0.857942
vn 0.995308 -0.084419 0.047288
vn 0.980011 -0.196145 0.033264
vn 0.980020 -0.196136 -0.033050
vn 0.995320 -0.084418 -0.047028
vn 0.557079 -0.828789 0.052650
vn 0.055740 -0.994983 -0.083072
vn 0.557009 -0.828833 -0.052693
vn 0.509747 -0.063970 0.857943
vn 0.513730 0.003897 0.857943
vn 0.080899 0.045750 0.995672
vn 0.943668 -0.074381 0.322424
vn 0.998349 -0.032598 0.047288
vn 0.945890 -0.036526 0.322425
vn -0.980010 0.196148 0.033264
vn -0.980019 0.196138 -0.033050
vn -0.995320 0.084419 -0.047028
vn -0.557082 0.828787 0.052650
vn -0.055743 0.994983 0.083072
vn -0.055740 0.994984 -0.083071
vn -0.557012 0.828831 -0.052693
vn -0.026718 0.852372 0.522252
vn 0.126251 0.843394 0.522252
vn 0.171760 0.981630 0.083072
vn -0.032642 0.265436 0.963576
vn 0.063470 0.259795 0.963576
vn 0.650211 0.757927 0.052650
vn 0.650147 0.757980 -0.052692
vn 0.171757 0.981631 -0.083070
vn 0.996228 0.080150 0.033264
vn 0.998361 -0.032601 -0.047028
vn 0.996236 0.080140 -0.033050
vn -0.944210 0.074405 -0.320828
vn -0.946431 0.036565 -0.320828
vn -0.508704 0.063928 -0.858565
vn -0.074965 0.054894 -0.995674
vn -0.080873 -0.045747 -0.995674
vn -0.512690 -0.003978 -0.858564
vn -0.032657 0.265423 -0.963579
vn 0.063484 0.259780 -0.963579
vn 0.080873 0.045747 -0.995674
vn -0.026707 0.852415 -0.522184
vn 0.126244 0.843438 -0.522183
vn 0.512688 0.003978 -0.858566
vn 0.508703 -0.063928 -0.858566
vn 0.074965 -0.054894 -0.995674
vn 0.946432 -0.036565 -0.320826
vn 0.944211 -0.074406 -0.320826
vn -0.126245 -0.843433 -0.522191
vn 0.026707 -0.852410 -0.522191
vn -0.063484 -0.259780 -0.963579
vn 0.032657 -0.265423 -0.963579
vn -0.947757 -0.069494 0.311331
vn -0.569393 -0.702836 0.426396
vn -0.465928 -0.178592 0.866612
vn 0.483258 -0.764623 0.426396
vn 0.933120 -0.179895 0.311329
vn 0.441834 -0.231872 0.866613
vn -0.483261 0.764620 0.426399
vn -0.933120 0.179894 0.311329
vn -0.441836 0.231874 0.866612
vn 0.947757 0.069497 0.311330
vn 0.569392 0.702836 0.426396
vn 0.465927 0.178592 0.866612
vn -0.440788 0.231902 -0.867137
vn -0.933693 0.179897 -0.309605
vn -0.482823 0.765081 -0.426067
vn 0.948327 0.069432 -0.309604
vn 0.464889 0.178745 -0.867138
vn 0.569009 0.703350 -0.426061
vn -0.569013 -0.703343 -0.426066
vn -0.948327 -0.069430 -0.309605
vn -0.464892 -0.178743 -0.867137
vn 0.933693 -0.179898 -0.309604
vn 0.482821 -0.765082 -0.426068
vn 0.440787 -0.231902 -0.867138
s 1
g stone16
usemtl lambert1SG
f 2/1/1 1/25/2 37/54/3 42/21/4
s 2
f 1/26/5 6/22/6 38/8/7 37/53/8
s 3
f 4/2/9 3/27/10 11/34/11 10/16/12
s 1
f 11/33/13 3/28/14 2/1/1 12/3/15
s 2
f 6/22/6 5/29/16 15/83/17 14/23/18
s 3
f 5/88/19 4/2/9 16/5/20 15/37/21
s 4
f 8/4/22 7/30/23 43/59/24 48/12/25
s 1
f 7/31/26 12/3/15 44/13/27 43/58/28
s 3
f 10/16/12 9/32/29 23/82/30 22/6/31
s 4
f 9/85/32 8/4/22 24/7/33 23/42/34
s 2
f 14/23/18 13/35/35 27/46/36 26/24/37
s 5
f 13/36/38 18/17/39 28/9/40 27/45/41
f 18/17/39 17/38/42 21/41/43 20/18/44
s 3
f 17/96/45 16/5/20 22/6/31 21/90/46
s 5
f 20/18/44 19/39/47 35/52/48 34/10/49
s 4
f 19/40/50 24/7/33 36/11/51 35/51/52
s 2
f 26/24/37 25/43/53 39/56/54 38/8/7
s 6
f 25/44/55 30/19/56 40/14/57 39/55/58
f 30/19/56 29/47/59 33/50/60 32/20/61
s 5
f 29/80/62 28/9/40 34/10/49 33/77/63
s 6
f 32/20/61 31/48/64 47/62/65 46/15/66
s 4
f 31/49/67 36/11/51 48/12/25 47/61/68
s 1
f 42/21/4 41/57/69 45/60/70 44/13/27
s 6
f 41/93/71 40/14/57 46/15/66 45/89/72
s 3
f 16/5/20 4/2/9 10/16/12 22/6/31
s 5
f 28/9/40 18/17/39 20/18/44 34/10/49
s 6
f 40/14/57 30/19/56 32/20/61 46/15/66
s 1
f 2/1/1 42/21/4 44/13/27 12/3/15
s 4
f 8/4/22 48/12/25 36/11/51 24/7/33
s 2
f 38/8/7 6/22/6 14/23/18 26/24/37
f 5/29/16 6/22/6 1/26/5 49/64/73
s 1
f 1/25/2 2/1/1 3/28/14 49/63/74
s 3
f 3/27/10 4/2/9 5/88/19 49/87/75
s 1
f 11/33/13 12/3/15 7/31/26 50/66/76
s 4
f 7/30/23 8/4/22 9/85/32 50/65/77
s 3
f 9/32/29 10/16/12 11/34/11 50/86/78
s 5
f 17/38/42 18/17/39 13/36/38 51/84/79
s 2
f 13/35/35 14/23/18 15/83/17 51/67/80
s 3
f 15/37/21 16/5/20 17/96/45 51/95/81
s 4
f 23/42/34 24/7/33 19/40/50 52/81/82
s 5
f 19/39/47 20/18/44 21/41/43 52/68/83
s 3
f 21/90/46 22/6/31 23/82/30 52/94/84
s 6
f 29/47/59 30/19/56 25/44/55 53/70/85
s 2
f 25/43/53 26/24/37 27/46/36 53/69/86
s 5
f 27/45/41 28/9/40 29/80/62 53/79/87
s 4
f 35/51/52 36/11/51 31/49/67 54/72/88
s 6
f 31/48/64 32/20/61 33/50/60 54/71/89
s 5
f 33/77/63 34/10/49 35/52/48 54/78/90
s 1
f 41/57/69 42/21/4 37/54/3 55/74/91
s 2
f 37/53/8 38/8/7 39/56/54 55/73/92
s 6
f 39/55/58 40/14/57 41/93/71 55/92/93
s 4
f 47/61/68 48/12/25 43/59/24 56/76/94
s 1
f 43/58/28 44/13/27 45/60/70 56/75/95
s 6
f 45/89/72 46/15/66 47/62/65 56/91/96
s 7
f 58/97/97 57/98/98 93/99/99 98/100/100
s 8
f 57/101/101 62/102/102 94/103/103 93/104/104
s 9
f 60/105/105 59/106/106 67/107/107 66/108/108
s 7
f 67/109/109 59/110/110 58/97/97 68/111/111
s 8
f 62/102/102 61/112/112 71/113/113 70/114/114
s 9
f 61/115/115 60/105/105 72/116/116 71/117/117
s 10
f 64/118/118 63/119/119 99/120/120 104/121/121
s 7
f 63/122/122 68/111/111 100/123/123 99/124/124
s 9
f 66/108/108 65/125/125 79/126/126 78/127/127
s 10
f 65/128/128 64/118/118 80/129/129 79/130/130
s 8
f 70/114/114 69/131/131 83/132/132 82/133/133
s 11
f 69/134/134 74/135/135 84/136/136 83/137/137
f 74/135/135 73/138/138 77/139/139 76/140/140
s 9
f 73/141/141 72/116/116 78/127/127 77/142/142
s 11
f 76/140/140 75/143/143 91/144/144 90/145/145
s 10
f 75/146/146 80/129/129 92/147/147 91/148/148
s 8
f 82/133/133 81/149/149 95/150/150 94/103/103
s 12
f 81/151/151 86/152/152 96/153/153 95/154/154
f 86/152/152 85/155/155 89/156/156 88/157/157
s 11
f 85/158/158 84/136/136 90/145/145 89/159/159
s 12
f 88/157/157 87/160/160 103/161/161 102/162/162
s 10
f 87/163/163 92/147/147 104/121/121 103/164/164
s 7
f 98/100/100 97/165/165 101/166/166 100/123/123
s 12
f 97/167/167 96/153/153 102/162/162 101/168/168
s 9
f 72/116/116 60/105/105 66/108/108 78/127/127
s 11
f 84/136/136 74/135/135 76/140/140 90/145/145
s 12
f 96/153/153 86/152/152 88/157/157 102/162/162
s 7
f 58/97/97 98/100/100 100/123/123 68/111/111
s 10
f 64/118/118 104/121/121 92/147/147 80/129/129
s 8
f 94/103/103 62/102/102 70/114/114 82/133/133
f 61/112/112 62/102/102 57/101/101 105/169/169
s 7
f 57/98/98 58/97/97 59/110/110 105/170/170
s 9
f 59/106/106 60/105/105 61/115/115 105/171/171
s 7
f 67/109/109 68/111/111 63/122/122 106/172/172
s 10
f 63/119/119 64/118/118 65/128/128 106/173/173
s 9
f 65/125/125 66/108/108 67/107/107 106/174/174
s 11
f 73/138/138 74/135/135 69/134/134 107/175/175
s 8
f 69/131/131 70/114/114 71/113/113 107/176/176
s 9
f 71/117/117 72/116/116 73/141/141 107/177/177
s 10
f 79/130/130 80/129/129 75/146/146 108/178/178
s 11
f 75/143/143 76/140/140 77/139/139 108/179/179
s 9
f 77/142/142 78/127/127 79/126/126 108/180/180
s 12
f 85/155/155 86/152/152 81/151/151 109/181/181
s 8
f 81/149/149 82/133/133 83/132/132 109/182/182
s 11
f 83/137/137 84/136/136 85/158/158 109/183/183
s 10
f 91/148/148 92/147/147 87/163/163 110/184/184
s 12
f 87/160/160 88/157/157 89/156/156 110/185/185
s 11
f 89/159/159 90/145/145 91/144/144 110/186/186
s 7
f 97/165/165 98/100/100 93/99/99 111/187/187
s 8
f 93/104/104 94/103/103 95/150/150 111/188/188
s 12
f 95/154/154 96/153/153 97/167/167 111/189/189
s 10
f 103/164/164 104/121/121 99/120/120 112/190/190
s 7
f 99/124/124 100/123/123 101/166/166 112/191/191
s 12
f 101/168/168 102/162/162 103/161/161 112/192/192
s 13
f 114/193/193 113/194/194 149/195/195 154/196/196
s 14
f 113/197/197 118/198/198 150/199/199 149/200/200
s 15
f 116/201/201 115/202/202 123/203/203 122/204/204
s 13
f 123/205/205 115/206/206 114/193/193 124/207/207
s 14
f 118/198/198 117/208/208 127/209/209 126/210/210
s 15
f 117/211/211 116/201/201 128/212/212 127/213/213
s 16
f 120/214/214 119/215/215 155/216/216 160/217/217
s 13
f 119/218/218 124/207/207 156/219/219 155/220/220
s 15
f 122/204/204 121/221/221 135/222/222 134/223/223
s 16
f 121/224/224 120/214/214 136/225/225 135/226/226
s 14
f 126/210/210 125/227/227 139/228/228 138/229/229
s 17
f 125/230/230 130/231/231 140/232/232 139/233/233
f 130/231/231 129/234/234 133/235/235 132/236/236
s 15
f 129/237/237 128/212/212 134/223/223 133/238/238
s 17
f 132/236/236 131/239/239 147/240/240 146/241/241
s 16
f 131/242/242 136/225/225 148/243/243 147/244/244
s 14
f 138/229/229 137/245/245 151/246/246 150/199/199
s 18
f 137/247/247 142/248/248 152/249/249 151/250/250
f 142/248/248 141/251/251 145/252/252 144/253/253
s 17
f 141/254/254 140/232/232 146/241/241 145/255/255
s 18
f 144/253/253 143/256/256 159/257/257 158/258/258
s 16
f 143/259/259 148/243/243 160/217/217 159/260/260
s 13
f 154/196/196 153/261/261 157/262/262 156/219/219
s 18
f 153/263/263 152/249/249 158/258/258 157/264/264
s 15
f 128/212/212 116/201/201 122/204/204 134/223/223
s 17
f 140/232/232 130/231/231 132/236/236 146/241/241
s 18
f 152/249/249 142/248/248 144/253/253 158/258/258
s 13
f 114/193/193 154/196/196 156/219/219 124/207/207
s 16
f 120/214/214 160/217/217 148/243/243 136/225/225
s 14
f 150/199/199 118/198/198 126/210/210 138/229/229
f 117/208/208 118/198/198 113/197/197 161/265/265
s 13
f 113/194/194 114/193/193 115/206/206 161/266/266
s 15
f 115/202/202 116/201/201 117/211/211 161/267/267
s 13
f 123/205/205 124/207/207 119/218/218 162/268/268
s 16
f 119/215/215 120/214/214 121/224/224 162/269/269
s 15
f 121/221/221 122/204/204 123/203/203 162/270/270
s 17
f 129/234/234 130/231/231 125/230/230 163/271/271
s 14
f 125/227/227 126/210/210 127/209/209 163/272/272
s 15
f 127/213/213 128/212/212 129/237/237 163/273/273
s 16
f 135/226/226 136/225/225 131/242/242 164/274/274
s 17
f 131/239/239 132/236/236 133/235/235 164/275/275
s 15
f 133/238/238 134/223/223 135/222/222 164/276/276
s 18
f 141/251/251 142/248/248 137/247/247 165/277/277
s 14
f 137/245/245 138/229/229 139/228/228 165/278/278
s 17
f 139/233/233 140/232/232 141/254/254 165/279/279
s 16
f 147/244/244 148/243/243 143/259/259 166/280/280
s 18
f 143/256/256 144/253/253 145/252/252 166/281/281
s 17
f 145/255/255 146/241/241 147/240/240 166/282/282
s 13
f 153/261/261 154/196/196 149/195/195 167/283/283
s 14
f 149/200/200 150/199/199 151/246/246 167/284/284
s 18
f 151/250/250 152/249/249 153/263/263 167/285/285
s 16
f 159/260/260 160/217/217 155/216/216 168/286/286
s 13
f 155/220/220 156/219/219 157/262/262 168/287/287
s 18
f 157/264/264 158/258/258 159/257/257 168/288/288
s 19
f 170/289/289 169/290/290 205/291/291 210/292/292
s 20
f 169/293/293 174/294/294 206/295/295 205/296/296
s 21
f 172/297/297 171/298/298 179/299/299 178/300/300
s 19
f 179/301/301 171/302/302 170/289/289 180/303/303
s 20
f 174/294/294 173/304/304 183/305/305 182/306/306
s 21
f 173/307/307 172/297/297 184/308/308 183/309/309
s 22
f 176/310/310 175/311/311 211/312/312 216/313/313
s 19
f 175/314/314 180/303/303 212/315/315 211/316/316
s 21
f 178/300/300 177/317/317 191/318/318 190/319/319
s 22
f 177/320/320 176/310/310 192/321/321 191/322/322
s 20
f 182/306/306 181/323/323 195/324/324 194/325/325
s 23
f 181/326/326 186/327/327 196/328/328 195/329/329
f 186/327/327 185/330/330 189/331/331 188/332/332
s 21
f 185/333/333 184/308/308 190/319/319 189/334/334
s 23
f 188/332/332 187/335/335 203/336/336 202/337/337
s 22
f 187/338/338 192/321/321 204/339/339 203/340/340
s 20
f 194/325/325 193/341/341 207/342/342 206/295/295
s 24
f 193/343/343 198/344/344 208/345/345 207/346/346
f 198/344/344 197/347/347 201/348/348 200/349/349
s 23
f 197/350/350 196/328/328 202/337/337 201/351/351
s 24
f 200/349/349 199/352/352 215/353/353 214/354/354
s 22
f 199/355/355 204/339/339 216/313/313 215/356/356
s 19
f 210/292/292 209/357/357 213/358/358 212/315/315
s 24
f 209/359/359 208/345/345 214/354/354 213/360/360
s 21
f 184/308/308 172/297/297 178/300/300 190/319/319
s 23
f 196/328/328 186/327/327 188/332/332 202/337/337
s 24
f 208/345/345 198/344/344 200/349/349 214/354/354
s 19
f 170/289/289 210/292/292 212/315/315 180/303/303
s 22
f 176/310/310 216/313/313 204/339/339 192/321/321
s 20
f 206/295/295 174/294/294 182/306/306 194/325/325
f 173/304/304 174/294/294 169/293/293 217/361/361
s 19
f 169/290/290 170/289/289 171/302/302 217/362/362
s 21
f 171/298/298 172/297/297 173/307/307 217/363/363
s 19
f 179/301/301 180/303/303 175/314/314 218/364/364
s 22
f 175/311/311 176/310/310 177/320/320 218/365/365
s 21
f 177/317/317 178/300/300 179/299/299 218/366/366
s 23
f 185/330/330 186/327/327 181/326/326 219/367/367
s 20
f 181/323/323 182/306/306 183/305/305 219/368/368
s 21
f 183/309/309 184/308/308 185/333/333 219/369/369
s 22
f 191/322/322 192/321/321 187/338/338 220/370/370
s 23
f 187/335/335 188/332/332 189/331/331 220/371/371
s 21
f 189/334/334 190/319/319 191/318/318 220/372/372
s 24
f 197/347/347 198/344/344 193/343/343 221/373/373
s 20
f 193/341/341 194/325/325 195/324/324 221/374/374
s 23
f 195/329/329 196/328/328 197/350/350 221/375/375
s 22
f 203/340/340 204/339/339 199/355/355 222/376/376
s 24
f 199/352/352 200/349/349 201/348/348 222/377/377
s 23
f 201/351/351 202/337/337 203/336/336 222/378/378
s 19
f 209/357/357 210/292/292 205/291/291 223/379/379
s 20
f 205/296/296 206/295/295 207/342/342 223/380/380
s 24
f 207/346/346 208/345/345 209/359/359 223/381/381
s 22
f 215/356/356 216/313/313 211/312/312 224/382/382
s 19
f 211/316/316 212/315/315 213/358/358 224/383/383
s 24
f 213/360/360 214/354/354 215/353/353 224/384/384
s 25
f 226/385/385 225/386/386 261/387/387 266/388/388
s 26
f 225/389/389 230/390/390 262/391/391 261/392/392
s 27
f 228/393/393 227/394/394 281/395/395 282/396/396
s 25
f 227/397/397 226/385/385 292/398/398 281/399/399
s 26
f 230/390/390 229/400/400 239/401/401 238/402/402
s 27
f 229/403/403 228/393/393 240/404/404 239/405/405
s 28
f 232/406/406 231/407/407 267/408/408 272/409/409
s 25
f 231/410/410 236/411/411 268/412/412 267/413/413
s 27
f 234/414/414 233/415/415 247/416/416 246/417/417
s 28
f 233/418/418 232/406/406 248/419/419 247/420/420
s 26
f 238/402/402 237/421/421 251/422/422 250/423/423
s 31
f 237/424/424 242/425/425 252/426/426 251/427/427
f 242/425/425 241/428/428 284/429/429 285/430/430
s 27
f 241/431/431 240/404/404 283/432/432 284/433/433
s 31
f 244/434/434 243/435/435 259/436/436 258/437/437
s 28
f 243/438/438 248/419/419 260/439/439 259/440/440
s 26
f 250/423/423 249/441/441 263/442/442 262/391/391
s 33
f 249/443/443 254/444/444 264/445/445 263/446/446
f 254/444/444 253/447/447 287/448/448 288/449/449
s 31
f 253/450/450 252/426/426 286/451/451 287/452/452
s 33
f 256/453/453 255/454/454 271/455/455 270/456/456
s 28
f 255/457/457 260/439/439 272/409/409 271/458/458
s 25
f 266/388/388 265/459/459 290/460/460 291/461/461
s 33
f 265/462/462 264/445/445 289/463/463 290/464/464
s 27
f 228/393/393 282/396/396 283/432/432 240/404/404
s 31
f 242/425/425 285/430/430 286/451/451 252/426/426
s 33
f 254/444/444 288/449/449 289/463/463 264/445/445
s 25
f 266/388/388 291/461/461 292/398/398 226/385/385
s 28
f 232/406/406 272/409/409 260/439/439 248/419/419
s 26
f 262/391/391 230/390/390 238/402/402 250/423/423
f 229/400/400 230/390/390 225/389/389 273/465/465
s 25
f 225/386/386 226/385/385 227/397/397 273/466/466
s 27
f 227/394/394 228/393/393 229/403/403 273/467/467
s 25
f 235/468/468 236/411/411 231/410/410 274/469/469
s 28
f 231/407/407 232/406/406 233/418/418 274/470/470
s 27
f 233/415/415 234/414/414 235/471/471 274/472/472
s 31
f 241/428/428 242/425/425 237/424/424 275/473/473
s 26
f 237/421/421 238/402/402 239/401/401 275/474/474
s 27
f 239/405/405 240/404/404 241/431/431 275/475/475
s 28
f 247/420/420 248/419/419 243/438/438 276/476/476
s 31
f 243/435/435 244/434/434 245/477/477 276/478/478
s 27
f 245/479/479 246/417/417 247/416/416 276/480/480
s 33
f 253/447/447 254/444/444 249/443/443 277/481/481
s 26
f 249/441/441 250/423/423 251/422/422 277/482/482
s 31
f 251/427/427 252/426/426 253/450/450 277/483/483
s 28
f 259/440/440 260/439/439 255/457/457 278/484/484
s 33
f 255/454/454 256/453/453 257/485/485 278/486/486
s 31
f 257/487/487 258/437/437 259/436/436 278/488/488
s 25
f 265/459/459 266/388/388 261/387/387 279/489/489
s 26
f 261/392/392 262/391/391 263/442/442 279/490/490
s 33
f 263/446/446 264/445/445 265/462/462 279/491/491
s 28
f 271/458/458 272/409/409 267/408/408 280/492/492
s 25
f 267/413/413 268/412/412 269/493/493 280/494/494
s 33
f 269/495/495 270/456/456 271/455/455 280/496/496
s 27
f 282/396/396 281/395/395 235/471/471 234/414/414
f 283/432/432 282/396/396 234/414/414 246/417/417
f 284/433/433 283/432/432 246/417/417 245/479/479
s 31
f 285/430/430 284/429/429 245/477/477 244/434/434
f 286/451/451 285/430/430 244/434/434 258/437/437
f 287/452/452 286/451/451 258/437/437 257/487/487
s 33
f 288/449/449 287/448/448 257/485/485 256/453/453
f 289/463/463 288/449/449 256/453/453 270/456/456
f 290/464/464 289/463/463 270/456/456 269/495/495
s 25
f 291/461/461 290/460/460 269/493/493 268/412/412
f 292/398/398 291/461/461 268/412/412 236/411/411
f 281/399/399 292/398/398 236/411/411 235/468/468
s 35
f 294/497/497 293/498/498 329/499/499 334/500/500
s 36
f 293/501/501 298/502/502 330/503/503 329/504/504
s 37
f 296/505/505 295/506/506 303/507/507 302/508/508
s 35
f 303/509/509 295/510/510 294/497/497 304/511/511
s 36
f 298/502/502 297/512/512 307/513/513 306/514/514
s 37
f 297/515/515 296/505/505 308/516/516 307/517/517
s 38
f 300/518/518 299/519/519 335/520/520 340/521/521
s 35
f 299/522/522 304/511/511 336/523/523 335/524/524
s 37
f 302/508/508 301/525/525 315/526/526 314/527/527
s 38
f 301/528/528 300/518/518 316/529/529 315/530/530
s 36
f 306/514/514 305/531/531 319/532/532 318/533/533
s 39
f 305/534/534 310/535/535 320/536/536 319/537/537
f 310/535/535 309/538/538 313/539/539 312/540/540
s 37
f 309/541/541 308/516/516 314/527/527 313/542/542
s 39
f 312/540/540 311/543/543 327/544/544 326/545/545
s 38
f 311/546/546 316/529/529 328/547/547 327/548/548
s 36
f 318/533/533 317/549/549 331/550/550 330/503/503
s 40
f 317/551/551 322/552/552 332/553/553 331/554/554
f 322/552/552 321/555/555 325/556/556 324/557/557
s 39
f 321/558/558 320/536/536 326/545/545 325/559/559
s 40
f 324/557/557 323/560/560 339/561/561 338/562/562
s 38
f 323/563/563 328/547/547 340/521/521 339/564/564
s 35
f 334/500/500 333/565/565 337/566/566 336/523/523
s 40
f 333/567/567 332/553/553 338/562/562 337/568/568
s 37
f 308/516/516 296/505/505 302/508/508 314/527/527
s 39
f 320/536/536 310/535/535 312/540/540 326/545/545
s 40
f 332/553/553 322/552/552 324/557/557 338/562/562
s 35
f 294/497/497 334/500/500 336/523/523 304/511/511
s 38
f 300/518/518 340/521/521 328/547/547 316/529/529
s 36
f 330/503/503 298/502/502 306/514/514 318/533/533
f 297/512/512 298/502/502 293/501/501 341/569/569
s 35
f 293/498/498 294/497/497 295/510/510 341/570/570
s 37
f 295/506/506 296/505/505 297/515/515 341/571/571
s 35
f 303/509/509 304/511/511 299/522/522 342/572/572
s 38
f 299/519/519 300/518/518 301/528/528 342/573/573
s 37
f 301/525/525 302/508/508 303/507/507 342/574/574
s 39
f 309/538/538 310/535/535 305/534/534 343/575/575
s 36
f 305/531/531 306/514/514 307/513/513 343/576/576
s 37
f 307/517/517 308/516/516 309/541/541 343/577/577
s 38
f 315/530/530 316/529/529 311/546/546 344/578/578
s 39
f 311/543/543 312/540/540 313/539/539 344/579/579
s 37
f 313/542/542 314/527/527 315/526/526 344/580/580
s 40
f 321/555/555 322/552/552 317/551/551 345/581/581
s 36
f 317/549/549 318/533/533 319/532/532 345/582/582
s 39
f 319/537/537 320/536/536 321/558/558 345/583/583
s 38
f 327/548/548 328/547/547 323/563/563 346/584/584
s 40
f 323/560/560 324/557/557 325/556/556 346/585/585
s 39
f 325/559/559 326/545/545 327/544/544 346/586/586
s 35
f 333/565/565 334/500/500 329/499/499 347/587/587
s 36
f 329/504/504 330/503/503 331/550/550 347/588/588
s 40
f 331/554/554 332/553/553 333/567/567 347/589/589
s 38
f 339/564/564 340/521/521 335/520/520 348/590/590
s 35
f 335/524/524 336/523/523 337/566/566 348/591/591
s 40
f 337/568/568 338/562/562 339/561/561 348/592/592
s 41
f 350/593/593 349/594/594 385/595/595 390/596/596
s 42
f 349/597/597 354/598/598 386/599/599 385/600/600
s 43
f 352/601/601 351/602/602 359/603/603 358/604/604
s 41
f 359/605/605 351/606/606 350/593/593 360/607/607
s 42
f 354/598/598 353/608/608 363/609/609 362/610/610
s 43
f 353/611/611 352/601/601 364/612/612 363/613/613
s 44
f 356/614/614 355/615/615 391/616/616 396/617/617
s 41
f 355/618/618 360/607/607 392/619/619 391/620/620
s 43
f 358/604/604 357/621/621 371/622/622 370/623/623
s 44
f 357/624/624 356/614/614 372/625/625 371/626/626
s 42
f 362/610/610 361/627/627 375/628/628 374/629/629
s 45
f 361/630/630 366/631/631 376/632/632 375/633/633
f 366/631/631 365/634/634 369/635/635 368/636/636
s 43
f 365/637/637 364/612/612 370/623/623 369/638/638
s 45
f 368/636/636 367/639/639 383/640/640 382/641/641
s 44
f 367/642/642 372/625/625 384/643/643 383/644/644
s 42
f 374/629/629 373/645/645 387/646/646 386/599/599
s 46
f 373/647/647 378/648/648 388/649/649 387/650/650
f 378/648/648 377/651/651 381/652/652 380/653/653
s 45
f 377/654/654 376/632/632 382/641/641 381/655/655
s 46
f 380/653/653 379/656/656 395/657/657 394/658/658
s 44
f 379/659/659 384/643/643 396/617/617 395/660/660
s 41
f 390/596/596 389/661/661 393/662/662 392/619/619
s 46
f 389/663/663 388/649/649 394/658/658 393/664/664
s 43
f 364/612/612 352/601/601 358/604/604 370/623/623
s 45
f 376/632/632 366/631/631 368/636/636 382/641/641
s 46
f 388/649/649 378/648/648 380/653/653 394/658/658
s 41
f 350/593/593 390/596/596 392/619/619 360/607/607
s 44
f 356/614/614 396/617/617 384/643/643 372/625/625
s 42
f 386/599/599 354/598/598 362/610/610 374/629/629
f 353/608/608 354/598/598 349/597/597 397/665/665
s 41
f 349/594/594 350/593/593 351/606/606 397/666/666
s 43
f 351/602/602 352/601/601 353/611/611 397/667/667
s 41
f 359/605/605 360/607/607 355/618/618 398/668/668
s 44
f 355/615/615 356/614/614 357/624/624 398/669/669
s 43
f 357/621/621 358/604/604 359/603/603 398/670/670
s 45
f 365/634/634 366/631/631 361/630/630 399/671/671
s 42
f 361/627/627 362/610/610 363/609/609 399/672/672
s 43
f 363/613/613 364/612/612 365/637/637 399/673/673
s 44
f 371/626/626 372/625/625 367/642/642 400/674/674
s 45
f 367/639/639 368/636/636 369/635/635 400/675/675
s 43
f 369/638/638 370/623/623 371/622/622 400/676/676
s 46
f 377/651/651 378/648/648 373/647/647 401/677/677
s 42
f 373/645/645 374/629/629 375/628/628 401/678/678
s 45
f 375/633/633 376/632/632 377/654/654 401/679/679
s 44
f 383/644/644 384/643/643 379/659/659 402/680/680
s 46
f 379/656/656 380/653/653 381/652/652 402/681/681
s 45
f 381/655/655 382/641/641 383/640/640 402/682/682
s 41
f 389/661/661 390/596/596 385/595/595 403/683/683
s 42
f 385/600/600 386/599/599 387/646/646 403/684/684
s 46
f 387/650/650 388/649/649 389/663/663 403/685/685
s 44
f 395/660/660 396/617/617 391/616/616 404/686/686
s 41
f 391/620/620 392/619/619 393/662/662 404/687/687
s 46
f 393/664/664 394/658/658 395/657/657 404/688/688
s 47
f 406/689/689 405/690/690 441/691/691 446/692/692
s 48
f 405/693/693 410/694/694 442/695/695 441/696/696
s 49
f 408/697/697 407/698/698 415/699/699 414/700/700
s 47
f 415/701/701 407/702/702 406/689/689 416/703/703
s 48
f 410/694/694 409/704/704 419/705/705 418/706/706
s 49
f 409/707/707 408/697/697 420/708/708 419/709/709
s 50
f 412/710/710 411/711/711 447/712/712 452/713/713
s 47
f 411/714/714 416/703/703 448/715/715 447/716/716
s 49
f 414/700/700 413/717/717 427/718/718 426/719/719
s 50
f 413/720/720 412/710/710 428/721/721 427/722/722
s 48
f 418/706/706 417/723/723 431/724/724 430/725/725
s 51
f 417/726/726 422/727/727 432/728/728 431/729/729
f 422/727/727 421/730/730 425/731/731 424/732/732
s 49
f 421/733/733 420/708/708 426/719/719 425/734/734
s 51
f 424/732/732 423/735/735 439/736/736 438/737/737
s 50
f 423/738/738 428/721/721 440/739/739 439/740/740
s 48
f 430/725/725 429/741/741 443/742/742 442/695/695
s 52
f 429/743/743 434/744/744 444/745/745 443/746/746
f 434/744/744 433/747/747 437/748/748 436/749/749
s 51
f 433/750/750 432/728/728 438/737/737 437/751/751
s 52
f 436/749/749 435/752/752 451/753/753 450/754/754
s 50
f 435/755/755 440/739/739 452/713/713 451/756/756
s 47
f 446/692/692 445/757/757 449/758/758 448/715/715
s 52
f 445/759/759 444/745/745 450/754/754 449/760/760
s 49
f 420/708/708 408/697/697 414/700/700 426/719/719
s 51
f 432/728/728 422/727/727 424/732/732 438/737/737
s 52
f 444/745/745 434/744/744 436/749/749 450/754/754
s 47
f 406/689/689 446/692/692 448/715/715 416/703/703
s 50
f 412/710/710 452/713/713 440/739/739 428/721/721
s 48
f 442/695/695 410/694/694 418/706/706 430/725/725
f 409/704/704 410/694/694 405/693/693 453/761/761
s 47
f 405/690/690 406/689/689 407/702/702 453/762/762
s 49
f 407/698/698 408/697/697 409/707/707 453/763/763
s 47
f 415/701/701 416/703/703 411/714/714 454/764/764
s 50
f 411/711/711 412/710/710 413/720/720 454/765/765
s 49
f 413/717/717 414/700/700 415/699/699 454/766/766
s 51
f 421/730/730 422/727/727 417/726/726 455/767/767
s 48
f 417/723/723 418/706/706 419/705/705 455/768/768
s 49
f 419/709/709 420/708/708 421/733/733 455/769/769
s 50
f 427/722/722 428/721/721 423/738/738 456/770/770
s 51
f 423/735/735 424/732/732 425/731/731 456/771/771
s 49
f 425/734/734 426/719/719 427/718/718 456/772/772
s 52
f 433/747/747 434/744/744 429/743/743 457/773/773
s 48
f 429/741/741 430/725/725 431/724/724 457/774/774
s 51
f 431/729/729 432/728/728 433/750/750 457/775/775
s 50
f 439/740/740 440/739/739 435/755/755 458/776/776
s 52
f 435/752/752 436/749/749 437/748/748 458/777/777
s 51
f 437/751/751 438/737/737 439/736/736 458/778/778
s 47
f 445/757/757 446/692/692 441/691/691 459/779/779
s 48
f 441/696/696 442/695/695 443/742/742 459/780/780
s 52
f 443/746/746 444/745/745 445/759/759 459/781/781
s 50
f 451/756/756 452/713/713 447/712/712 460/782/782
s 47
f 447/716/716 448/715/715 449/758/758 460/783/783
s 52
f 449/760/760 450/754/754 451/753/753 460/784/784
s 53
f 462/785/785 461/786/786 497/787/787 502/788/788
s 54
f 461/789/789 466/790/790 498/791/791 497/792/792
s 55
f 464/793/793 463/794/794 471/795/795 470/796/796
s 53
f 471/797/797 463/798/798 462/785/785 472/799/799
s 54
f 466/790/790 465/800/800 475/801/801 474/802/802
s 55
f 465/803/803 464/793/793 476/804/804 475/805/805
s 56
f 468/806/806 467/807/807 503/808/808 508/809/809
s 53
f 467/810/810 472/799/799 504/811/811 503/812/812
s 55
f 470/796/796 469/813/813 483/814/814 482/815/815
s 56
f 469/816/816 468/806/806 484/817/817 483/818/818
s 54
f 474/802/802 473/819/819 487/820/820 486/821/821
s 57
f 473/822/822 478/823/823 488/824/824 487/825/825
f 478/823/823 477/826/826 481/827/827 480/828/828
s 55
f 477/829/829 476/804/804 482/815/815 481/830/830
s 57
f 480/828/828 479/831/831 495/832/832 494/833/833
s 56
f 479/834/834 484/817/817 496/835/835 495/836/836
s 54
f 486/821/821 485/837/837 499/838/838 498/791/791
s 58
f 485/839/839 490/840/840 500/841/841 499/842/842
f 490/840/840 489/843/843 493/844/844 492/845/845
s 57
f 489/846/846 488/824/824 494/833/833 493/847/847
s 58
f 492/845/845 491/848/848 507/849/849 506/850/850
s 56
f 491/851/851 496/835/835 508/809/809 507/852/852
s 53
f 502/788/788 501/853/853 505/854/854 504/811/811
s 58
f 501/855/855 500/841/841 506/850/850 505/856/856
s 55
f 476/804/804 464/793/793 470/796/796 482/815/815
s 57
f 488/824/824 478/823/823 480/828/828 494/833/833
s 58
f 500/841/841 490/840/840 492/845/845 506/850/850
s 53
f 462/785/785 502/788/788 504/811/811 472/799/799
s 56
f 468/806/806 508/809/809 496/835/835 484/817/817
s 54
f 498/791/791 466/790/790 474/802/802 486/821/821
f 465/800/800 466/790/790 461/789/789 509/857/857
s 53
f 461/786/786 462/785/785 463/798/798 509/858/858
s 55
f 463/794/794 464/793/793 465/803/803 509/859/859
s 53
f 471/797/797 472/799/799 467/810/810 510/860/860
s 56
f 467/807/807 468/806/806 469/816/816 510/861/861
s 55
f 469/813/813 470/796/796 471/795/795 510/862/862
s 57
f 477/826/826 478/823/823 473/822/822 511/863/863
s 54
f 473/819/819 474/802/802 475/801/801 511/864/864
s 55
f 475/805/805 476/804/804 477/829/829 511/865/865
s 56
f 483/818/818 484/817/817 479/834/834 512/866/866
s 57
f 479/831/831 480/828/828 481/827/827 512/867/867
s 55
f 481/830/830 482/815/815 483/814/814 512/868/868
s 58
f 489/843/843 490/840/840 485/839/839 513/869/869
s 54
f 485/837/837 486/821/821 487/820/820 513/870/870
s 57
f 487/825/825 488/824/824 489/846/846 513/871/871
s 56
f 495/836/836 496/835/835 491/851/851 514/872/872
s 58
f 491/848/848 492/845/845 493/844/844 514/873/873
s 57
f 493/847/847 494/833/833 495/832/832 514/874/874
s 53
f 501/853/853 502/788/788 497/787/787 515/875/875
s 54
f 497/792/792 498/791/791 499/838/838 515/876/876
s 58
f 499/842/842 500/841/841 501/855/855 515/877/877
s 56
f 507/852/852 508/809/809 503/808/808 516/878/878
s 53
f 503/812/812 504/811/811 505/854/854 516/879/879
s 58
f 505/856/856 506/850/850 507/849/849 516/880/880
s 59
f 518/881/881 517/882/882 553/883/883 558/884/884
s 60
f 517/885/885 522/886/886 554/887/887 553/888/888
s 61
f 520/889/889 519/890/890 527/891/891 526/892/892
s 59
f 527/893/893 519/894/894 518/881/881 528/895/895
s 60
f 522/886/886 521/896/896 531/897/897 530/898/898
s 61
f 521/899/899 520/889/889 532/900/900 531/901/901
s 62
f 524/902/902 523/903/903 559/904/904 564/905/905
s 59
f 523/906/906 528/895/895 560/907/907 559/908/908
s 61
f 526/892/892 525/909/909 539/910/910 538/911/911
s 62
f 525/912/912 524/902/902 540/913/913 539/914/914
s 60
f 530/898/898 529/915/915 543/916/916 542/917/917
s 63
f 529/918/918 534/919/919 544/920/920 543/921/921
f 534/919/919 533/922/922 537/923/923 536/924/924
s 61
f 533/925/925 532/900/900 538/911/911 537/926/926
s 63
f 536/924/924 535/927/927 551/928/928 550/929/929
s 62
f 535/930/930 540/913/913 552/931/931 551/932/932
s 60
f 542/917/917 541/933/933 555/934/934 554/887/887
s 64
f 541/935/935 546/936/936 556/937/937 555/938/938
f 546/936/936 545/939/939 549/940/940 548/941/941
s 63
f 545/942/942 544/920/920 550/929/929 549/943/943
s 64
f 548/941/941 547/944/944 563/945/945 562/946/946
s 62
f 547/947/947 552/931/931 564/905/905 563/948/948
s 59
f 558/884/884 557/949/949 561/950/950 560/907/907
s 64
f 557/951/951 556/937/937 562/946/946 561/952/952
s 61
f 532/900/900 520/889/889 526/892/892 538/911/911
s 63
f 544/920/920 534/919/919 536/924/924 550/929/929
s 64
f 556/937/937 546/936/936 548/941/941 562/946/946
s 59
f 518/881/881 558/884/884 560/907/907 528/895/895
s 62
f 524/902/902 564/905/905 552/931/931 540/913/913
s 60
f 554/887/887 522/886/886 530/898/898 542/917/917
f 521/896/896 522/886/886 517/885/885 565/953/953
s 59
f 517/882/882 518/881/881 519/894/894 565/954/954
s 61
f 519/890/890 520/889/889 521/899/899 565/955/955
s 59
f 527/893/893 528/895/895 523/906/906 566/956/956
s 62
f 523/903/903 524/902/902 525/912/912 566/957/957
s 61
f 525/909/909 526/892/892 527/891/891 566/958/958
s 63
f 533/922/922 534/919/919 529/918/918 567/959/959
s 60
f 529/915/915 530/898/898 531/897/897 567/960/960
s 61
f 531/901/901 532/900/900 533/925/925 567/961/961
s 62
f 539/914/914 540/913/913 535/930/930 568/962/962
s 63
f 535/927/927 536/924/924 537/923/923 568/963/963
s 61
f 537/926/926 538/911/911 539/910/910 568/964/964
s 64
f 545/939/939 546/936/936 541/935/935 569/965/965
s 60
f 541/933/933 542/917/917 543/916/916 569/966/966
s 63
f 543/921/921 544/920/920 545/942/942 569/967/967
s 62
f 551/932/932 552/931/931 547/947/947 570/968/968
s 64
f 547/944/944 548/941/941 549/940/940 570/969/969
s 63
f 549/943/943 550/929/929 551/928/928 570/970/970
s 59
f 557/949/949 558/884/884 553/883/883 571/971/971
s 60
f 553/888/888 554/887/887 555/934/934 571/972/972
s 64
f 555/938/938 556/937/937 557/951/951 571/973/973
s 62
f 563/948/948 564/905/905 559/904/904 572/974/974
s 59
f 559/908/908 560/907/907 561/950/950 572/975/975
s 64
f 561/952/952 562/946/946 563/945/945 572/976/976
s 65
f 574/977/977 573/978/978 609/979/979 614/980/980
s 66
f 573/981/981 578/982/982 610/983/983 609/984/984
s 67
f 576/985/985 575/986/986 583/987/987 582/988/988
s 65
f 583/989/989 575/990/990 574/977/977 584/991/991
s 66
f 578/982/982 577/992/992 587/993/993 586/994/994
s 67
f 577/995/995 576/985/985 588/996/996 587/997/997
s 68
f 580/998/998 579/999/999 615/1000/1000 620/1001/1001
s 65
f 579/1002/1002 584/991/991 616/1003/1003 615/1004/1004
s 67
f 582/988/988 581/1005/1005 595/1006/1006 594/1007/1007
s 68
f 581/1008/1008 580/998/998 596/1009/1009 595/1010/1010
s 66
f 586/994/994 585/1011/1011 599/1012/1012 598/1013/1013
s 69
f 585/1014/1014 590/1015/1015 600/1016/1016 599/1017/1017
f 590/1015/1015 589/1018/1018 593/1019/1019 592/1020/1020
s 67
f 589/1021/1021 588/996/996 594/1007/1007 593/1022/1022
s 69
f 592/1020/1020 591/1023/1023 607/1024/1024 606/1025/1025
s 68
f 591/1026/1026 596/1009/1009 608/1027/1027 607/1028/1028
s 66
f 598/1013/1013 597/1029/1029 611/1030/1030 610/983/983
s 70
f 597/1031/1031 602/1032/1032 612/1033/1033 611/1034/1034
f 602/1032/1032 601/1035/1035 605/1036/1036 604/1037/1037
s 69
f 601/1038/1038 600/1016/1016 606/1025/1025 605/1039/1039
s 70
f 604/1037/1037 603/1040/1040 619/1041/1041 618/1042/1042
s 68
f 603/1043/1043 608/1027/1027 620/1001/1001 619/1044/1044
s 65
f 614/980/980 613/1045/1045 617/1046/1046 616/1003/1003
s 70
f 613/1047/1047 612/1033/1033 618/1042/1042 617/1048/1048
s 67
f 588/996/996 576/985/985 582/988/988 594/1007/1007
s 69
f 600/1016/1016 590/1015/1015 592/1020/1020 606/1025/1025
s 70
f 612/1033/1033 602/1032/1032 604/1037/1037 618/1042/1042
s 65
f 574/977/977 614/980/980 616/1003/1003 584/991/991
s 68
f 580/998/998 620/1001/1001 608/1027/1027 596/1009/1009
s 66
f 610/983/983 578/982/982 586/994/994 598/1013/1013
f 577/992/992 578/982/982 573/981/981 621/1049/1049
s 65
f 573/978/978 574/977/977 575/990/990 621/1050/1050
s 67
f 575/986/986 576/985/985 577/995/995 621/1051/1051
s 65
f 583/989/989 584/991/991 579/1002/1002 622/1052/1052
s 68
f 579/999/999 580/998/998 581/1008/1008 622/1053/1053
s 67
f 581/1005/1005 582/988/988 583/987/987 622/1054/1054
s 69
f 589/1018/1018 590/1015/1015 585/1014/1014 623/1055/1055
s 66
f 585/1011/1011 586/994/994 587/993/993 623/1056/1056
s 67
f 587/997/997 588/996/996 589/1021/1021 623/1057/1057
s 68
f 595/1010/1010 596/1009/1009 591/1026/1026 624/1058/1058
s 69
f 591/1023/1023 592/1020/1020 593/1019/1019 624/1059/1059
s 67
f 593/1022/1022 594/1007/1007 595/1006/1006 624/1060/1060
s 70
f 601/1035/1035 602/1032/1032 597/1031/1031 625/1061/1061
s 66
f 597/1029/1029 598/1013/1013 599/1012/1012 625/1062/1062
s 69
f 599/1017/1017 600/1016/1016 601/1038/1038 625/1063/1063
s 68
f 607/1028/1028 608/1027/1027 603/1043/1043 626/1064/1064
s 70
f 603/1040/1040 604/1037/1037 605/1036/1036 626/1065/1065
s 69
f 605/1039/1039 606/1025/1025 607/1024/1024 626/1066/1066
s 65
f 613/1045/1045 614/980/980 609/979/979 627/1067/1067
s 66
f 609/984/984 610/983/983 611/1030/1030 627/1068/1068
s 70
f 611/1034/1034 612/1033/1033 613/1047/1047 627/1069/1069
s 68
f 619/1044/1044 620/1001/1001 615/1000/1000 628/1070/1070
s 65
f 615/1004/1004 616/1003/1003 617/1046/1046 628/1071/1071
s 70
f 617/1048/1048 618/1042/1042 619/1041/1041 628/1072/1072
s 71
f 630/1073/1073 629/1074/1074 665/1075/1075 670/1076/1076
s 72
f 629/1077/1077 634/1078/1078 666/1079/1079 665/1080/1080
s 73
f 632/1081/1081 631/1082/1082 639/1083/1083 638/1084/1084
s 71
f 639/1085/1085 631/1086/1086 630/1073/1073 640/1087/1087
s 72
f 634/1078/1078 633/1088/1088 643/1089/1089 642/1090/1090
s 73
f 633/1091/1091 632/1081/1081 644/1092/1092 643/1093/1093
s 74
f 636/1094/1094 635/1095/1095 671/1096/1096 676/1097/1097
s 71
f 635/1098/1098 640/1087/1087 672/1099/1099 671/1100/1100
s 73
f 638/1084/1084 637/1101/1101 651/1102/1102 650/1103/1103
s 74
f 637/1104/1104 636/1094/1094 652/1105/1105 651/1106/1106
s 72
f 642/1090/1090 641/1107/1107 655/1108/1108 654/1109/1109
s 75
f 641/1110/1110 646/1111/1111 656/1112/1112 655/1113/1113
f 646/1111/1111 645/1114/1114 649/1115/1115 648/1116/1116
s 73
f 645/1117/1117 644/1092/1092 650/1103/1103 649/1118/1118
s 75
f 648/1116/1116 647/1119/1119 663/1120/1120 662/1121/1121
s 74
f 647/1122/1122 652/1105/1105 664/1123/1123 663/1124/1124
s 72
f 654/1109/1109 653/1125/1125 667/1126/1126 666/1079/1079
s 76
f 653/1127/1127 658/1128/1128 668/1129/1129 667/1130/1130
f 658/1128/1128 657/1131/1131 661/1132/1132 660/1133/1133
s 75
f 657/1134/1134 656/1112/1112 662/1121/1121 661/1135/1135
s 76
f 660/1133/1133 659/1136/1136 675/1137/1137 674/1138/1138
s 74
f 659/1139/1139 664/1123/1123 676/1097/1097 675/1140/1140
s 71
f 670/1076/1076 669/1141/1141 673/1142/1142 672/1099/1099
s 76
f 669/1143/1143 668/1129/1129 674/1138/1138 673/1144/1144
s 73
f 644/1092/1092 632/1081/1081 638/1084/1084 650/1103/1103
s 75
f 656/1112/1112 646/1111/1111 648/1116/1116 662/1121/1121
s 76
f 668/1129/1129 658/1128/1128 660/1133/1133 674/1138/1138
s 71
f 630/1073/1073 670/1076/1076 672/1099/1099 640/1087/1087
s 74
f 636/1094/1094 676/1097/1097 664/1123/1123 652/1105/1105
s 72
f 666/1079/1079 634/1078/1078 642/1090/1090 654/1109/1109
f 633/1088/1088 634/1078/1078 629/1077/1077 677/1145/1145
s 71
f 629/1074/1074 630/1073/1073 631/1086/1086 677/1146/1146
s 73
f 631/1082/1082 632/1081/1081 633/1091/1091 677/1147/1147
s 71
f 639/1085/1085 640/1087/1087 635/1098/1098 678/1148/1148
s 74
f 635/1095/1095 636/1094/1094 637/1104/1104 678/1149/1149
s 73
f 637/1101/1101 638/1084/1084 639/1083/1083 678/1150/1150
s 75
f 645/1114/1114 646/1111/1111 641/1110/1110 679/1151/1151
s 72
f 641/1107/1107 642/1090/1090 643/1089/1089 679/1152/1152
s 73
f 643/1093/1093 644/1092/1092 645/1117/1117 679/1153/1153
s 74
f 651/1106/1106 652/1105/1105 647/1122/1122 680/1154/1154
s 75
f 647/1119/1119 648/1116/1116 649/1115/1115 680/1155/1155
s 73
f 649/1118/1118 650/1103/1103 651/1102/1102 680/1156/1156
s 76
f 657/1131/1131 658/1128/1128 653/1127/1127 681/1157/1157
s 72
f 653/1125/1125 654/1109/1109 655/1108/1108 681/1158/1158
s 75
f 655/1113/1113 656/1112/1112 657/1134/1134 681/1159/1159
s 74
f 663/1124/1124 664/1123/1123 659/1139/1139 682/1160/1160
s 76
f 659/1136/1136 660/1133/1133 661/1132/1132 682/1161/1161
s 75
f 661/1135/1135 662/1121/1121 663/1120/1120 682/1162/1162
s 71
f 669/1141/1141 670/1076/1076 665/1075/1075 683/1163/1163
s 72
f 665/1080/1080 666/1079/1079 667/1126/1126 683/1164/1164
s 76
f 667/1130/1130 668/1129/1129 669/1143/1143 683/1165/1165
s 74
f 675/1140/1140 676/1097/1097 671/1096/1096 684/1166/1166
s 71
f 671/1100/1100 672/1099/1099 673/1142/1142 684/1167/1167
s 76
f 673/1144/1144 674/1138/1138 675/1137/1137 684/1168/1168
s 77
f 686/1169/1169 685/1170/1170 721/1171/1171 726/1172/1172
s 78
f 685/1173/1173 690/1174/1174 722/1175/1175 721/1176/1176
s 79
f 688/1177/1177 687/1178/1178 695/1179/1179 694/1180/1180
s 77
f 695/1181/1181 687/1182/1182 686/1169/1169 696/1183/1183
s 78
f 690/1174/1174 689/1184/1184 699/1185/1185 698/1186/1186
s 79
f 689/1187/1187 688/1177/1177 700/1188/1188 699/1189/1189
s 80
f 692/1190/1190 691/1191/1191 727/1192/1192 732/1193/1193
s 77
f 691/1194/1194 696/1183/1183 728/1195/1195 727/1196/1196
s 79
f 694/1180/1180 693/1197/1197 707/1198/1198 706/1199/1199
s 80
f 693/1200/1200 692/1190/1190 708/1201/1201 707/1202/1202
s 78
f 698/1186/1186 697/1203/1203 711/1204/1204 710/1205/1205
s 81
f 697/1206/1206 702/1207/1207 712/1208/1208 711/1209/1209
f 702/1207/1207 701/1210/1210 705/1211/1211 704/1212/1212
s 79
f 701/1213/1213 700/1188/1188 706/1199/1199 705/1214/1214
s 81
f 704/1212/1212 703/1215/1215 719/1216/1216 718/1217/1217
s 80
f 703/1218/1218 708/1201/1201 720/1219/1219 719/1220/1220
s 78
f 710/1205/1205 709/1221/1221 723/1222/1222 722/1175/1175
s 82
f 709/1223/1223 714/1224/1224 724/1225/1225 723/1226/1226
f 714/1224/1224 713/1227/1227 717/1228/1228 716/1229/1229
s 81
f 713/1230/1230 712/1208/1208 718/1217/1217 717/1231/1231
s 82
f 716/1229/1229 715/1232/1232 731/1233/1233 730/1234/1234
s 80
f 715/1235/1235 720/1219/1219 732/1193/1193 731/1236/1236
s 77
f 726/1172/1172 725/1237/1237 729/1238/1238 728/1195/1195
s 82
f 725/1239/1239 724/1225/1225 730/1234/1234 729/1240/1240
s 79
f 700/1188/1188 688/1177/1177 694/1180/1180 706/1199/1199
s 81
f 712/1208/1208 702/1207/1207 704/1212/1212 718/1217/1217
s 82
f 724/1225/1225 714/1224/1224 716/1229/1229 730/1234/1234
s 77
f 686/1169/1169 726/1172/1172 728/1195/1195 696/1183/1183
s 80
f 692/1190/1190 732/1193/1193 720/1219/1219 708/1201/1201
s 78
f 722/1175/1175 690/1174/1174 698/1186/1186 710/1205/1205
f 689/1184/1184 690/1174/1174 685/1173/1173 733/1241/1241
s 77
f 685/1170/1170 686/1169/1169 687/1182/1182 733/1242/1242
s 79
f 687/1178/1178 688/1177/1177 689/1187/1187 733/1243/1243
s 77
f 695/1181/1181 696/1183/1183 691/1194/1194 734/1244/1244
s 80
f 691/1191/1191 692/1190/1190 693/1200/1200 734/1245/1245
s 79
f 693/1197/1197 694/1180/1180 695/1179/1179 734/1246/1246
s 81
f 701/1210/1210 702/1207/1207 697/1206/1206 735/1247/1247
s 78
f 697/1203/1203 698/1186/1186 699/1185/1185 735/1248/1248
s 79
f 699/1189/1189 700/1188/1188 701/1213/1213 735/1249/1249
s 80
f 707/1202/1202 708/1201/1201 703/1218/1218 736/1250/1250
s 81
f 703/1215/1215 704/1212/1212 705/1211/1211 736/1251/1251
s 79
f 705/1214/1214 706/1199/1199 707/1198/1198 736/1252/1252
s 82
f 713/1227/1227 714/1224/1224 709/1223/1223 737/1253/1253
s 78
f 709/1221/1221 710/1205/1205 711/1204/1204 737/1254/1254
s 81
f 711/1209/1209 712/1208/1208 713/1230/1230 737/1255/1255
s 80
f 719/1220/1220 720/1219/1219 715/1235/1235 738/1256/1256
s 82
f 715/1232/1232 716/1229/1229 717/1228/1228 738/1257/1257
s 81
f 717/1231/1231 718/1217/1217 719/1216/1216 738/1258/1258
s 77
f 725/1237/1237 726/1172/1172 721/1171/1171 739/1259/1259
s 78
f 721/1176/1176 722/1175/1175 723/1222/1222 739/1260/1260
s 82
f 723/1226/1226 724/1225/1225 725/1239/1239 739/1261/1261
s 80
f 731/1236/1236 732/1193/1193 727/1192/1192 740/1262/1262
s 77
f 727/1196/1196 728/1195/1195 729/1238/1238 740/1263/1263
s 82
f 729/1240/1240 730/1234/1234 731/1233/1233 740/1264/1264
s 83
f 742/1265/1265 741/1266/1266 777/1267/1267 782/1268/1268
s 84
f 741/1269/1269 746/1270/1270 778/1271/1271 777/1272/1272
s 85
f 744/1273/1273 743/1274/1274 751/1275/1275 750/1276/1276
s 83
f 751/1277/1277 743/1278/1278 742/1265/1265 752/1279/1279
s 84
f 746/1270/1270 745/1280/1280 755/1281/1281 754/1282/1282
s 85
f 745/1283/1283 744/1273/1273 756/1284/1284 755/1285/1285
s 86
f 748/1286/1286 747/1287/1287 783/1288/1288 788/1289/1289
s 83
f 747/1290/1290 752/1279/1279 784/1291/1291 783/1292/1292
s 85
f 750/1276/1276 749/1293/1293 763/1294/1294 762/1295/1295
s 86
f 749/1296/1296 748/1286/1286 764/1297/1297 763/1298/1298
s 84
f 754/1282/1282 753/1299/1299 767/1300/1300 766/1301/1301
s 87
f 753/1302/1302 758/1303/1303 768/1304/1304 767/1305/1305
f 758/1303/1303 757/1306/1306 761/1307/1307 760/1308/1308
s 85
f 757/1309/1309 756/1284/1284 762/1295/1295 761/1310/1310
s 87
f 760/1308/1308 759/1311/1311 775/1312/1312 774/1313/1313
s 86
f 759/1314/1314 764/1297/1297 776/1315/1315 775/1316/1316
s 84
f 766/1301/1301 765/1317/1317 779/1318/1318 778/1271/1271
s 88
f 765/1319/1319 770/1320/1320 780/1321/1321 779/1322/1322
f 770/1320/1320 769/1323/1323 773/1324/1324 772/1325/1325
s 87
f 769/1326/1326 768/1304/1304 774/1313/1313 773/1327/1327
s 88
f 772/1325/1325 771/1328/1328 787/1329/1329 786/1330/1330
s 86
f 771/1331/1331 776/1315/1315 788/1289/1289 787/1332/1332
s 83
f 782/1268/1268 781/1333/1333 785/1334/1334 784/1291/1291
s 88
f 781/1335/1335 780/1321/1321 786/1330/1330 785/1336/1336
s 85
f 756/1284/1284 744/1273/1273 750/1276/1276 762/1295/1295
s 87
f 768/1304/1304 758/1303/1303 760/1308/1308 774/1313/1313
s 88
f 780/1321/1321 770/1320/1320 772/1325/1325 786/1330/1330
s 83
f 742/1265/1265 782/1268/1268 784/1291/1291 752/1279/1279
s 86
f 748/1286/1286 788/1289/1289 776/1315/1315 764/1297/1297
s 84
f 778/1271/1271 746/1270/1270 754/1282/1282 766/1301/1301
f 745/1280/1280 746/1270/1270 741/1269/1269 789/1337/1337
s 83
f 741/1266/1266 742/1265/1265 743/1278/1278 789/1338/1338
s 85
f 743/1274/1274 744/1273/1273 745/1283/1283 789/1339/1339
s 83
f 751/1277/1277 752/1279/1279 747/1290/1290 790/1340/1340
s 86
f 747/1287/1287 748/1286/1286 749/1296/1296 790/1341/1341
s 85
f 749/1293/1293 750/1276/1276 751/1275/1275 790/1342/1342
s 87
f 757/1306/1306 758/1303/1303 753/1302/1302 791/1343/1343
s 84
f 753/1299/1299 754/1282/1282 755/1281/1281 791/1344/1344
s 85
f 755/1285/1285 756/1284/1284 757/1309/1309 791/1345/1345
s 86
f 763/1298/1298 764/1297/1297 759/1314/1314 792/1346/1346
s 87
f 759/1311/1311 760/1308/1308 761/1307/1307 792/1347/1347
s 85
f 761/1310/1310 762/1295/1295 763/1294/1294 792/1348/1348
s 88
f 769/1323/1323 770/1320/1320 765/1319/1319 793/1349/1349
s 84
f 765/1317/1317 766/1301/1301 767/1300/1300 793/1350/1350
s 87
f 767/1305/1305 768/1304/1304 769/1326/1326 793/1351/1351
s 86
f 775/1316/1316 776/1315/1315 771/1331/1331 794/1352/1352
s 88
f 771/1328/1328 772/1325/1325 773/1324/1324 794/1353/1353
s 87
f 773/1327/1327 774/1313/1313 775/1312/1312 794/1354/1354
s 83
f 781/1333/1333 782/1268/1268 777/1267/1267 795/1355/1355
s 84
f 777/1272/1272 778/1271/1271 779/1318/1318 795/1356/1356
s 88
f 779/1322/1322 780/1321/1321 781/1335/1335 795/1357/1357
s 86
f 787/1332/1332 788/1289/1289 783/1288/1288 796/1358/1358
s 83
f 783/1292/1292 784/1291/1291 785/1334/1334 796/1359/1359
s 88
f 785/1336/1336 786/1330/1330 787/1329/1329 796/1360/1360
s 89
f 798/1361/1361 797/1362/1362 833/1363/1363 838/1364/1364
s 90
f 797/1365/1365 802/1366/1366 834/1367/1367 833/1368/1368
s 91
f 800/1369/1369 799/1370/1370 807/1371/1371 806/1372/1372
s 89
f 807/1373/1373 799/1374/1374 798/1361/1361 808/1375/1375
s 90
f 802/1366/1366 801/1376/1376 811/1377/1377 810/1378/1378
s 91
f 801/1379/1379 800/1369/1369 812/1380/1380 811/1381/1381
s 92
f 804/1382/1382 803/1383/1383 839/1384/1384 844/1385/1385
s 89
f 803/1386/1386 808/1375/1375 840/1387/1387 839/1388/1388
s 91
f 806/1372/1372 805/1389/1389 819/1390/1390 818/1391/1391
s 92
f 805/1392/1392 804/1382/1382 820/1393/1393 819/1394/1394
s 90
f 810/1378/1378 809/1395/1395 823/1396/1396 822/1397/1397
s 93
f 809/1398/1398 814/1399/1399 824/1400/1400 823/1401/1401
f 814/1399/1399 813/1402/1402 817/1403/1403 816/1404/1404
s 91
f 813/1405/1405 812/1380/1380 818/1391/1391 817/1406/1406
s 93
f 816/1404/1404 815/1407/1407 831/1408/1408 830/1409/1409
s 92
f 815/1410/1410 820/1393/1393 832/1411/1411 831/1412/1412
s 90
f 822/1397/1397 821/1413/1413 835/1414/1414 834/1367/1367
s 94
f 821/1415/1415 826/1416/1416 836/1417/1417 835/1418/1418
f 826/1416/1416 825/1419/1419 829/1420/1420 828/1421/1421
s 93
f 825/1422/1422 824/1400/1400 830/1409/1409 829/1423/1423
s 94
f 828/1421/1421 827/1424/1424 843/1425/1425 842/1426/1426
s 92
f 827/1427/1427 832/1411/1411 844/1385/1385 843/1428/1428
s 89
f 838/1364/1364 837/1429/1429 841/1430/1430 840/1387/1387
s 94
f 837/1431/1431 836/1417/1417 842/1426/1426 841/1432/1432
s 91
f 812/1380/1380 800/1369/1369 806/1372/1372 818/1391/1391
s 93
f 824/1400/1400 814/1399/1399 816/1404/1404 830/1409/1409
s 94
f 836/1417/1417 826/1416/1416 828/1421/1421 842/1426/1426
s 89
f 798/1361/1361 838/1364/1364 840/1387/1387 808/1375/1375
s 92
f 804/1382/1382 844/1385/1385 832/1411/1411 820/1393/1393
s 90
f 834/1367/1367 802/1366/1366 810/1378/1378 822/1397/1397
f 801/1376/1376 802/1366/1366 797/1365/1365 845/1433/1433
s 89
f 797/1362/1362 798/1361/1361 799/1374/1374 845/1434/1434
s 91
f 799/1370/1370 800/1369/1369 801/1379/1379 845/1435/1435
s 89
f 807/1373/1373 808/1375/1375 803/1386/1386 846/1436/1436
s 92
f 803/1383/1383 804/1382/1382 805/1392/1392 846/1437/1437
s 91
f 805/1389/1389 806/1372/1372 807/1371/1371 846/1438/1438
s 93
f 813/1402/1402 814/1399/1399 809/1398/1398 847/1439/1439
s 90
f 809/1395/1395 810/1378/1378 811/1377/1377 847/1440/1440
s 91
f 811/1381/1381 812/1380/1380 813/1405/1405 847/1441/1441
s 92
f 819/1394/1394 820/1393/1393 815/1410/1410 848/1442/1442
s 93
f 815/1407/1407 816/1404/1404 817/1403/1403 848/1443/1443
s 91
f 817/1406/1406 818/1391/1391 819/1390/1390 848/1444/1444
s 94
f 825/1419/1419 826/1416/1416 821/1415/1415 849/1445/1445
s 90
f 821/1413/1413 822/1397/1397 823/1396/1396 849/1446/1446
s 93
f 823/1401/1401 824/1400/1400 825/1422/1422 849/1447/1447
s 92
f 831/1412/1412 832/1411/1411 827/1427/1427 850/1448/1448
s 94
f 827/1424/1424 828/1421/1421 829/1420/1420 850/1449/1449
s 93
f 829/1423/1423 830/1409/1409 831/1408/1408 850/1450/1450
s 89
f 837/1429/1429 838/1364/1364 833/1363/1363 851/1451/1451
s 90
f 833/1368/1368 834/1367/1367 835/1414/1414 851/1452/1452
s 94
f 835/1418/1418 836/1417/1417 837/1431/1431 851/1453/1453
s 92
f 843/1428/1428 844/1385/1385 839/1384/1384 852/1454/1454
s 89
f 839/1388/1388 840/1387/1387 841/1430/1430 852/1455/1455
s 94
f 841/1432/1432 842/1426/1426 843/1425/1425 852/1456/1456
