# This file uses centimeters as units for non-parametric coordinates.

mtllib Rhythm Bar.mtl
g default
v 4.411573 3.506774 -8.724229
v 4.662242 3.405498 -8.724229
v 4.443497 3.585787 -8.724229
v 4.694165 3.484510 -8.724229
v 4.468526 3.647738 -8.701208
v 4.719195 3.546461 -8.701208
v 4.493556 3.709689 -8.701208
v 4.744225 3.608413 -8.701208
v 4.518586 3.771640 -8.701208
v 4.769255 3.670363 -8.701208
v 4.543616 3.833591 -8.685863
v 4.794285 3.732314 -8.685863
v 4.568678 3.895529 -8.685863
v 4.819314 3.794266 -8.685863
v 4.568678 3.895529 -10.882945
v 4.819314 3.794266 -10.882945
v 4.543616 3.833591 -10.882945
v 4.794285 3.732314 -10.882945
v 4.518586 3.771640 -10.905964
v 4.769255 3.670363 -10.905964
v 4.493556 3.709689 -10.905964
v 4.744225 3.608413 -10.905964
v 4.468526 3.647738 -10.905964
v 4.719195 3.546461 -10.905964
v 4.443497 3.585787 -10.921311
v 4.694165 3.484510 -10.921311
v 4.411573 3.506774 -10.921311
v 4.662242 3.405498 -10.921311
v 4.418467 3.523836 -10.856087
v 4.418467 3.523836 -8.751085
v 4.443497 3.585787 -8.751085
v 4.443497 3.585787 -10.856087
v 4.468526 3.647738 -8.751085
v 4.468526 3.647738 -10.856087
v 4.493556 3.709689 -8.751085
v 4.493556 3.709689 -10.856087
v 4.518586 3.771640 -8.751085
v 4.518586 3.771640 -10.856087
v 4.543616 3.833591 -8.751085
v 4.543616 3.833591 -10.856087
v 4.568646 3.895542 -8.751085
v 4.568646 3.895542 -10.856087
v 4.405476 3.529085 -10.856087
v 4.405476 3.529085 -8.751085
v 4.437257 3.588308 -8.751085
v 4.437257 3.588308 -10.856087
v 4.462287 3.650259 -8.751085
v 4.462287 3.650259 -10.856087
v 4.487317 3.712210 -8.751085
v 4.487317 3.712210 -10.856087
v 4.512347 3.774161 -8.751085
v 4.512347 3.774161 -10.856087
v 4.537377 3.836112 -8.751085
v 4.537377 3.836112 -10.856087
v 4.555655 3.900791 -8.751085
v 4.555655 3.900791 -10.856087
v 4.425301 3.557107 -10.560678
v 4.405476 3.529085 -10.560678
v 4.425301 3.557107 -8.751085
v 4.437257 3.588308 -10.560678
v 4.425301 3.557107 -10.856087
v 4.423404 3.629937 -10.560678
v 4.423404 3.629937 -8.751085
v 4.462287 3.650259 -10.560678
v 4.423404 3.629937 -10.856087
v 4.448433 3.691888 -10.560678
v 4.448433 3.691888 -8.751085
v 4.487317 3.712210 -10.560678
v 4.448433 3.691888 -10.856087
v 4.473463 3.753839 -10.560678
v 4.473463 3.753839 -8.751085
v 4.512347 3.774161 -10.560678
v 4.473463 3.753839 -10.856087
v 4.498493 3.815790 -10.560678
v 4.498493 3.815790 -8.751085
v 4.537377 3.836112 -10.560678
v 4.498493 3.815790 -10.856087
v 4.550450 3.866862 -10.560678
v 4.550450 3.866862 -8.751085
v 4.555655 3.900791 -10.560678
v 4.550450 3.866862 -10.856087
v 4.411733 3.544573 -10.708382
v 4.411733 3.544573 -10.856087
v 4.405476 3.529085 -10.708382
v 4.411733 3.544573 -10.560678
v 4.425301 3.557107 -10.708382
v 4.417146 3.614449 -10.708382
v 4.417146 3.614449 -10.856087
v 4.437257 3.588308 -10.708382
v 4.417146 3.614449 -10.560678
v 4.423404 3.629937 -10.708382
v 4.442176 3.676400 -10.708382
v 4.442176 3.676400 -10.856087
v 4.462287 3.650259 -10.708382
v 4.442176 3.676400 -10.560678
v 4.448433 3.691888 -10.708382
v 4.467206 3.738351 -10.708382
v 4.467206 3.738351 -10.856087
v 4.487317 3.712210 -10.708382
v 4.467206 3.738351 -10.560678
v 4.473463 3.753839 -10.708382
v 4.492236 3.800302 -10.708382
v 4.492236 3.800302 -10.856087
v 4.512347 3.774161 -10.708382
v 4.492236 3.800302 -10.560678
v 4.498493 3.815790 -10.708382
v 4.544193 3.851374 -10.708382
v 4.544193 3.851374 -10.856087
v 4.537377 3.836112 -10.708382
v 4.544193 3.851374 -10.560678
v 4.550450 3.866862 -10.708382
v 4.411733 3.544573 -10.412971
v 4.405476 3.529085 -10.412971
v 4.411733 3.544573 -8.751085
v 4.425301 3.557107 -10.412971
v 4.431559 3.572594 -10.412971
v 4.431559 3.572594 -8.751085
v 4.437257 3.588308 -10.412971
v 4.431559 3.572594 -10.560678
v 4.431559 3.572594 -10.708382
v 4.431559 3.572594 -10.856087
v 4.417146 3.614449 -10.412971
v 4.417146 3.614449 -8.751085
v 4.423404 3.629937 -10.412971
v 4.429661 3.645425 -10.412971
v 4.429661 3.645425 -8.751085
v 4.462287 3.650259 -10.412971
v 4.429661 3.645425 -10.560678
v 4.429661 3.645425 -10.708382
v 4.429661 3.645425 -10.856087
v 4.442176 3.676400 -10.412971
v 4.442176 3.676400 -8.751085
v 4.448433 3.691888 -10.412971
v 4.454691 3.707376 -10.412971
v 4.454691 3.707376 -8.751085
v 4.487317 3.712210 -10.412971
v 4.454691 3.707376 -10.560678
v 4.454691 3.707376 -10.708382
v 4.454691 3.707376 -10.856087
v 4.467206 3.738351 -10.412971
v 4.467206 3.738351 -8.751085
v 4.473463 3.753839 -10.412971
v 4.479721 3.769327 -10.412971
v 4.479721 3.769327 -8.751085
v 4.512347 3.774161 -10.412971
v 4.479721 3.769327 -10.560678
v 4.479721 3.769327 -10.708382
v 4.479721 3.769327 -10.856087
v 4.492236 3.800302 -10.412971
v 4.492236 3.800302 -8.751085
v 4.498493 3.815790 -10.412971
v 4.504751 3.831278 -10.412971
v 4.504751 3.831278 -8.751085
v 4.537377 3.836112 -10.412971
v 4.504751 3.831278 -10.560678
v 4.504751 3.831278 -10.708382
v 4.504751 3.831278 -10.856087
v 4.544193 3.851374 -10.412971
v 4.544193 3.851374 -8.751085
v 4.550450 3.866862 -10.412971
v 4.549397 3.885303 -10.412971
v 4.549397 3.885303 -8.751085
v 4.555655 3.900791 -10.412971
v 4.549397 3.885303 -10.560678
v 4.549397 3.885303 -10.708382
v 4.555655 3.900791 -10.708382
v 4.549397 3.885303 -10.856087
v 4.386544 3.444823 -8.742935
v 4.394052 3.463407 -8.724229
v 4.637212 3.343547 -8.742935
v 4.644721 3.362130 -8.724229
v 4.599318 3.971366 -8.706795
v 4.591810 3.952782 -8.685863
v 4.849955 3.870102 -8.706795
v 4.842446 3.851519 -8.685863
v 4.591810 3.952782 -10.882945
v 4.599318 3.971366 -10.864238
v 4.842446 3.851519 -10.882945
v 4.849955 3.870102 -10.864238
v 4.386544 3.444823 -10.900376
v 4.394052 3.463407 -10.921311
v 4.637212 3.343547 -10.900376
v 4.644721 3.362130 -10.921311
v 4.574004 3.908713 -10.858357
v 4.575264 3.912475 -8.740822
v 4.399525 3.476953 -10.861846
v 4.399189 3.476121 -8.743828
v 4.593374 3.956655 -10.861359
v 4.592589 3.955034 -8.729357
v 4.568678 3.895529 -10.856058
v 4.571229 3.901865 -10.850717
v 4.568678 3.895529 -8.751087
v 4.572097 3.904326 -8.754838
v 4.549727 3.848716 -10.856087
v 4.549727 3.848716 -8.751085
v 4.556152 3.864619 -8.751085
v 4.556169 3.864613 -8.685863
v 4.806820 3.763343 -8.685863
v 4.806820 3.763343 -10.882945
v 4.556169 3.864613 -10.882945
v 4.556152 3.864619 -10.856087
v 4.562183 3.879547 -8.751085
v 4.562183 3.879547 -10.856087
v 4.531036 3.820418 -10.856087
v 4.537275 3.817897 -10.856087
v 4.530221 3.800439 -10.895263
v 4.780890 3.699162 -10.895263
v 4.780890 3.699162 -8.694074
v 4.530221 3.800439 -8.694074
v 4.537275 3.817897 -8.751085
v 4.531036 3.820418 -8.751085
v 4.523982 3.802959 -10.856087
v 4.530221 3.800439 -10.856087
v 4.530221 3.800439 -8.751085
v 4.523982 3.802959 -8.751085
v 4.517112 3.785954 -10.856087
v 4.523351 3.783433 -10.856087
v 4.523351 3.783433 -8.751085
v 4.517112 3.785954 -8.751085
v 4.506539 3.759787 -10.856087
v 4.512778 3.757266 -10.856087
v 4.505948 3.740359 -10.905964
v 4.756616 3.639082 -10.905964
v 4.756616 3.639082 -8.701208
v 4.505948 3.740359 -8.701208
v 4.512778 3.757266 -8.751085
v 4.506539 3.759787 -8.751085
v 4.499709 3.742880 -10.856087
v 4.505948 3.740359 -10.856087
v 4.505948 3.740359 -8.751085
v 4.499709 3.742880 -8.751085
v 4.493460 3.727415 -10.856087
v 4.499700 3.724894 -10.856087
v 4.499700 3.724894 -8.751085
v 4.493460 3.727415 -8.751085
v 4.479878 3.693798 -10.856087
v 4.486118 3.691278 -10.856087
v 4.479099 3.673906 -10.905964
v 4.729768 3.572629 -10.905964
v 4.729768 3.572629 -8.701208
v 4.479099 3.673906 -8.701208
v 4.486118 3.691278 -8.751085
v 4.479878 3.693798 -8.751085
v 4.472860 3.676427 -10.856087
v 4.479099 3.673906 -10.856087
v 4.479099 3.673906 -8.751085
v 4.472860 3.676427 -8.751085
v 4.466153 3.659826 -10.856087
v 4.472392 3.657305 -10.856087
v 4.472392 3.657305 -8.751085
v 4.466153 3.659826 -8.751085
v 4.455703 3.633963 -10.856087
v 4.461943 3.631442 -10.856087
v 4.455174 3.614691 -10.914151
v 4.705843 3.513414 -10.914151
v 4.705843 3.513414 -8.713488
v 4.455174 3.614691 -8.713488
v 4.461943 3.631442 -8.751085
v 4.455703 3.633963 -8.751085
v 4.448936 3.617212 -10.856087
v 4.455174 3.614691 -10.856087
v 4.455174 3.614691 -8.751085
v 4.448936 3.617212 -8.751085
v 4.442121 3.600345 -10.856087
v 4.448360 3.597825 -10.856087
v 4.448360 3.597825 -8.751085
v 4.442121 3.600345 -8.751085
v 4.437354 3.570583 -10.856087
v 4.428015 3.547468 -10.921311
v 4.678683 3.446191 -10.921311
v 4.678683 3.446191 -8.724229
v 4.428015 3.547468 -8.724229
v 4.437354 3.570583 -8.751085
v 4.431358 3.555743 -10.856087
v 4.431358 3.555743 -8.751085
v 4.425142 3.540358 -10.856087
v 4.425142 3.540358 -8.751085
v 4.577439 3.917213 -8.685863
v 4.581121 3.926812 -8.735090
v 4.580884 3.925741 -10.859858
v 4.577439 3.917213 -10.882945
v 4.828075 3.815949 -10.882945
v 4.828075 3.815949 -8.685863
v 4.602182 3.897328 -10.858357
v 4.603442 3.901090 -8.740822
v 4.609300 3.915427 -8.735090
v 4.609062 3.914356 -10.859858
v 4.620768 3.943650 -8.729357
v 4.621552 3.945270 -10.861359
v 4.407057 3.553839 -11.040741
v 4.405260 3.554589 -11.040998
v 4.400475 3.556129 -11.038309
v 4.399271 3.556107 -11.034619
v 4.400300 3.555205 -11.030987
v 4.403165 3.553767 -11.028801
v 4.404963 3.553016 -11.028543
v 4.438641 3.634597 -11.051851
v 4.436815 3.635274 -11.052109
v 4.432275 3.637437 -11.049420
v 4.431423 3.638304 -11.045736
v 4.432801 3.638290 -11.042109
v 4.435884 3.637401 -11.039924
v 4.437711 3.636725 -11.039665
v 4.466210 3.705304 -11.064831
v 4.464383 3.705980 -11.065089
v 4.459844 3.708143 -11.062401
v 4.458992 3.709011 -11.058717
v 4.460370 3.708997 -11.055088
v 4.463453 3.708109 -11.052903
v 4.465279 3.707432 -11.052646
v 4.515733 3.832121 -11.085149
v 4.513912 3.832807 -11.085320
v 4.509319 3.834884 -11.083373
v 4.508391 3.835629 -11.080745
v 4.509692 3.835488 -11.078176
v 4.512729 3.834526 -11.076646
v 4.514549 3.833839 -11.076475
v 4.542826 3.900636 -11.083110
v 4.541106 3.901591 -11.083500
v 4.535668 3.901405 -11.079701
v 4.533535 3.898921 -11.074433
v 4.533632 3.895557 -11.069221
v 4.535923 3.892597 -11.066058
v 4.537642 3.891643 -11.065668
v 4.554091 3.928150 -11.067447
v 4.552539 3.929520 -11.067674
v 4.545689 3.925846 -11.065238
v 4.541543 3.918388 -11.061912
v 4.539626 3.910049 -11.058643
v 4.540672 3.904016 -11.056680
v 4.542225 3.902647 -11.056453
v 4.560920 3.943658 -11.040170
v 4.559447 3.945207 -11.040050
v 4.551929 3.940033 -11.040542
v 4.546831 3.930436 -11.041387
v 4.543963 3.919963 -11.042290
v 4.544420 3.912606 -11.042907
v 4.545894 3.911059 -11.043025
v 4.549817 3.913620 -11.011203
v 4.548086 3.914494 -11.010801
v 4.542745 3.914992 -11.013669
v 4.540750 3.913483 -11.017906
v 4.540985 3.911095 -11.022200
v 4.543361 3.908738 -11.024913
v 4.545092 3.907863 -11.025314
v 4.522077 3.843734 -11.017326
v 4.520113 3.844019 -11.016902
v 4.516726 3.849480 -11.019940
v 4.517518 3.855049 -11.024423
v 4.520541 3.859737 -11.028958
v 4.524640 3.861756 -11.031822
v 4.526602 3.861470 -11.032247
v 4.511028 3.816833 -11.033955
v 4.508996 3.816949 -11.033626
v 4.506190 3.823831 -11.035862
v 4.507812 3.831427 -11.039202
v 4.511663 3.838141 -11.042594
v 4.516274 3.841411 -11.044751
v 4.518307 3.841296 -11.045078
v 4.502434 3.796247 -11.052055
v 4.500359 3.796255 -11.051709
v 4.497911 3.804053 -11.054081
v 4.500046 3.812961 -11.057609
v 4.504410 3.820986 -11.061191
v 4.509337 3.825067 -11.063464
v 4.511413 3.825059 -11.063809
v 4.490645 3.768464 -11.083766
v 4.488520 3.768342 -11.083402
v 4.486502 3.777239 -11.085930
v 4.489247 3.787710 -11.089685
v 4.494222 3.797297 -11.093495
v 4.499529 3.802348 -11.095908
v 4.501655 3.802470 -11.096271
v 4.480361 3.744156 -11.110373
v 4.478255 3.744073 -11.109831
v 4.476068 3.752637 -11.113864
v 4.478570 3.762635 -11.119768
v 4.483303 3.771750 -11.125723
v 4.488458 3.776503 -11.129466
v 4.490564 3.776588 -11.130007
v 4.474376 3.729990 -11.125537
v 4.472363 3.730132 -11.124879
v 4.469403 3.736806 -11.129889
v 4.470804 3.744105 -11.137187
v 4.474437 3.750524 -11.144536
v 4.478912 3.753611 -11.149139
v 4.480926 3.753470 -11.149796
v 4.459119 3.692591 -11.144661
v 4.457307 3.693243 -11.143994
v 4.452652 3.695625 -11.149087
v 4.451633 3.696799 -11.156499
v 4.452847 3.697099 -11.163964
v 4.455827 3.696402 -11.168639
v 4.457639 3.695749 -11.169307
v 4.448071 3.664295 -11.140055
v 4.446378 3.665260 -11.139598
v 4.440725 3.665001 -11.142940
v 4.438286 3.662412 -11.147851
v 4.438080 3.658947 -11.152820
v 4.440181 3.655922 -11.155950
v 4.441875 3.654959 -11.156407
v 4.438411 3.638649 -11.122299
v 4.436707 3.639599 -11.121982
v 4.431141 3.639479 -11.124141
v 4.428823 3.637085 -11.127367
v 4.428737 3.633817 -11.130650
v 4.430914 3.630914 -11.132737
v 4.432618 3.629965 -11.133055
v 4.433793 3.625012 -11.102276
v 4.431880 3.626056 -11.102066
v 4.425750 3.626065 -11.103253
v 4.423285 3.623592 -11.105113
v 4.423315 3.620146 -11.107034
v 4.425825 3.617030 -11.108286
v 4.427739 3.615987 -11.108496
v 4.431320 3.617081 -11.076990
v 4.429410 3.618147 -11.076982
v 4.423247 3.617963 -11.076472
v 4.420737 3.615217 -11.075908
v 4.420722 3.611493 -11.075410
v 4.423202 3.608206 -11.075166
v 4.425113 3.607140 -11.075172
v 4.432610 3.618590 -11.050252
v 4.430697 3.619651 -11.050269
v 4.424554 3.619503 -11.049554
v 4.422072 3.616808 -11.048694
v 4.422084 3.613135 -11.047900
v 4.424582 3.609879 -11.047475
v 4.426495 3.608819 -11.047458
v 4.434709 3.622816 -11.033612
v 4.432767 3.623811 -11.033763
v 4.426871 3.624215 -11.031935
v 4.424742 3.622308 -11.029489
v 4.425105 3.619422 -11.027108
v 4.427821 3.616654 -11.025701
v 4.429763 3.615659 -11.025551
v 4.447068 3.652597 -11.010291
v 4.445025 3.653354 -11.010719
v 4.439977 3.655753 -11.006557
v 4.439060 3.656699 -11.000774
v 4.440632 3.656658 -10.995066
v 4.444097 3.655650 -10.991599
v 4.446140 3.654893 -10.991172
v 4.457755 3.679811 -11.012360
v 4.455647 3.680411 -11.012914
v 4.451142 3.684117 -11.007690
v 4.451000 3.686929 -11.000397
v 4.453348 3.688751 -10.993176
v 4.457291 3.688896 -10.988774
v 4.459399 3.688294 -10.988221
v 4.464833 3.698921 -11.030221
v 4.462508 3.698941 -11.030319
v 4.459827 3.707521 -11.028914
v 4.462291 3.717292 -11.027071
v 4.467240 3.726065 -11.025293
v 4.472794 3.730510 -11.024260
v 4.475118 3.730487 -11.024163
v 4.466750 3.704867 -11.046768
v 4.464436 3.704906 -11.046741
v 4.461668 3.713333 -11.046380
v 4.464005 3.722883 -11.046031
v 4.468829 3.731437 -11.045745
v 4.474304 3.735744 -11.045633
v 4.476619 3.735704 -11.045660
v 4.466270 3.705077 -11.068433
v 4.464001 3.705215 -11.068172
v 4.460852 3.712805 -11.069779
v 4.462646 3.721161 -11.072238
v 4.466926 3.728522 -11.074759
v 4.472065 3.732093 -11.076380
v 4.474334 3.731953 -11.076641
v 4.458978 3.688059 -11.090622
v 4.456964 3.688816 -11.089904
v 4.451674 3.691231 -11.095355
v 4.450408 3.692198 -11.103297
v 4.451635 3.692183 -11.111296
v 4.454885 3.691189 -11.116307
v 4.456898 3.690431 -11.117026
v 4.453420 3.674240 -11.094635
v 4.451422 3.675043 -11.094014
v 4.446004 3.677082 -11.098634
v 4.444556 3.677507 -11.105392
v 4.445601 3.676954 -11.112205
v 4.448739 3.675628 -11.116485
v 4.450737 3.674826 -11.117103
v 4.439065 3.636590 -11.075257
v 4.437016 3.637286 -11.074931
v 4.432014 3.640217 -11.077100
v 4.431160 3.641918 -11.080361
v 4.432798 3.642637 -11.083682
v 4.436302 3.642098 -11.085801
v 4.438351 3.641403 -11.086129
v 4.393631 3.520851 -11.056400
v 4.391920 3.521803 -11.056422
v 4.386415 3.521652 -11.055720
v 4.384187 3.519217 -11.054865
v 4.384190 3.515904 -11.054066
v 4.386422 3.512976 -11.053631
v 4.388133 3.512023 -11.053609
v 4.390313 3.515173 -11.097882
v 4.388589 3.516086 -11.097775
v 4.383188 3.516267 -11.098158
v 4.381108 3.514309 -11.098851
v 4.381258 3.511470 -11.099601
v 4.383581 3.508837 -11.100122
v 4.385305 3.507925 -11.100230
v 4.394798 3.528118 -11.121914
v 4.392925 3.528636 -11.121585
v 4.388781 3.532128 -11.123845
v 4.388494 3.534890 -11.127213
v 4.390437 3.536770 -11.130639
v 4.393868 3.537053 -11.132813
v 4.395741 3.536535 -11.133143
v 4.397957 3.534358 -11.128149
v 4.528776 3.869762 -11.074574
v 4.526958 3.870462 -11.074874
v 4.523939 3.871531 -11.077361
v 4.522664 3.871840 -11.081481
v 4.523618 3.871265 -11.085658
v 4.528230 3.869307 -11.088691
v 4.530048 3.868607 -11.088392
v 4.534488 3.880859 -11.023242
v 4.532712 3.881618 -11.022805
v 4.530003 3.883112 -11.019834
v 4.529227 3.884104 -11.015121
v 4.530683 3.884218 -11.010465
v 4.535645 3.882741 -11.007304
v 4.537421 3.881982 -11.007741
v 4.468009 3.717455 -11.099839
v 4.465837 3.717824 -11.099338
v 4.461411 3.715941 -11.095935
v 4.458282 3.711308 -11.090537
v 4.457641 3.705684 -11.085196
v 4.461598 3.700007 -11.081570
v 4.463771 3.699640 -11.082071
v 4.467220 3.708778 -10.998349
v 4.465036 3.709183 -10.998837
v 4.460530 3.707580 -11.002761
v 4.457272 3.703400 -11.009210
v 4.456502 3.698228 -11.015731
v 4.460368 3.692868 -11.020412
v 4.462553 3.692464 -11.019923
v 4.437325 3.633359 -11.003366
v 4.435332 3.634236 -11.003654
v 4.432242 3.636124 -11.006091
v 4.431274 3.637588 -11.010136
v 4.432797 3.638068 -11.014250
v 4.438270 3.636666 -11.017245
v 4.440262 3.635790 -11.016956
v 4.443541 3.655831 -11.105530
v 4.441575 3.656730 -11.105128
v 4.438679 3.658773 -11.102459
v 4.438023 3.660485 -11.098248
v 4.439861 3.661220 -11.094097
v 4.445553 3.659993 -11.091304
v 4.447519 3.659094 -11.091704
v 4.399993 3.536138 -11.043749
v 4.398227 3.536963 -11.043958
v 4.393182 3.537873 -11.041676
v 4.391608 3.536949 -11.038568
v 4.392266 3.535147 -11.035516
v 4.394903 3.533154 -11.033690
v 4.396669 3.532327 -11.033480
v 4.390460 3.513988 -11.074235
v 4.388741 3.514920 -11.074192
v 4.383289 3.514935 -11.074033
v 4.381135 3.512739 -11.073952
v 4.381211 3.509663 -11.073927
v 4.383489 3.506882 -11.073971
v 4.385206 3.505949 -11.074014
v 4.393454 3.522417 -11.113088
v 4.391168 3.523485 -11.112865
v 4.384517 3.524713 -11.114064
v 4.382343 3.523581 -11.115964
v 4.383070 3.521303 -11.117937
v 4.386420 3.518750 -11.119233
v 4.388706 3.517682 -11.119456
v 4.546636 3.912080 -11.029963
v 4.545022 3.913264 -11.029711
v 4.543526 3.917922 -11.028109
v 4.544712 3.924031 -11.025612
v 4.549254 3.932174 -11.024125
v 4.557319 3.938774 -11.024251
v 4.558932 3.937589 -11.024503
v 4.544059 3.906853 -11.049739
v 4.542546 3.908311 -11.049793
v 4.541795 3.915006 -11.050467
v 4.544187 3.924412 -11.051649
v 4.548810 3.932939 -11.052890
v 4.557622 3.941607 -11.055613
v 4.559135 3.940147 -11.055558
v 4.374831 3.456139 -10.972807
v 4.384111 3.478947 -10.948183
v 4.373599 3.483224 -10.972807
v 4.576808 3.952520 -10.911194
v 4.586089 3.975328 -10.935817
v 4.566296 3.956798 -10.935817
v 4.566296 3.956798 -11.172332
v 4.586089 3.975328 -11.172332
v 4.576808 3.952520 -11.196956
v 4.384111 3.478947 -11.233945
v 4.374831 3.456139 -11.209321
v 4.373599 3.483224 -11.209321
v 4.434207 3.602064 -10.948183
v 4.423696 3.606341 -10.972807
v 4.410571 3.574086 -10.972807
v 4.421083 3.569808 -10.948183
v 4.615870 3.358060 -10.972807
v 4.625151 3.380868 -10.948183
v 4.662122 3.471730 -10.948183
v 4.675247 3.503985 -10.948183
v 4.817848 3.854441 -10.911194
v 4.827128 3.877249 -10.935817
v 4.827128 3.877249 -11.172332
v 4.817848 3.854441 -11.196955
v 4.526712 3.829403 -11.196955
v 4.516200 3.833680 -11.172332
v 4.529325 3.865936 -11.172332
v 4.539836 3.861659 -11.196955
v 4.780876 3.763580 -11.196955
v 4.767751 3.731324 -11.196956
v 4.625151 3.380868 -11.233945
v 4.615870 3.358060 -11.209321
v 4.487022 3.731861 -10.935880
v 4.476510 3.736138 -10.960504
v 4.463385 3.703883 -10.960504
v 4.473897 3.699606 -10.935880
v 4.539836 3.861659 -10.911194
v 4.529325 3.865936 -10.935817
v 4.516200 3.833680 -10.935817
v 4.526712 3.829403 -10.911194
v 4.487022 3.731861 -11.221642
v 4.473897 3.699606 -11.221642
v 4.463385 3.703883 -11.197019
v 4.476510 3.736138 -11.197019
v 4.421379 3.570535 -11.233945
v 4.410571 3.574086 -11.209321
v 4.423696 3.606341 -11.209321
v 4.433912 3.601337 -11.233945
v 4.728061 3.633782 -11.221642
v 4.714937 3.601527 -11.221642
v 4.675247 3.503985 -11.233945
v 4.662122 3.471730 -11.233945
v 4.728061 3.633782 -10.935880
v 4.714937 3.601527 -10.935880
v 4.767751 3.731324 -10.911194
v 4.780876 3.763580 -10.911194
v 4.502829 3.770709 -11.212206
v 4.492317 3.774987 -11.187582
v 4.492317 3.774987 -10.951068
v 4.502829 3.770709 -10.926444
v 4.743868 3.672630 -10.926444
v 4.743868 3.672630 -11.212206
v 4.450846 3.642955 -10.935880
v 4.440334 3.647233 -10.960504
v 4.440334 3.647233 -11.197019
v 4.450846 3.642955 -11.221642
v 4.691885 3.544877 -11.221642
v 4.691885 3.544877 -10.935880
v 4.417831 3.578874 -10.977347
v 4.430358 3.609661 -10.977347
v 4.430358 3.609661 -11.203095
v 4.417831 3.578874 -11.203095
v 4.531179 3.857439 -11.167790
v 4.518651 3.826652 -11.167790
v 4.518651 3.826652 -10.942042
v 4.531179 3.857439 -10.942042
v 4.468241 3.702763 -10.965605
v 4.480769 3.733550 -10.965605
v 4.480769 3.733550 -11.191353
v 4.468241 3.702763 -11.191353
v 4.382543 3.492149 -10.977347
v 4.382543 3.492149 -11.203095
v 4.566467 3.944164 -10.942042
v 4.566467 3.944164 -11.167790
v 4.495856 3.770629 -11.182346
v 4.495856 3.770629 -10.956599
v 4.446239 3.648691 -10.965605
v 4.446239 3.648691 -11.191353
v 4.396646 3.523999 -11.117665
v 4.393254 3.525270 -11.116552
v 4.390772 3.526065 -11.113688
v 4.389863 3.526173 -11.109839
v 4.390772 3.525562 -11.106038
v 4.393254 3.524398 -11.103303
v 4.396646 3.522993 -11.102366
v 4.397681 3.527080 -11.124621
v 4.391130 3.529535 -11.122472
v 4.386334 3.531072 -11.116938
v 4.384579 3.531279 -11.109504
v 4.386334 3.530100 -11.102160
v 4.391130 3.527851 -11.096875
v 4.397681 3.525136 -11.095066
v 4.399328 3.531638 -11.130469
v 4.390063 3.535110 -11.127429
v 4.383281 3.537283 -11.119603
v 4.380799 3.537576 -11.109089
v 4.383281 3.535908 -11.098704
v 4.390063 3.532729 -11.091231
v 4.399328 3.528888 -11.088672
v 4.401474 3.537363 -11.134809
v 4.390128 3.541615 -11.131085
v 4.381822 3.544277 -11.121502
v 4.378781 3.544635 -11.108624
v 4.381822 3.542593 -11.095906
v 4.390128 3.538698 -11.086753
v 4.401474 3.533995 -11.083618
v 4.403974 3.543863 -11.137347
v 4.391318 3.548606 -11.133194
v 4.382054 3.551575 -11.122504
v 4.378663 3.551974 -11.108142
v 4.382054 3.549696 -11.093956
v 4.391318 3.545352 -11.083747
v 4.403974 3.540106 -11.080251
v 4.406656 3.550696 -11.137909
v 4.393555 3.555607 -11.133609
v 4.383963 3.558681 -11.122542
v 4.380453 3.559093 -11.107674
v 4.383963 3.556736 -11.092987
v 4.393555 3.552239 -11.082417
v 4.406656 3.546807 -11.078798
v 4.409339 3.557397 -11.136456
v 4.396683 3.562140 -11.132303
v 4.387419 3.565110 -11.121614
v 4.384028 3.565509 -11.107251
v 4.387419 3.563231 -11.093065
v 4.396683 3.558887 -11.082856
v 4.409339 3.553641 -11.079360
v 4.411839 3.563509 -11.133089
v 4.400492 3.567762 -11.129366
v 4.392186 3.570424 -11.119781
v 4.389145 3.570782 -11.106904
v 4.392186 3.568740 -11.094186
v 4.400492 3.564845 -11.085032
v 4.411839 3.560142 -11.081898
v 4.413985 3.568616 -11.128036
v 4.404720 3.572088 -11.124996
v 4.397938 3.574261 -11.117170
v 4.395456 3.574553 -11.106656
v 4.397938 3.572886 -11.096272
v 4.404720 3.569706 -11.088799
v 4.413985 3.565866 -11.086239
v 4.415632 3.572369 -11.121642
v 4.409081 3.574823 -11.119492
v 4.404285 3.576360 -11.113958
v 4.402530 3.576567 -11.106524
v 4.404285 3.575388 -11.099181
v 4.409081 3.573140 -11.093896
v 4.415632 3.570424 -11.092087
v 4.416667 3.574512 -11.114342
v 4.413276 3.575782 -11.113229
v 4.410794 3.576578 -11.110364
v 4.409885 3.576685 -11.106516
v 4.410794 3.576075 -11.102715
v 4.413276 3.574911 -11.099979
v 4.416667 3.573505 -11.099043
v 4.396292 3.522605 -11.110074
v 4.417020 3.574899 -11.106633
vt 0.235933 0.283255
vt 0.187258 0.333245
vt 0.252966 0.332881
vt 0.187258 0.369900
vt 0.252909 0.382488
vt 0.187258 0.406556
vt 0.252851 0.432095
vt 0.187258 0.443212
vt 0.264187 0.481715
vt 0.187257 0.479868
vt 0.264130 0.531321
vt 0.038941 0.516523
vt 0.187258 0.479867
vt 0.038941 0.479868
vt 0.187258 0.443211
vt 0.038941 0.443212
vt 0.187258 0.406556
vt 0.038940 0.406556
vt 0.187258 0.369900
vt 0.038940 0.369900
vt 0.187258 0.333244
vt 0.038940 0.333245
vt 0.187258 0.286493
vt 0.341110 0.585898
vt 0.341110 0.524048
vt 0.329972 0.475554
vt 0.329972 0.427059
vt 0.329972 0.378564
vt 0.313264 0.330069
vt 0.313264 0.281575
vt 0.046477 0.020890
vt 0.965765 0.020890
vt 0.965765 0.057270
vt 0.048331 0.094756
vt 0.967618 0.136943
vt 0.048331 0.093966
vt 0.967618 0.136459
vt 0.048331 0.094343
vt 0.967618 0.136790
vt 0.048331 0.093466
vt 0.967618 0.135512
vt 0.049067 0.160211
vt 0.966291 0.200017
vt 0.012267 0.673066
vt 0.046477 0.026809
vt 0.965765 0.026809
vt 0.967618 0.094756
vt 0.048331 0.094756
vt 0.967618 0.093966
vt 0.048331 0.093966
vt 0.967618 0.136459
vt 0.048331 0.094343
vt 0.967618 0.136790
vt 0.048331 0.093466
vt 0.967618 0.135512
vt 0.048331 0.135512
vt 0.968354 0.190589
vt 0.050047 0.190911
vt 0.176627 0.042287
vt 0.176829 0.026809
vt 0.965765 0.042287
vt 0.178438 0.094756
vt 0.046477 0.042287
vt 0.178523 0.114932
vt 0.967618 0.114932
vt 0.178781 0.093966
vt 0.048331 0.114932
vt 0.179161 0.113377
vt 0.967618 0.113377
vt 0.179630 0.094343
vt 0.048331 0.113377
vt 0.180182 0.115512
vt 0.967618 0.115512
vt 0.180767 0.093466
vt 0.048331 0.115512
vt 0.181369 0.113691
vt 0.967618 0.113691
vt 0.182639 0.160211
vt 0.048331 0.113691
vt 0.183026 0.175526
vt 0.968354 0.175526
vt 0.183401 0.190589
vt 0.049067 0.175526
vt 0.112344 0.033157
vt 0.046477 0.033157
vt 0.112708 0.026809
vt 0.176651 0.033157
vt 0.112265 0.042287
vt 0.114088 0.108924
vt 0.048331 0.108924
vt 0.112021 0.057270
vt 0.178421 0.108924
vt 0.114388 0.114932
vt 0.114668 0.108091
vt 0.048331 0.108091
vt 0.114445 0.136943
vt 0.178981 0.108091
vt 0.115034 0.113377
vt 0.115716 0.106300
vt 0.048331 0.106300
vt 0.115313 0.136459
vt 0.179953 0.106300
vt 0.116164 0.115512
vt 0.117142 0.107245
vt 0.048331 0.107245
vt 0.116649 0.136790
vt 0.181139 0.107245
vt 0.117566 0.113691
vt 0.118733 0.167751
vt 0.049067 0.167751
vt 0.117902 0.135512
vt 0.182809 0.167751
vt 0.119084 0.175526
vt 0.240824 0.033157
vt 0.240960 0.026809
vt 0.965765 0.033157
vt 0.240720 0.042287
vt 0.240829 0.049641
vt 0.965765 0.049641
vt 0.240776 0.057270
vt 0.176629 0.049641
vt 0.112073 0.049641
vt 0.046477 0.049641
vt 0.242685 0.108924
vt 0.967618 0.108924
vt 0.242689 0.114932
vt 0.242901 0.124677
vt 0.967618 0.124677
vt 0.243035 0.136943
vt 0.178636 0.124677
vt 0.114447 0.124677
vt 0.048331 0.124677
vt 0.243236 0.108091
vt 0.967618 0.108091
vt 0.243324 0.113377
vt 0.243615 0.123420
vt 0.967618 0.123420
vt 0.243849 0.136459
vt 0.179348 0.123420
vt 0.115161 0.123420
vt 0.048331 0.123420
vt 0.244136 0.106300
vt 0.967618 0.106300
vt 0.244273 0.115512
vt 0.244606 0.125196
vt 0.967618 0.125196
vt 0.244895 0.136790
vt 0.180412 0.125196
vt 0.116368 0.125196
vt 0.048331 0.125196
vt 0.245226 0.107245
vt 0.967618 0.107245
vt 0.245383 0.113691
vt 0.245720 0.123629
vt 0.967618 0.123629
vt 0.245995 0.135512
vt 0.181591 0.123629
vt 0.117745 0.123629
vt 0.048331 0.123629
vt 0.246853 0.167751
vt 0.968354 0.167751
vt 0.246958 0.175526
vt 0.247237 0.184412
vt 0.968354 0.184412
vt 0.247263 0.190589
vt 0.183251 0.184412
vt 0.119330 0.184412
vt 0.120664 0.188798
vt 0.049067 0.184412
vt 0.999084 0.727984
vt 0.299687 0.222211
vt 0.313264 0.236758
vt 0.187258 0.516523
vt 0.993245 0.655218
vt 0.029321 0.655218
vt 0.187258 0.249838
vt 0.187258 0.286494
vt 0.038941 0.260833
vt 0.236006 0.219987
vt 0.187257 0.550399
vt 0.187240 0.550399
vt 0.187240 0.516523
vt 0.031176 0.952432
vt 0.995879 0.835067
vt 0.029683 0.950658
vt 0.997371 0.836841
vt 0.997371 0.950658
vt 0.038940 0.286494
vt 0.038940 0.260834
vt 0.041104 0.665171
vt 0.187258 0.260834
vt 0.264077 0.577165
vt 0.187257 0.561395
vt 0.187240 0.561395
vt 0.038941 0.550399
vt 0.187258 0.260833
vt 0.038940 0.249838
vt 0.024208 0.697862
vt 0.983651 0.699168
vt 0.964630 0.665171
vt 0.993245 0.629919
vt 0.022861 0.721291
vt 0.988857 0.719985
vt 0.293750 0.281575
vt 0.027669 0.694513
vt 0.978996 0.690934
vt 0.977298 0.695211
vt 0.049067 0.167751
vt 0.968354 0.167751
vt 0.968354 0.175526
vt 0.264158 0.506560
vt 0.187257 0.498226
vt 0.038941 0.498226
vt 0.313264 0.305781
vt 0.187249 0.498226
vt 0.049067 0.175526
vt 0.968354 0.184412
vt 0.049067 0.184412
vt 0.048331 0.123629
vt 0.293772 0.342354
vt 0.322205 0.356021
vt 0.187258 0.460251
vt 0.038941 0.460252
vt 0.187258 0.460252
vt 0.258121 0.455161
vt 0.967618 0.123629
vt 0.967618 0.123629
vt 0.048331 0.113691
vt 0.293772 0.356021
vt 0.967618 0.113691
vt 0.967618 0.113691
vt 0.048331 0.113826
vt 0.293772 0.369332
vt 0.967618 0.089007
vt 0.967618 0.089007
vt 0.048331 0.125196
vt 0.293772 0.389817
vt 0.329972 0.403051
vt 0.187258 0.424703
vt 0.038941 0.424703
vt 0.187258 0.424703
vt 0.252881 0.407046
vt 0.967618 0.125196
vt 0.967618 0.125196
vt 0.048331 0.115512
vt 0.293772 0.403051
vt 0.967618 0.115512
vt 0.967618 0.115512
vt 0.048331 0.106300
vt 0.293772 0.415156
vt 0.967618 0.106300
vt 0.967618 0.106300
vt 0.048331 0.123420
vt 0.293772 0.441471
vt 0.329972 0.455070
vt 0.187258 0.385383
vt 0.038940 0.385384
vt 0.187258 0.385384
vt 0.252941 0.353835
vt 0.967618 0.123420
vt 0.967618 0.123420
vt 0.048331 0.113377
vt 0.293772 0.455070
vt 0.967618 0.113377
vt 0.967618 0.113377
vt 0.048331 0.112492
vt 0.293772 0.468064
vt 0.967618 0.088060
vt 0.967618 0.088060
vt 0.048331 0.124677
vt 0.293772 0.488310
vt 0.335914 0.501422
vt 0.187258 0.350346
vt 0.038940 0.350347
vt 0.187258 0.350347
vt 0.243880 0.306409
vt 0.967618 0.124677
vt 0.967618 0.124677
vt 0.048331 0.114932
vt 0.293772 0.501422
vt 0.967618 0.114932
vt 0.967618 0.114932
vt 0.048331 0.114961
vt 0.293772 0.514625
vt 0.967618 0.090253
vt 0.967618 0.090253
vt 0.046477 0.049641
vt 0.341110 0.554044
vt 0.187258 0.310571
vt 0.038940 0.310572
vt 0.187258 0.310572
vt 0.235968 0.252572
vt 0.965765 0.049641
vt 0.046477 0.042287
vt 0.965765 0.042287
vt 0.046477 0.033157
vt 0.965765 0.033157
vt 0.038959 0.529353
vt 0.986252 0.706184
vt 0.023533 0.706184
vt 0.313264 0.264601
vt 0.187240 0.529353
vt 0.038941 0.529353
vt 0.187257 0.529353
vt 0.024208 0.697876
vt 0.983651 0.699181
vt 0.986251 0.706197
vt 0.023532 0.706197
vt 0.988856 0.719999
vt 0.022859 0.721305
vt 0.216035 0.246855
vt 0.216021 0.259174
vt 0.293772 0.559610
vt 0.984062 0.619078
vt 0.216008 0.271058
vt 0.293772 0.547566
vt 0.215994 0.283232
vt 0.293772 0.535949
vt 0.215982 0.292871
vt 0.215967 0.306377
vt 0.048331 0.114961
vt 0.293772 0.524048
vt 0.215951 0.319790
vt 0.048331 0.114932
vt 0.215936 0.332838
vt 0.048331 0.124677
vt 0.215927 0.340500
vt 0.215912 0.353792
vt 0.048331 0.112492
vt 0.293772 0.475554
vt 0.215896 0.367702
vt 0.048331 0.113377
vt 0.215878 0.382445
vt 0.048331 0.123420
vt 0.215864 0.394620
vt 0.215850 0.407003
vt 0.048331 0.106300
vt 0.293772 0.427059
vt 0.215834 0.420541
vt 0.048331 0.115512
vt 0.215821 0.432052
vt 0.048331 0.125196
vt 0.215810 0.441495
vt 0.215794 0.455112
vt 0.048331 0.113826
vt 0.293772 0.378564
vt 0.215778 0.469091
vt 0.048331 0.113691
vt 0.215763 0.481659
vt 0.048331 0.123629
vt 0.293772 0.294096
vt 0.293772 0.305781
vt 0.215721 0.518457
vt 0.293772 0.318230
vt 0.215735 0.506503
vt 0.215750 0.493769
vt 0.293772 0.330069
vt 0.216051 0.233626
vt 0.048774 0.196196
vt 0.965787 0.694570
vt 0.264110 0.548684
vt 0.038958 0.550399
vt 0.038940 0.286493
vt 0.038941 0.310571
vt 0.038940 0.333244
vt 0.038941 0.350346
vt 0.038941 0.369900
vt 0.038941 0.385383
vt 0.038941 0.406556
vt 0.038940 0.424703
vt 0.038940 0.443211
vt 0.038940 0.460251
vt 0.038940 0.479867
vt 0.038949 0.498226
vt 0.038959 0.516523
vt 0.038941 0.249837
vt 0.967156 0.637821
vt 0.995879 0.952432
vt 0.021560 0.728482
vt 0.038941 0.561395
vt 0.038958 0.561395
vt 0.248517 0.592028
vt 0.031176 0.835067
vt 0.187258 0.249837
vt 0.029683 0.836841
vt 0.297598 0.233727
vt 0.244895 0.093466
vt 0.967618 0.093466
vt 0.243849 0.094343
vt 0.967618 0.094343
vt 0.243035 0.093966
vt 0.967618 0.136943
vt 0.116649 0.093466
vt 0.180767 0.136790
vt 0.115313 0.094343
vt 0.179630 0.136459
vt 0.114445 0.093966
vt 0.178781 0.136943
vt 0.048331 0.135512
vt 0.968354 0.160211
vt 0.048331 0.136790
vt 0.048331 0.136790
vt 0.967618 0.093466
vt 0.048331 0.136459
vt 0.048331 0.136459
vt 0.967618 0.094343
vt 0.048331 0.136943
vt 0.048331 0.136943
vt 0.967618 0.093966
vt 0.046477 0.057270
vt 0.967618 0.094756
vt 0.296508 0.257926
vt 0.295419 0.271255
vt 0.289874 0.276618
vt 0.227552 0.556273
vt 0.223310 0.544770
vt 0.212912 0.538268
vt 0.231783 0.578895
vt 0.037920 0.637336
vt 0.037529 0.619078
vt 0.029321 0.629919
vt 0.293772 0.572542
vt 0.025247 0.691420
vt 0.293772 0.281575
vt 0.215705 0.531265
vt 0.215706 0.531265
vt 0.246730 0.160211
vt 0.968354 0.160211
vt 0.118637 0.160211
vt 0.181903 0.135512
vt 0.049067 0.160211
vt 0.242630 0.094756
vt 0.965765 0.057270
vt 0.113875 0.094756
vt 0.176585 0.057270
vt 0.046477 0.057270
vt 0.573344 0.371577
vt 0.573436 0.371563
vt 0.573652 0.375727
vt 0.573558 0.375731
vt 0.573702 0.371504
vt 0.573924 0.375715
vt 0.573881 0.371457
vt 0.574109 0.375706
vt 0.574062 0.371411
vt 0.574295 0.375696
vt 0.574245 0.371369
vt 0.574480 0.375688
vt 0.574337 0.371350
vt 0.574574 0.375684
vt 0.569761 0.367932
vt 0.569691 0.367996
vt 0.569246 0.367654
vt 0.569789 0.367666
vt 0.569663 0.367532
vt 0.569530 0.367441
vt 0.569413 0.367311
vt 0.569349 0.367251
vt 0.590638 0.388174
vt 0.590693 0.388246
vt 0.590783 0.388925
vt 0.590831 0.388466
vt 0.590900 0.388580
vt 0.590940 0.388697
vt 0.590865 0.388854
vt 0.573737 0.379408
vt 0.573644 0.379411
vt 0.574010 0.379397
vt 0.574195 0.379387
vt 0.574380 0.379377
vt 0.574566 0.379369
vt 0.574660 0.379367
vt 0.573970 0.385982
vt 0.573876 0.385986
vt 0.574228 0.385973
vt 0.574367 0.385970
vt 0.574504 0.385966
vt 0.574673 0.385958
vt 0.574766 0.385953
vt 0.574047 0.387843
vt 0.573953 0.387854
vt 0.574326 0.387827
vt 0.574532 0.387826
vt 0.574737 0.387825
vt 0.574931 0.387811
vt 0.575023 0.387794
vt 0.574183 0.389481
vt 0.574277 0.389462
vt 0.574754 0.390945
vt 0.574659 0.390968
vt 0.574573 0.389346
vt 0.575014 0.390651
vt 0.574840 0.389220
vt 0.575265 0.390297
vt 0.575107 0.389093
vt 0.575512 0.389934
vt 0.575319 0.388995
vt 0.575693 0.389681
vt 0.575407 0.388957
vt 0.575766 0.389613
vt 0.575121 0.391645
vt 0.575043 0.391700
vt 0.575445 0.391133
vt 0.575661 0.390718
vt 0.575855 0.390296
vt 0.575985 0.390003
vt 0.576047 0.389923
vt 0.575645 0.392148
vt 0.575680 0.392055
vt 0.576426 0.392116
vt 0.576447 0.392206
vt 0.575832 0.391650
vt 0.576633 0.391671
vt 0.576006 0.391168
vt 0.576815 0.391259
vt 0.576181 0.390675
vt 0.576878 0.390937
vt 0.576288 0.390336
vt 0.576924 0.390684
vt 0.576336 0.390244
vt 0.576946 0.390589
vt 0.577639 0.391667
vt 0.577596 0.391583
vt 0.578952 0.390787
vt 0.579008 0.390863
vt 0.577492 0.391309
vt 0.578813 0.390533
vt 0.577424 0.391085
vt 0.578724 0.390320
vt 0.577358 0.390860
vt 0.578637 0.390107
vt 0.577297 0.390660
vt 0.578543 0.389924
vt 0.577266 0.390570
vt 0.578489 0.389846
vt 0.580568 0.389623
vt 0.580513 0.389544
vt 0.581551 0.388355
vt 0.581616 0.388428
vt 0.580210 0.389392
vt 0.581193 0.388259
vt 0.579885 0.389290
vt 0.580792 0.388211
vt 0.579557 0.389191
vt 0.580388 0.388171
vt 0.579317 0.389097
vt 0.580101 0.388123
vt 0.579237 0.389043
vt 0.580012 0.388082
vt 0.582336 0.387252
vt 0.582411 0.387319
vt 0.581940 0.387165
vt 0.581474 0.387106
vt 0.581007 0.387051
vt 0.580686 0.387001
vt 0.580591 0.386968
vt 0.583390 0.385444
vt 0.583467 0.385512
vt 0.582943 0.385366
vt 0.582397 0.385309
vt 0.581851 0.385251
vt 0.581486 0.385201
vt 0.581387 0.385171
vt 0.584311 0.383896
vt 0.584393 0.383960
vt 0.583872 0.383753
vt 0.583325 0.383604
vt 0.582779 0.383452
vt 0.582416 0.383339
vt 0.582321 0.383296
vt 0.584850 0.382989
vt 0.584923 0.383059
vt 0.584481 0.382779
vt 0.584037 0.382553
vt 0.583596 0.382326
vt 0.583300 0.382162
vt 0.583219 0.382099
vt 0.586350 0.381425
vt 0.586408 0.381499
vt 0.586157 0.381133
vt 0.585965 0.380831
vt 0.585773 0.380531
vt 0.585632 0.380306
vt 0.585582 0.380222
vt 0.587709 0.380798
vt 0.587743 0.380887
vt 0.587658 0.380488
vt 0.587636 0.380203
vt 0.587610 0.379918
vt 0.587582 0.379689
vt 0.587565 0.379595
vt 0.589281 0.380517
vt 0.589289 0.380611
vt 0.589260 0.380232
vt 0.589242 0.380010
vt 0.589222 0.379791
vt 0.589208 0.379591
vt 0.589206 0.379497
vt 0.590476 0.380567
vt 0.590464 0.380670
vt 0.590500 0.380270
vt 0.590507 0.380083
vt 0.590512 0.379897
vt 0.590527 0.379697
vt 0.590540 0.379593
vt 0.591731 0.380792
vt 0.591707 0.380893
vt 0.591840 0.380515
vt 0.591930 0.380361
vt 0.592020 0.380206
vt 0.592099 0.380026
vt 0.592131 0.379926
vt 0.592945 0.381251
vt 0.592905 0.381348
vt 0.593069 0.380985
vt 0.593150 0.380825
vt 0.593229 0.380665
vt 0.593314 0.380487
vt 0.593358 0.380391
vt 0.593692 0.381619
vt 0.593639 0.381708
vt 0.593875 0.381385
vt 0.594004 0.381262
vt 0.594131 0.381137
vt 0.594256 0.380984
vt 0.594316 0.380898
vt 0.594523 0.382262
vt 0.594452 0.382339
vt 0.594774 0.382084
vt 0.594966 0.382001
vt 0.595156 0.381915
vt 0.595328 0.381797
vt 0.595403 0.381723
vt 0.594993 0.383076
vt 0.595083 0.383021
vt 0.595647 0.384357
vt 0.595543 0.384389
vt 0.595392 0.382898
vt 0.596011 0.384269
vt 0.595662 0.382821
vt 0.596373 0.384186
vt 0.595931 0.382739
vt 0.596733 0.384100
vt 0.596151 0.382646
vt 0.597004 0.384027
vt 0.596241 0.382589
vt 0.597107 0.383991
vt 0.595747 0.385139
vt 0.595641 0.385135
vt 0.596139 0.385121
vt 0.596541 0.385099
vt 0.596940 0.385075
vt 0.597235 0.385056
vt 0.597344 0.385049
vt 0.595541 0.385718
vt 0.595650 0.385734
vt 0.595367 0.386590
vt 0.595266 0.386548
vt 0.596036 0.385935
vt 0.595730 0.386813
vt 0.596456 0.386184
vt 0.596129 0.387064
vt 0.596879 0.386421
vt 0.596530 0.387308
vt 0.597183 0.386573
vt 0.596817 0.387479
vt 0.597290 0.386606
vt 0.596913 0.387535
vt 0.594805 0.387530
vt 0.594718 0.387466
vt 0.595103 0.387801
vt 0.595422 0.388083
vt 0.595743 0.388367
vt 0.595971 0.388574
vt 0.596050 0.388651
vt 0.594264 0.388056
vt 0.594201 0.387969
vt 0.594458 0.388384
vt 0.594648 0.388710
vt 0.594832 0.389028
vt 0.594971 0.389271
vt 0.595023 0.389367
vt 0.593538 0.388270
vt 0.593584 0.388367
vt 0.592814 0.388530
vt 0.592802 0.388423
vt 0.593604 0.388750
vt 0.592828 0.388890
vt 0.593588 0.389137
vt 0.592838 0.389226
vt 0.593580 0.389521
vt 0.592847 0.389558
vt 0.593588 0.389809
vt 0.592845 0.389819
vt 0.593604 0.389916
vt 0.592832 0.389926
vt 0.592009 0.388475
vt 0.592018 0.388371
vt 0.591964 0.388801
vt 0.591937 0.389027
vt 0.591906 0.389247
vt 0.591853 0.389454
vt 0.591810 0.389551
vt 0.573092 0.370700
vt 0.573179 0.370662
vt 0.573431 0.370553
vt 0.573590 0.370484
vt 0.573749 0.370417
vt 0.573915 0.370342
vt 0.574001 0.370301
vt 0.572679 0.369784
vt 0.572600 0.369837
vt 0.571950 0.369173
vt 0.572011 0.369101
vt 0.572868 0.369591
vt 0.572168 0.368888
vt 0.572953 0.369451
vt 0.572246 0.368763
vt 0.573040 0.369313
vt 0.572324 0.368638
vt 0.573158 0.369178
vt 0.572425 0.368495
vt 0.573229 0.369115
vt 0.572482 0.368419
vt 0.571048 0.368457
vt 0.571003 0.368541
vt 0.570191 0.368285
vt 0.570245 0.368174
vt 0.571172 0.368220
vt 0.570359 0.367870
vt 0.571238 0.368091
vt 0.570390 0.367727
vt 0.571309 0.367965
vt 0.570421 0.367579
vt 0.571394 0.367814
vt 0.570470 0.367366
vt 0.571440 0.367731
vt 0.570496 0.367243
vt 0.529624 0.525638
vt 0.529674 0.515871
vt 0.660831 0.516542
vt 0.660781 0.526309
vt 0.516032 0.513166
vt 0.516285 0.463763
vt 0.529927 0.466467
vt 0.862421 0.494210
vt 0.862421 0.392854
vt 0.975056 0.392854
vt 0.975056 0.494210
vt 0.827226 0.261429
vt 0.699190 0.261429
vt 0.699190 0.275907
vt 0.827226 0.275908
vt 0.699190 0.322995
vt 0.827226 0.322995
vt 0.496837 0.255568
vt 0.510478 0.258272
vt 0.510226 0.307676
vt 0.496584 0.304972
vt 0.510555 0.243236
vt 0.641713 0.243907
vt 0.641636 0.258943
vt 0.862421 0.271609
vt 0.975056 0.271609
vt 0.975056 0.372964
vt 0.862421 0.372964
vt 0.827226 0.525323
vt 0.827226 0.478235
vt 0.699190 0.478235
vt 0.699190 0.525323
vt 0.862421 0.255677
vt 0.975056 0.255677
vt 0.655305 0.256378
vt 0.655052 0.305782
vt 0.641383 0.308347
vt 0.827226 0.494463
vt 0.699190 0.494463
vt 0.699190 0.447376
vt 0.827226 0.447376
vt 0.975056 0.388896
vt 0.862421 0.388896
vt 0.674500 0.513977
vt 0.661084 0.467138
vt 0.674754 0.464178
vt 0.827226 0.245048
vt 0.827226 0.292512
vt 0.699190 0.292135
vt 0.699190 0.245048
vt 0.699190 0.235887
vt 0.827226 0.235887
vt 0.530016 0.448929
vt 0.516375 0.446225
vt 0.509666 0.423956
vt 0.523307 0.426660
vt 0.467857 0.308040
vt 0.467857 0.322968
vt 0.366469 0.322968
vt 0.366469 0.308040
vt 0.699190 0.339711
vt 0.827226 0.339711
vt 0.641294 0.325885
vt 0.654962 0.323320
vt 0.663256 0.355277
vt 0.649587 0.357841
vt 0.382325 0.443109
vt 0.382325 0.428181
vt 0.483713 0.428181
vt 0.483713 0.443109
vt 0.699190 0.430660
vt 0.827226 0.430660
vt 0.518430 0.357171
vt 0.504789 0.354467
vt 0.496495 0.322510
vt 0.510135 0.325214
vt 0.473131 0.368111
vt 0.473131 0.383038
vt 0.371743 0.383038
vt 0.371743 0.368111
vt 0.654465 0.427331
vt 0.668133 0.424767
vt 0.674840 0.447431
vt 0.661174 0.449600
vt 0.699190 0.377444
vt 0.699190 0.360729
vt 0.827226 0.360729
vt 0.827226 0.377444
vt 0.699190 0.308851
vt 0.827226 0.308475
vt 0.699190 0.391589
vt 0.699190 0.408304
vt 0.827226 0.408304
vt 0.827226 0.391589
vt 0.699190 0.461520
vt 0.827226 0.461520
vt 0.827226 0.331371
vt 0.699190 0.331371
vt 0.699190 0.398596
vt 0.827226 0.398596
vt 0.827226 0.429456
vt 0.699190 0.429456
vt 0.699190 0.362231
vt 0.827226 0.362231
vt 0.366469 0.265988
vt 0.467857 0.265988
vt 0.483713 0.485160
vt 0.382325 0.485160
vt 0.375788 0.401017
vt 0.477176 0.401017
vt 0.473131 0.341892
vt 0.371743 0.341892
vt 0.509913 0.375616
vt 0.523555 0.378320
vt 0.523465 0.395858
vt 0.509823 0.393154
vt 0.668381 0.376427
vt 0.668291 0.393964
vt 0.654623 0.396529
vt 0.654712 0.378991
vt 0.532554 0.444986
vt 0.532469 0.461726
vt 0.657656 0.462366
vt 0.657741 0.445627
vt 0.638767 0.327543
vt 0.638852 0.310804
vt 0.513665 0.310163
vt 0.513580 0.326903
vt 0.526388 0.377592
vt 0.526301 0.394331
vt 0.651489 0.394972
vt 0.651574 0.378232
vt 0.532228 0.508881
vt 0.657415 0.509521
vt 0.513907 0.263009
vt 0.639094 0.263649
vt 0.521496 0.357405
vt 0.646683 0.358045
vt 0.526151 0.423731
vt 0.651338 0.424372
vt 0.570656 0.366100
vt 0.574875 0.366100
vt 0.574875 0.368833
vt 0.570656 0.368833
vt 0.579094 0.366100
vt 0.579094 0.368833
vt 0.583313 0.366100
vt 0.583313 0.368833
vt 0.587531 0.366100
vt 0.587531 0.368833
vt 0.591750 0.366100
vt 0.591750 0.368833
vt 0.595969 0.366100
vt 0.595969 0.368833
vt 0.574875 0.371566
vt 0.570656 0.371566
vt 0.579094 0.371566
vt 0.583313 0.371566
vt 0.587531 0.371566
vt 0.591750 0.371566
vt 0.595969 0.371566
vt 0.574875 0.374299
vt 0.570656 0.374299
vt 0.579094 0.374299
vt 0.583313 0.374299
vt 0.587531 0.374299
vt 0.591750 0.374299
vt 0.595969 0.374299
vt 0.574875 0.377031
vt 0.570656 0.377031
vt 0.579094 0.377031
vt 0.583313 0.377031
vt 0.587531 0.377031
vt 0.591750 0.377031
vt 0.595969 0.377031
vt 0.574875 0.379764
vt 0.570656 0.379764
vt 0.579094 0.379764
vt 0.583313 0.379764
vt 0.587531 0.379764
vt 0.591750 0.379764
vt 0.595969 0.379764
vt 0.574875 0.382497
vt 0.570656 0.382497
vt 0.579094 0.382497
vt 0.583313 0.382497
vt 0.587531 0.382497
vt 0.591750 0.382497
vt 0.595969 0.382497
vt 0.574875 0.385230
vt 0.570656 0.385230
vt 0.579094 0.385230
vt 0.583313 0.385230
vt 0.587531 0.385230
vt 0.591750 0.385230
vt 0.595969 0.385230
vt 0.574875 0.387963
vt 0.570656 0.387963
vt 0.579094 0.387963
vt 0.583313 0.387963
vt 0.587531 0.387963
vt 0.591750 0.387963
vt 0.595969 0.387963
vt 0.574875 0.390696
vt 0.570656 0.390696
vt 0.579094 0.390696
vt 0.583313 0.390696
vt 0.587531 0.390696
vt 0.591750 0.390696
vt 0.595969 0.390696
vt 0.574875 0.393428
vt 0.570656 0.393428
vt 0.579094 0.393428
vt 0.583313 0.393428
vt 0.587531 0.393428
vt 0.591750 0.393428
vt 0.595969 0.393428
vt 0.572765 0.363367
vt 0.576984 0.363367
vt 0.581203 0.363367
vt 0.585422 0.363367
vt 0.589640 0.363367
vt 0.593859 0.363367
vt 0.572765 0.396161
vt 0.576984 0.396161
vt 0.581203 0.396161
vt 0.585422 0.396161
vt 0.589640 0.396161
vt 0.593859 0.396161
vn 0.000001 0.000000 1.000000
vn 0.000001 0.000000 1.000000
vn 0.000000 0.000000 1.000000
vn 0.000000 0.000000 1.000000
vn -0.000005 0.000000 1.000000
vn -0.000005 0.000000 1.000000
vn -0.000002 0.000000 1.000000
vn -0.000002 0.000000 1.000000
vn 0.374606 0.927184 0.000000
vn 0.374606 0.927184 0.000000
vn 0.374606 0.927184 0.000000
vn 0.374606 0.927184 0.000000
vn -0.000002 0.000000 -1.000000
vn 0.000004 0.000000 -1.000000
vn 0.000004 0.000000 -1.000000
vn -0.000002 0.000000 -1.000000
vn 0.000000 0.000000 -1.000000
vn 0.000001 0.000000 -1.000000
vn 0.000001 0.000000 -1.000000
vn 0.000000 0.000000 -1.000000
vn -0.374605 -0.927185 0.000000
vn -0.374605 -0.927185 0.000000
vn -0.374605 -0.927185 0.000000
vn -0.374605 -0.927185 0.000000
vn -0.925823 0.377956 0.000059
vn -0.925852 0.377886 0.000083
vn -0.926857 0.375399 0.003305
vn -0.927180 0.374616 0.000000
vn -0.927180 0.374616 0.000000
vn -0.927180 0.374616 0.000000
vn -0.927180 0.374616 0.000000
vn -0.927182 0.374612 0.000005
vn -0.927184 0.374607 0.000007
vn -0.927157 0.374674 -0.000023
vn -0.927183 0.374608 -0.000002
vn -0.927184 0.374605 -0.000003
vn -0.927169 0.374642 0.000010
vn -0.927186 0.374600 0.000004
vn -0.927186 0.374602 0.000004
vn -0.927168 0.374645 0.000000
vn -0.927187 0.374599 -0.000002
vn -0.927191 0.374588 -0.000002
vn -0.927160 0.374665 0.000000
vn -0.927176 0.374627 0.000003
vn -0.927178 0.374621 0.000003
vn -0.927197 0.374573 0.000000
vn -0.927178 0.374621 -0.000003
vn -0.927176 0.374627 -0.000003
vn -0.927197 0.374573 0.000000
vn -0.927187 0.374600 -0.000006
vn -0.927185 0.374603 -0.000005
vn -0.927174 0.374630 0.000000
vn -0.927187 0.374600 0.000005
vn -0.927188 0.374596 0.000006
vn -0.927174 0.374630 0.000000
vn -0.927187 0.374599 -0.000004
vn -0.927188 0.374597 -0.000004
vn -0.927192 0.374588 0.000000
vn -0.927189 0.374594 0.000004
vn -0.927188 0.374596 0.000005
vn -0.927195 0.374580 0.000000
vn -0.927063 0.374907 0.000166
vn -0.927079 0.374865 0.000143
vn -0.927181 0.374615 0.000000
vn 0.364437 0.931228 0.000000
vn 0.375978 0.926629 0.000000
vn 0.375953 0.926639 0.000000
vn -0.927074 0.374879 -0.000370
vn -0.927075 0.374876 -0.000365
vn -0.927179 0.374619 0.000000
vn -0.374601 -0.927186 0.000000
vn -0.374601 -0.927186 0.000000
vn -0.374601 -0.927186 0.000000
vn -0.374601 -0.927186 0.000000
vn -0.374601 -0.927186 0.000000
vn -0.374601 -0.927186 0.000000
vn -0.374601 -0.927186 0.000000
vn 0.000000 0.000000 1.000000
vn 0.000000 0.000000 1.000000
vn 0.000000 0.000000 1.000000
vn 0.000000 0.000000 1.000000
vn 0.000000 0.000000 -1.000000
vn 0.000000 0.000000 -1.000000
vn 0.000000 0.000000 -1.000000
vn 0.000000 0.000000 -1.000000
vn -0.000021 0.000000 1.000000
vn -0.000009 0.000000 1.000000
vn -0.000002 0.000000 1.000000
vn -0.000009 0.000000 1.000000
vn 0.000028 0.000000 -1.000000
vn -0.000001 0.000000 -1.000000
vn -0.000071 0.000000 -1.000000
vn 0.000000 0.000000 1.000000
vn 0.000000 0.000000 1.000000
vn 0.000000 0.000000 1.000000
vn -0.000029 0.000000 -1.000000
vn -0.000007 0.000000 -1.000000
vn 0.000045 0.000000 -1.000000
vn 0.000000 0.000000 1.000000
vn 0.000000 0.000000 1.000000
vn 0.000000 0.000000 1.000000
vn 0.000000 0.000000 -1.000000
vn 0.000000 0.000000 -1.000000
vn 0.000000 0.000000 -1.000000
vn 0.000065 0.000000 1.000000
vn 0.000027 0.000000 1.000000
vn 0.000006 0.000000 1.000000
vn 0.000027 0.000000 1.000000
vn -0.000028 0.000000 -1.000000
vn 0.000002 0.000000 -1.000000
vn 0.000073 0.000000 -1.000000
vn 0.000000 0.000000 1.000000
vn 0.000000 0.000000 1.000000
vn 0.000000 0.000000 1.000000
vn 0.000000 0.000000 1.000000
vn 0.374611 0.927182 0.000000
vn 0.374611 0.927182 0.000000
vn 0.374611 0.927182 0.000000
vn 0.374611 0.927182 0.000000
vn 0.374611 0.927182 0.000000
vn 0.374611 0.927182 0.000000
vn 0.374611 0.927182 0.000000
vn 0.000069 0.000000 -1.000000
vn 0.000074 0.000000 -1.000000
vn 0.000140 0.000000 -1.000000
vn 0.000140 0.000000 -1.000000
vn -0.927183 0.374608 0.000000
vn -0.927183 0.374608 0.000000
vn -0.927183 0.374608 0.000000
vn -0.927183 0.374608 0.000000
vn -0.927183 0.374608 0.000000
vn -0.927183 0.374608 0.000000
vn -0.927183 0.374608 0.000000
vn -0.927183 0.374608 0.000000
vn -0.927183 0.374608 0.000000
vn -0.927183 0.374608 0.000000
vn -0.792592 -0.609752 0.000000
vn -0.792592 -0.609752 0.000000
vn -0.792592 -0.609752 0.000000
vn -0.792592 -0.609752 0.000000
vn -0.945514 -0.325582 0.000000
vn -0.945514 -0.325582 0.000000
vn -0.945514 -0.325582 0.000000
vn -0.945514 -0.325582 0.000000
vn -0.945514 -0.325582 0.000000
vn -0.792592 -0.609752 0.000000
vn -0.792592 -0.609752 0.000000
vn -0.792592 -0.609752 0.000000
vn -0.792592 -0.609752 0.000000
vn -0.792592 -0.609752 0.000000
vn -0.927190 0.374591 0.000000
vn -0.927190 0.374591 0.000000
vn -0.927190 0.374591 0.000000
vn -0.927190 0.374591 0.000000
vn -0.927190 0.374591 0.000000
vn -0.792592 -0.609752 0.000000
vn -0.792592 -0.609752 0.000000
vn -0.792592 -0.609752 0.000000
vn -0.792592 -0.609752 0.000000
vn -0.792592 -0.609752 0.000000
vn -0.927181 0.374613 0.000000
vn -0.927181 0.374613 0.000000
vn -0.927181 0.374613 0.000000
vn -0.927181 0.374613 0.000000
vn -0.927181 0.374613 0.000000
vn -0.792592 -0.609752 0.000000
vn -0.792585 -0.609761 0.000000
vn -0.792585 -0.609761 0.000000
vn -0.792585 -0.609761 0.000000
vn -0.792585 -0.609761 0.000000
vn -0.927180 0.374615 0.000000
vn -0.927180 0.374615 0.000000
vn -0.927180 0.374615 0.000000
vn -0.927180 0.374615 0.000000
vn -0.927180 0.374615 0.000000
vn -0.792585 -0.609761 0.000000
vn -0.913083 0.407775 0.000000
vn -0.913083 0.407775 0.000000
vn -0.913083 0.407775 0.000000
vn -0.913083 0.407775 0.000000
vn -0.453983 0.891010 0.000000
vn -0.453983 0.891010 0.000000
vn -0.453983 0.891010 0.000000
vn -0.453983 0.891010 0.000000
vn -0.453983 0.891010 0.000000
vn -0.913083 0.407775 0.000000
vn -0.678571 0.734535 0.000000
vn -0.678571 0.734535 0.000000
vn -0.678571 0.734535 0.000000
vn -0.678571 0.734535 0.000000
vn -0.678571 0.734535 0.000000
vn -0.678571 0.734535 0.000000
vn -0.678571 0.734535 0.000000
vn -0.678571 0.734535 0.000000
vn -0.678571 0.734535 0.000000
vn -0.678571 0.734535 0.000000
vn -0.940091 0.340922 0.000000
vn -0.940091 0.340922 0.000000
vn -0.940091 0.340922 0.000000
vn -0.940091 0.340922 0.000000
vn -0.940091 0.340922 0.000000
vn -0.927185 0.374603 0.000000
vn -0.927185 0.374603 0.000000
vn -0.927185 0.374603 0.000000
vn -0.927185 0.374603 0.000000
vn -0.927185 0.374603 0.000000
vn -0.927185 0.374603 0.000000
vn -0.927185 0.374603 0.000000
vn -0.927185 0.374603 0.000000
vn -0.927185 0.374603 0.000000
vn -0.927185 0.374603 0.000000
vn -0.927181 0.374613 0.000000
vn -0.927181 0.374613 0.000000
vn -0.927181 0.374613 0.000000
vn -0.927181 0.374613 0.000000
vn -0.927181 0.374613 0.000000
vn -0.927181 0.374613 0.000000
vn -0.927181 0.374613 0.000000
vn -0.927181 0.374613 0.000000
vn -0.927181 0.374613 0.000000
vn -0.927181 0.374613 0.000000
vn -0.146579 0.989199 0.000000
vn -0.146579 0.989199 0.000000
vn -0.146579 0.989199 0.000000
vn -0.146579 0.989199 0.000000
vn -0.146579 0.989199 0.000000
vn -0.927183 0.374609 0.000000
vn -0.927183 0.374609 0.000000
vn -0.927183 0.374609 0.000000
vn -0.927183 0.374609 0.000000
vn -0.927183 0.374609 0.000000
vn -0.927183 0.374609 0.000000
vn -0.927183 0.374609 0.000000
vn -0.927183 0.374609 0.000000
vn -0.927183 0.374609 0.000000
vn -0.927183 0.374609 0.000000
vn -0.927180 0.374617 0.000000
vn -0.927180 0.374617 0.000000
vn -0.927180 0.374617 0.000000
vn -0.927180 0.374617 0.000000
vn -0.927180 0.374617 0.000000
vn -0.927180 0.374617 0.000000
vn -0.927180 0.374617 0.000000
vn -0.927180 0.374617 0.000000
vn -0.927180 0.374617 0.000000
vn -0.927180 0.374617 0.000000
vn -0.146569 0.989200 0.000000
vn -0.146569 0.989200 0.000000
vn -0.146569 0.989200 0.000000
vn -0.146569 0.989200 0.000000
vn -0.146569 0.989200 0.000000
vn -0.927181 0.374613 0.000000
vn -0.927181 0.374613 0.000000
vn -0.927181 0.374613 0.000000
vn -0.927181 0.374613 0.000000
vn -0.927181 0.374613 0.000000
vn -0.927181 0.374613 0.000000
vn -0.927181 0.374613 0.000000
vn -0.927181 0.374613 0.000000
vn -0.927181 0.374613 0.000000
vn -0.927181 0.374613 0.000000
vn -0.927194 0.374582 0.000000
vn -0.927194 0.374582 0.000000
vn -0.927194 0.374582 0.000000
vn -0.927194 0.374582 0.000000
vn -0.927194 0.374582 0.000000
vn -0.927194 0.374582 0.000000
vn -0.927194 0.374582 0.000000
vn -0.927194 0.374582 0.000000
vn -0.927194 0.374582 0.000000
vn -0.927194 0.374582 0.000000
vn -0.146559 0.989202 0.000000
vn -0.146559 0.989202 0.000000
vn -0.146559 0.989202 0.000000
vn -0.146559 0.989202 0.000000
vn -0.146559 0.989202 0.000000
vn -0.927182 0.374612 0.000000
vn -0.927182 0.374612 0.000000
vn -0.927182 0.374612 0.000000
vn -0.927182 0.374612 0.000000
vn -0.927182 0.374612 0.000000
vn -0.927182 0.374612 0.000000
vn -0.927182 0.374612 0.000000
vn -0.927182 0.374612 0.000000
vn -0.927182 0.374612 0.000000
vn -0.927182 0.374612 0.000000
vn -0.927187 0.374599 0.000000
vn -0.927187 0.374599 0.000000
vn -0.927187 0.374599 0.000000
vn -0.927187 0.374599 0.000000
vn -0.927187 0.374599 0.000000
vn -0.927187 0.374599 0.000000
vn -0.927187 0.374599 0.000000
vn -0.927187 0.374599 0.000000
vn -0.927187 0.374599 0.000000
vn -0.927187 0.374599 0.000000
vn -0.146568 0.989201 0.000000
vn -0.146568 0.989201 0.000000
vn -0.146568 0.989201 0.000000
vn -0.146568 0.989201 0.000000
vn -0.146568 0.989201 0.000000
vn -0.927180 0.374616 0.000000
vn -0.927180 0.374616 0.000000
vn -0.927180 0.374616 0.000000
vn -0.927180 0.374616 0.000000
vn -0.927180 0.374616 0.000000
vn -0.927180 0.374616 0.000000
vn -0.927180 0.374616 0.000000
vn -0.927180 0.374616 0.000000
vn -0.927180 0.374616 0.000000
vn -0.927180 0.374616 0.000000
vn -0.927181 0.374613 0.000000
vn -0.927181 0.374613 0.000000
vn -0.927181 0.374613 0.000000
vn -0.927181 0.374613 0.000000
vn -0.927181 0.374613 0.000000
vn -0.927181 0.374613 0.000000
vn -0.927181 0.374613 0.000000
vn -0.927181 0.374613 0.000000
vn -0.927181 0.374613 0.000000
vn -0.927181 0.374613 0.000000
vn -0.927172 0.374636 0.000000
vn -0.927172 0.374636 0.000000
vn -0.927172 0.374636 0.000000
vn -0.927172 0.374636 0.000000
vn -0.927172 0.374636 0.000000
vn -0.927172 0.374636 0.000000
vn -0.927172 0.374636 0.000000
vn -0.927172 0.374636 0.000000
vn -0.927172 0.374636 0.000000
vn -0.927172 0.374636 0.000000
vn -0.998373 -0.057019 0.000000
vn -0.998373 -0.057019 0.000000
vn -0.998373 -0.057019 0.000000
vn -0.998373 -0.057019 0.000000
vn -0.998373 -0.057019 0.000000
vn -0.998373 -0.057019 0.000000
vn -0.998373 -0.057019 0.000000
vn -0.998373 -0.057019 0.000000
vn -0.998373 -0.057019 0.000000
vn -0.998373 -0.057019 0.000000
vn -0.927191 0.374590 0.000002
vn -0.927188 0.374597 0.000000
vn -0.927188 0.374597 0.000000
vn -0.927188 0.374595 0.000000
vn -0.255593 -0.632626 0.731065
vn -0.255593 -0.632627 0.731065
vn -0.255593 -0.632626 0.731065
vn -0.255593 -0.632626 0.731065
vn 0.270572 0.669673 0.691613
vn 0.270572 0.669673 0.691613
vn 0.270572 0.669674 0.691613
vn 0.270572 0.669673 0.691613
vn 0.255612 0.632627 -0.731057
vn 0.255612 0.632627 -0.731057
vn 0.255612 0.632627 -0.731057
vn 0.255612 0.632627 -0.731058
vn -0.270606 -0.669728 -0.691546
vn -0.270606 -0.669728 -0.691546
vn -0.270606 -0.669728 -0.691546
vn -0.270606 -0.669728 -0.691546
vn -0.927186 0.374600 -0.000070
vn -0.929430 0.369000 -0.000077
vn -0.927183 0.374609 -0.000031
vn -0.927181 0.374613 -0.000031
vn -0.925848 0.377897 -0.000027
vn -0.925822 0.377960 -0.000027
vn -0.929612 0.368540 0.000499
vn -0.929945 0.367699 -0.000051
vn -0.930335 0.366711 -0.000022
vn -0.927593 0.373575 0.003710
vn -0.927188 0.374596 0.000000
vn -0.927188 0.374597 -0.000000
vn -0.927187 0.374598 -0.000000
vn -0.927182 0.374612 -0.000014
vn -0.926502 0.376291 -0.000102
vn -0.926502 0.376291 -0.000102
vn -0.926743 0.375697 -0.000079
vn -0.926723 0.375746 -0.000081
vn -0.927184 0.374606 -0.000032
vn -0.926901 0.375286 0.003791
vn -0.926906 0.375275 0.003747
vn -0.930123 0.367248 -0.000030
vn -0.929929 0.367740 -0.000050
vn 0.376077 0.926589 0.000000
vn 0.376137 0.926564 0.000000
vn 0.371811 0.928308 0.000000
vn 0.000071 0.000000 -1.000000
vn 0.000174 0.000000 -1.000000
vn 0.000000 0.000000 -1.000000
vn 0.000000 0.000000 -1.000000
vn 0.000039 0.000000 -1.000000
vn 0.000107 0.000000 -1.000000
vn -0.000071 0.000000 -1.000000
vn -0.000171 0.000000 -1.000000
vn 0.000000 0.000000 1.000000
vn 0.000000 0.000000 1.000000
vn 0.000000 0.000000 1.000000
vn -0.000027 0.000000 1.000000
vn -0.000010 0.000000 1.000000
vn -0.000002 0.000000 1.000000
vn -0.000011 0.000000 1.000000
vn 0.000051 0.000000 1.000000
vn 0.000025 0.000000 1.000000
vn 0.000006 0.000000 1.000000
vn 0.000021 0.000000 1.000000
vn 0.000000 0.000000 1.000000
vn 0.000000 0.000000 1.000000
vn 0.000000 0.000000 1.000000
vn 0.000000 0.000000 1.000000
vn -0.927059 0.374915 -0.001064
vn -0.927066 0.374897 -0.000677
vn -0.927077 0.374871 -0.001007
vn -0.927059 0.374915 -0.001064
vn -0.000008 0.000000 -1.000000
vn -0.000008 0.000000 -1.000000
vn -0.000002 0.000000 1.000000
vn -0.000002 0.000000 1.000000
vn -0.927085 0.374852 0.000405
vn -0.927061 0.374912 0.000295
vn -0.927059 0.374916 0.000438
vn -0.927059 0.374916 0.000438
vn -0.927089 0.374841 0.000197
vn -0.044133 -0.109236 0.993036
vn -0.044126 -0.109220 0.993038
vn 0.065629 0.162440 -0.984534
vn 0.065638 0.162464 -0.984529
vn -0.927090 0.374839 -0.000478
vn 0.000026 0.000000 1.000000
vn 0.000028 0.000000 1.000000
vn 0.000000 0.000000 1.000000
vn 0.000000 0.000000 1.000000
vn 0.000053 0.000000 1.000000
vn 0.000053 0.000000 1.000000
vn 0.000033 0.000000 -1.000000
vn -0.000046 0.000000 -1.000000
vn -0.000030 0.000000 -1.000000
vn 0.000005 0.000000 -1.000000
vn -0.927187 0.374599 0.000002
vn -0.927187 0.374599 0.000004
vn -0.927185 0.374605 0.000002
vn -0.927187 0.374599 0.000002
vn 0.122018 0.302003 -0.945466
vn 0.122018 0.302003 -0.945466
vn -0.083849 -0.207540 0.974626
vn -0.083849 -0.207540 0.974626
vn -0.927181 0.374613 -0.000001
vn -0.927185 0.374603 -0.000002
vn -0.927186 0.374602 -0.000001
vn -0.927186 0.374602 -0.000001
vn 0.000000 0.000000 1.000000
vn 0.000000 0.000000 1.000000
vn 0.000000 0.000000 1.000000
vn -0.000060 0.000000 -1.000000
vn -0.000036 0.000000 -1.000000
vn -0.927185 0.374605 0.000004
vn -0.927180 0.374617 -0.000003
vn 0.000000 0.000000 1.000000
vn 0.061039 0.151075 -0.986636
vn 0.061039 0.151075 -0.986636
vn -0.041001 -0.101472 0.993993
vn -0.041001 -0.101472 0.993993
vn 0.000071 0.000000 -1.000000
vn 0.000098 0.000000 -1.000000
vn 0.000016 0.000000 -1.000000
vn 0.000010 0.000000 -1.000000
vn -0.927181 0.374615 -0.000002
vn -0.927185 0.374603 0.000003
vn -0.927181 0.374613 -0.000001
vn -0.927181 0.374615 -0.000002
vn -0.000007 0.000000 -1.000000
vn -0.000007 0.000000 -1.000000
vn -0.000003 0.000000 1.000000
vn -0.000003 0.000000 1.000000
vn -0.927181 0.374613 0.000001
vn -0.927185 0.374605 -0.000003
vn -0.927181 0.374615 0.000002
vn -0.927181 0.374615 0.000002
vn 0.000000 0.000000 1.000000
vn 0.000000 0.000000 1.000000
vn 0.000063 0.000000 -1.000000
vn 0.000012 0.000000 -1.000000
vn -0.927188 0.374598 0.000004
vn -0.927186 0.374601 -0.000004
vn 0.000000 0.000000 1.000000
vn 0.000000 0.000000 1.000000
vn -0.000005 0.000000 -1.000000
vn -0.000005 0.000000 -1.000000
vn 0.000000 0.000000 1.000000
vn 0.000000 0.000000 1.000000
vn 0.000098 0.000000 -1.000000
vn -0.000007 0.000000 -1.000000
vn 0.000002 0.000000 -1.000000
vn 0.000048 0.000000 -1.000000
vn -0.927190 0.374593 0.000000
vn -0.927182 0.374612 -0.000002
vn -0.927187 0.374598 0.000000
vn -0.927190 0.374593 0.000000
vn 0.000000 0.000000 -1.000000
vn 0.000000 0.000000 -1.000000
vn 0.000001 0.000000 1.000000
vn 0.000001 0.000000 1.000000
vn -0.927187 0.374598 0.000000
vn -0.927182 0.374612 0.000002
vn -0.927190 0.374593 0.000000
vn -0.927190 0.374593 0.000000
vn 0.000000 0.000000 1.000000
vn 0.000000 0.000000 1.000000
vn -0.000060 0.000000 -1.000000
vn -0.000025 0.000000 -1.000000
vn -0.927175 0.374628 -0.000002
vn -0.927175 0.374628 0.000002
vn 0.000000 0.000000 1.000000
vn 0.000000 0.000000 1.000000
vn 0.047633 0.117896 -0.991883
vn 0.047634 0.117897 -0.991883
vn -0.070728 -0.175065 0.982013
vn -0.070727 -0.175063 0.982014
vn 0.000047 0.000000 -1.000000
vn -0.000039 0.000000 -1.000000
vn 0.000006 0.000000 -1.000000
vn 0.000020 0.000000 -1.000000
vn -0.927184 0.374606 0.000001
vn -0.927189 0.374595 -0.000001
vn -0.927180 0.374617 0.000001
vn -0.927184 0.374606 0.000001
vn 0.083870 0.207566 -0.974619
vn 0.083870 0.207566 -0.974619
vn -0.122027 -0.302027 0.945457
vn -0.122027 -0.302027 0.945457
vn -0.927183 0.374610 -0.000001
vn -0.927185 0.374604 0.000001
vn -0.927184 0.374606 -0.000002
vn -0.927184 0.374606 -0.000002
vn 0.000000 0.000000 1.000000
vn 0.000000 0.000000 1.000000
vn -0.000061 0.000000 -1.000000
vn 0.000012 0.000000 -1.000000
vn -0.927185 0.374604 -0.000002
vn -0.927183 0.374608 0.000003
vn 0.000000 0.000000 1.000000
vn 0.000000 0.000000 1.000000
vn 0.036823 0.091123 -0.995159
vn 0.036823 0.091123 -0.995159
vn -0.054901 -0.135879 0.989203
vn -0.054901 -0.135879 0.989203
vn -0.927187 0.374598 0.000002
vn -0.927186 0.374601 -0.000001
vn -0.927187 0.374598 0.000002
vn -0.927187 0.374598 0.000002
vn 0.000001 0.000000 -1.000000
vn 0.000001 0.000000 -1.000000
vn 0.000001 0.000000 1.000000
vn 0.000001 0.000000 1.000000
vn -0.927186 0.374600 -0.000004
vn -0.927186 0.374602 0.000005
vn -0.927187 0.374600 -0.000005
vn -0.927187 0.374600 -0.000005
vn -0.927186 0.374602 -0.000003
vn -0.927185 0.374603 0.000007
vn 0.000003 0.000000 1.000000
vn 0.000011 0.000000 1.000000
vn 0.000026 0.000000 1.000000
vn 0.000033 0.000000 1.000000
vn -0.000015 0.000000 1.000000
vn -0.000015 0.000000 1.000000
vn 0.000000 0.000000 1.000000
vn 0.000000 0.000000 1.000000
vn 0.000000 0.000000 1.000000
vn 0.000000 0.000000 1.000000
vn 0.000000 0.000000 1.000000
vn 0.000000 0.000000 1.000000
vn 0.000000 0.000000 1.000000
vn 0.000025 0.000000 -1.000000
vn 0.000030 0.000000 -1.000000
vn -0.000013 0.000000 -1.000000
vn 0.000003 0.000000 -1.000000
vn 0.000000 0.000000 -1.000000
vn -0.000004 0.000000 -1.000000
vn -0.000030 0.000000 -1.000000
vn -0.000028 0.000000 -1.000000
vn 0.000000 0.000000 -1.000000
vn 0.000000 0.000000 -1.000000
vn -0.000021 0.000000 -1.000000
vn -0.000018 0.000000 -1.000000
vn -0.000031 0.000000 -1.000000
vn -0.000031 0.000000 -1.000000
vn -0.000070 0.000000 -1.000000
vn -0.000107 0.000000 -1.000000
vn -0.000109 0.000000 -1.000000
vn -0.000070 0.000000 -1.000000
vn -0.000064 0.000000 -1.000000
vn -0.000042 0.000000 -1.000000
vn -0.926831 0.375480 -0.000071
vn -0.926831 0.375480 -0.000071
vn -0.000006 0.000000 -1.000000
vn -0.000006 0.000000 -1.000000
vn -0.000006 0.000000 1.000000
vn -0.000006 0.000000 1.000000
vn 0.374606 0.927182 -0.001870
vn 0.374606 0.927182 -0.001870
vn 0.374606 0.927182 -0.001870
vn 0.374606 0.927182 -0.001870
vn 0.130013 0.321797 -0.937840
vn 0.130013 0.321797 -0.937840
vn 0.130013 0.321797 -0.937840
vn 0.130013 0.321797 -0.937840
vn 0.030506 0.075483 0.996680
vn 0.030506 0.075483 0.996680
vn 0.030506 0.075483 0.996680
vn 0.030506 0.075483 0.996680
vn 0.069287 0.171498 -0.982745
vn 0.069287 0.171498 -0.982745
vn 0.069287 0.171498 -0.982745
vn 0.069287 0.171498 -0.982745
vn -0.374584 -0.927193 -0.000843
vn -0.374584 -0.927193 -0.000843
vn -0.374584 -0.927193 -0.000843
vn -0.374584 -0.927193 -0.000843
vn 0.016865 0.041700 0.998988
vn 0.016865 0.041700 0.998988
vn 0.016865 0.041700 0.998988
vn 0.016865 0.041700 0.998988
vn 0.075019 -0.164647 -0.983496
vn -0.353724 0.009988 -0.935297
vn -0.349243 0.007999 -0.936998
vn 0.075019 -0.164647 -0.983496
vn -0.728631 0.195113 -0.656527
vn -0.703136 0.180853 -0.687672
vn -0.925222 0.371858 0.075407
vn -0.929750 0.367157 0.027593
vn -0.681720 0.352443 0.641125
vn -0.706170 0.357989 0.610874
vn -0.345094 0.255312 0.903176
vn -0.355858 0.258850 0.897977
vn -0.077427 0.160908 0.983928
vn -0.077427 0.160908 0.983928
vn 0.199625 0.657652 0.726390
vn 0.296250 0.595838 0.746467
vn 0.155985 0.781688 0.603848
vn 0.146511 0.715460 0.683119
vn 0.103487 0.802405 0.587739
vn 0.120368 0.869312 0.479384
vn 0.191778 0.913191 0.359589
vn 0.299334 0.916266 0.266187
vn -0.350879 -0.864604 -0.359644
vn -0.350800 -0.864604 -0.359722
vn -0.350653 -0.864662 -0.359725
vn -0.350597 -0.864715 -0.359653
vn -0.350151 -0.864990 -0.359426
vn -0.350954 -0.864265 -0.360384
vn -0.350554 -0.864531 -0.360137
vn 0.062646 -0.203746 -0.977017
vn 0.062646 -0.203746 -0.977017
vn 0.062646 -0.203746 -0.977017
vn 0.062646 -0.203746 -0.977017
vn -0.497194 0.034596 -0.866950
vn -0.497194 0.034596 -0.866950
vn -0.497194 0.034596 -0.866950
vn -0.497194 0.034596 -0.866950
vn -0.910222 0.303282 -0.281985
vn -0.910222 0.303283 -0.281985
vn -0.910222 0.303282 -0.281985
vn -0.910222 0.303282 -0.281985
vn -0.858425 0.394742 0.327546
vn -0.858425 0.394742 0.327546
vn -0.858425 0.394742 0.327546
vn -0.858424 0.394742 0.327546
vn -0.478543 0.335494 0.811444
vn -0.478543 0.335494 0.811444
vn -0.478543 0.335494 0.811444
vn -0.478543 0.335494 0.811444
vn -0.062259 0.203771 0.977037
vn -0.062259 0.203771 0.977037
vn -0.062259 0.203771 0.977037
vn -0.062259 0.203771 0.977037
vn 0.049960 -0.176602 -0.983014
vn 0.049960 -0.176602 -0.983014
vn 0.049960 -0.176602 -0.983014
vn 0.049960 -0.176602 -0.983014
vn -0.442394 0.027083 -0.896412
vn -0.442395 0.027083 -0.896412
vn -0.442395 0.027083 -0.896412
vn -0.442395 0.027083 -0.896412
vn -0.897470 0.294550 -0.328311
vn -0.897470 0.294550 -0.328311
vn -0.897470 0.294550 -0.328311
vn -0.897470 0.294550 -0.328311
vn -0.839989 0.394105 0.372961
vn -0.839989 0.394105 0.372961
vn -0.839989 0.394105 0.372961
vn -0.839989 0.394105 0.372961
vn -0.418893 0.320609 0.849552
vn -0.418893 0.320609 0.849552
vn -0.418893 0.320609 0.849552
vn -0.418893 0.320609 0.849552
vn -0.040657 0.199915 0.978969
vn -0.040657 0.199915 0.978970
vn -0.040657 0.199915 0.978969
vn -0.040657 0.199915 0.978969
vn 0.081119 -0.121546 -0.989266
vn 0.081119 -0.121546 -0.989266
vn 0.148465 -0.031967 -0.988401
vn 0.149729 -0.030257 -0.988264
vn -0.438018 0.102709 -0.893080
vn -0.438018 0.102709 -0.893080
vn -0.466759 0.222996 -0.855809
vn -0.465334 0.216255 -0.858312
vn -0.888756 0.336733 -0.311006
vn -0.888756 0.336733 -0.311006
vn -0.891307 0.376177 -0.253106
vn -0.891217 0.370922 -0.261053
vn -0.868803 0.342524 0.357572
vn -0.868803 0.342524 0.357572
vn -0.900429 0.316691 0.298220
vn -0.894727 0.321772 0.309722
vn -0.504829 0.169288 0.846457
vn -0.504829 0.169288 0.846457
vn -0.614254 0.104407 0.782171
vn -0.595115 0.116469 0.795156
vn -0.128065 0.000037 0.991766
vn -0.128065 0.000037 0.991766
vn -0.199854 -0.104448 0.974243
vn -0.195318 -0.097755 0.975856
vn 0.393992 0.326541 -0.859152
vn 0.393992 0.326541 -0.859152
vn 0.393992 0.326541 -0.859152
vn 0.393992 0.326541 -0.859152
vn -0.506244 0.577743 -0.640258
vn -0.506244 0.577743 -0.640258
vn -0.506244 0.577743 -0.640258
vn -0.506244 0.577743 -0.640258
vn -0.885671 0.445043 -0.132376
vn -0.885671 0.445043 -0.132376
vn -0.885671 0.445043 -0.132376
vn -0.885671 0.445043 -0.132376
vn -0.946431 0.272607 0.173073
vn -0.946431 0.272607 0.173073
vn -0.946431 0.272607 0.173073
vn -0.946431 0.272607 0.173073
vn -0.862302 -0.031795 0.505395
vn -0.862302 -0.031795 0.505395
vn -0.862302 -0.031795 0.505395
vn -0.862302 -0.031795 0.505395
vn -0.460772 -0.445004 0.767894
vn -0.460772 -0.445004 0.767894
vn -0.460772 -0.445004 0.767894
vn -0.460772 -0.445004 0.767894
vn 0.513765 0.486535 -0.706632
vn 0.513765 0.486535 -0.706632
vn 0.629054 0.615911 -0.474284
vn 0.611619 0.595769 -0.520559
vn -0.649088 0.688725 -0.323021
vn -0.649088 0.688725 -0.323021
vn -0.651787 0.712170 -0.260745
vn -0.652053 0.722794 -0.228901
vn -0.881451 0.469839 -0.047902
vn -0.881451 0.469839 -0.047902
vn -0.881149 0.470369 -0.048274
vn -0.880913 0.470781 -0.048564
vn -0.961264 0.257856 0.097372
vn -0.961264 0.257856 0.097372
vn -0.961419 0.257105 0.097825
vn -0.961545 0.256496 0.098192
vn -0.951293 -0.072283 0.299694
vn -0.951293 -0.072283 0.299694
vn -0.950550 -0.075262 0.301314
vn -0.950012 -0.077390 0.302469
vn -0.598425 -0.595805 0.535634
vn -0.598425 -0.595805 0.535634
vn -0.595884 -0.597823 0.536217
vn -0.595243 -0.598331 0.536364
vn 0.643698 0.678613 0.353748
vn 0.643698 0.678613 0.353748
vn 0.513621 0.504468 0.694051
vn 0.496347 0.482947 0.721389
vn -0.586958 0.768873 0.253601
vn -0.586958 0.768873 0.253601
vn -0.480373 0.654708 0.583609
vn -0.555562 0.737491 0.384003
vn -0.880236 0.468336 0.076461
vn -0.880236 0.468336 0.076461
vn -0.873310 0.465937 0.142243
vn -0.878294 0.467744 0.099068
vn -0.970568 0.240357 -0.015057
vn -0.970568 0.240357 -0.015057
vn -0.968925 0.238886 -0.064172
vn -0.969776 0.239474 -0.046762
vn -0.987111 -0.160025 -0.002134
vn -0.987111 -0.160025 -0.002134
vn -0.973873 -0.164618 -0.156438
vn -0.976254 -0.164336 -0.141149
vn -0.654911 -0.751294 0.081546
vn -0.654911 -0.751294 0.081546
vn -0.644512 -0.743557 -0.178121
vn -0.644026 -0.743059 -0.181917
vn 0.238238 0.013266 0.971116
vn 0.238238 0.013266 0.971116
vn 0.185415 -0.153876 0.970538
vn 0.182868 -0.161390 0.969800
vn -0.447912 0.267022 0.853273
vn -0.447912 0.267022 0.853273
vn -0.532656 0.125139 0.837029
vn -0.523340 0.142209 0.840174
vn -0.885407 0.374576 0.275224
vn -0.885407 0.374576 0.275224
vn -0.908774 0.328584 0.257221
vn -0.903763 0.338997 0.261330
vn -0.912961 0.337571 -0.229234
vn -0.912961 0.337571 -0.229234
vn -0.897129 0.389570 -0.208316
vn -0.901604 0.375971 -0.213907
vn -0.658942 0.199922 -0.725139
vn -0.658942 0.199922 -0.725139
vn -0.627634 0.365850 -0.687190
vn -0.636496 0.328689 -0.697737
vn -0.226943 0.013683 -0.973812
vn -0.226943 0.013683 -0.973812
vn -0.164630 0.217160 -0.962153
vn -0.169953 0.201055 -0.964724
vn 0.100592 -0.552596 0.827357
vn 0.100592 -0.552596 0.827357
vn 0.100592 -0.552596 0.827357
vn 0.100592 -0.552596 0.827357
vn -0.750176 -0.096858 0.654106
vn -0.750176 -0.096858 0.654106
vn -0.750176 -0.096858 0.654106
vn -0.750176 -0.096858 0.654106
vn -0.944241 0.277934 0.176528
vn -0.944241 0.277934 0.176528
vn -0.944241 0.277934 0.176528
vn -0.944241 0.277934 0.176528
vn -0.886267 0.444991 -0.128509
vn -0.886267 0.444991 -0.128509
vn -0.886267 0.444991 -0.128509
vn -0.886267 0.444991 -0.128509
vn -0.641424 0.581082 -0.500918
vn -0.641424 0.581083 -0.500918
vn -0.641424 0.581083 -0.500918
vn -0.641424 0.581083 -0.500918
vn -0.097855 0.562231 -0.821170
vn -0.097855 0.562231 -0.821170
vn -0.097855 0.562231 -0.821170
vn -0.097855 0.562231 -0.821170
vn 0.099236 -0.679121 0.727287
vn 0.099236 -0.679121 0.727287
vn 0.099236 -0.679121 0.727287
vn 0.099236 -0.679121 0.727287
vn -0.834795 -0.130787 0.534801
vn -0.834795 -0.130787 0.534801
vn -0.834795 -0.130787 0.534801
vn -0.834795 -0.130787 0.534801
vn -0.952955 0.272287 0.133179
vn -0.952955 0.272287 0.133179
vn -0.952955 0.272287 0.133179
vn -0.952955 0.272287 0.133179
vn -0.886258 0.456304 -0.079583
vn -0.886258 0.456304 -0.079583
vn -0.886258 0.456304 -0.079583
vn -0.886258 0.456304 -0.079583
vn -0.668069 0.661804 -0.340146
vn -0.668069 0.661804 -0.340146
vn -0.668069 0.661804 -0.340146
vn -0.668069 0.661804 -0.340146
vn -0.080972 0.766576 -0.637028
vn -0.080972 0.766577 -0.637028
vn -0.080972 0.766576 -0.637028
vn -0.080972 0.766577 -0.637028
vn 0.127136 -0.768156 0.627513
vn 0.127136 -0.768156 0.627513
vn 0.127136 -0.768156 0.627513
vn 0.127136 -0.768156 0.627513
vn -0.897010 -0.114621 0.426890
vn -0.897010 -0.114621 0.426890
vn -0.897010 -0.114621 0.426890
vn -0.897010 -0.114621 0.426890
vn -0.954508 0.279453 0.104026
vn -0.954508 0.279453 0.104026
vn -0.954508 0.279453 0.104026
vn -0.954508 0.279453 0.104026
vn -0.891187 0.450637 -0.052072
vn -0.891187 0.450637 -0.052072
vn -0.891187 0.450637 -0.052072
vn -0.891188 0.450637 -0.052072
vn -0.706142 0.660447 -0.255292
vn -0.706142 0.660447 -0.255292
vn -0.706142 0.660447 -0.255292
vn -0.706142 0.660447 -0.255292
vn -0.114713 0.830457 -0.545144
vn -0.114713 0.830457 -0.545144
vn -0.114713 0.830457 -0.545144
vn -0.114713 0.830457 -0.545144
vn 0.171190 -0.758723 0.628517
vn 0.171190 -0.758723 0.628517
vn 0.171190 -0.758723 0.628517
vn 0.171190 -0.758723 0.628517
vn -0.911112 -0.066539 0.406753
vn -0.911112 -0.066539 0.406752
vn -0.911112 -0.066539 0.406753
vn -0.911112 -0.066539 0.406753
vn -0.951929 0.290255 0.097892
vn -0.951929 0.290255 0.097892
vn -0.951929 0.290255 0.097892
vn -0.951929 0.290255 0.097892
vn -0.896459 0.440599 -0.047263
vn -0.896459 0.440599 -0.047263
vn -0.896459 0.440599 -0.047263
vn -0.896459 0.440599 -0.047263
vn -0.735926 0.630566 -0.246575
vn -0.735926 0.630566 -0.246575
vn -0.735926 0.630566 -0.246575
vn -0.735926 0.630566 -0.246575
vn -0.160434 0.807383 -0.567797
vn -0.160434 0.807383 -0.567797
vn -0.160434 0.807383 -0.567797
vn -0.160434 0.807383 -0.567797
vn 0.173392 -0.754175 0.633368
vn 0.173392 -0.754175 0.633368
vn 0.173392 -0.754175 0.633368
vn 0.173392 -0.754175 0.633368
vn -0.905682 -0.056578 0.420164
vn -0.905683 -0.056578 0.420165
vn -0.905683 -0.056578 0.420165
vn -0.905682 -0.056578 0.420165
vn -0.949469 0.295342 0.106216
vn -0.949469 0.295342 0.106216
vn -0.949469 0.295342 0.106216
vn -0.949469 0.295342 0.106216
vn -0.899752 0.432095 -0.061159
vn -0.899752 0.432095 -0.061159
vn -0.899752 0.432095 -0.061159
vn -0.899752 0.432095 -0.061159
vn -0.747894 0.585307 -0.313164
vn -0.747894 0.585307 -0.313164
vn -0.747894 0.585307 -0.313164
vn -0.747894 0.585307 -0.313164
vn -0.195524 0.684115 -0.702679
vn -0.195524 0.684115 -0.702679
vn -0.195524 0.684115 -0.702679
vn -0.195524 0.684115 -0.702679
vn 0.185659 -0.508530 0.840790
vn 0.185659 -0.508530 0.840790
vn 0.185659 -0.508530 0.840790
vn 0.185659 -0.508530 0.840790
vn -0.789457 0.020551 0.613462
vn -0.789457 0.020551 0.613462
vn -0.789457 0.020551 0.613462
vn -0.789457 0.020551 0.613462
vn -0.937026 0.312616 0.155734
vn -0.937026 0.312616 0.155734
vn -0.937026 0.312616 0.155734
vn -0.937026 0.312617 0.155734
vn -0.905725 0.409132 -0.110782
vn -0.905725 0.409132 -0.110782
vn -0.905725 0.409132 -0.110782
vn -0.905725 0.409132 -0.110782
vn -0.743902 0.468106 -0.476956
vn -0.743902 0.468106 -0.476956
vn -0.743902 0.468106 -0.476956
vn -0.743902 0.468106 -0.476956
vn -0.226848 0.393865 -0.890736
vn -0.226848 0.393865 -0.890736
vn -0.226848 0.393865 -0.890736
vn -0.226848 0.393865 -0.890736
vn 0.316504 0.028004 0.948178
vn 0.316504 0.028004 0.948178
vn 0.316504 0.028004 0.948178
vn 0.316504 0.028004 0.948178
vn -0.548909 0.350518 0.758839
vn -0.548909 0.350518 0.758839
vn -0.548909 0.350518 0.758839
vn -0.548909 0.350518 0.758839
vn -0.895337 0.394956 0.205868
vn -0.895337 0.394956 0.205868
vn -0.895337 0.394956 0.205868
vn -0.895337 0.394956 0.205868
vn -0.934544 0.319344 -0.156994
vn -0.934544 0.319344 -0.156994
vn -0.934544 0.319344 -0.156994
vn -0.934544 0.319344 -0.156994
vn -0.800530 0.132561 -0.584448
vn -0.800530 0.132561 -0.584448
vn -0.800530 0.132561 -0.584448
vn -0.800530 0.132561 -0.584448
vn -0.363708 -0.149042 -0.919513
vn -0.363708 -0.149042 -0.919513
vn -0.363708 -0.149042 -0.919513
vn -0.363708 -0.149042 -0.919513
vn 0.414538 0.405691 0.814600
vn 0.414538 0.405691 0.814600
vn 0.414538 0.405691 0.814600
vn 0.414538 0.405691 0.814600
vn -0.360000 0.626913 0.690927
vn -0.360000 0.626913 0.690927
vn -0.360000 0.626913 0.690927
vn -0.360000 0.626913 0.690927
vn -0.853535 0.478674 0.205790
vn -0.853535 0.478674 0.205790
vn -0.853535 0.478674 0.205790
vn -0.853535 0.478674 0.205790
vn -0.961332 0.229052 -0.152891
vn -0.961332 0.229052 -0.152891
vn -0.961332 0.229052 -0.152891
vn -0.961332 0.229052 -0.152891
vn -0.842719 -0.154069 -0.515836
vn -0.842719 -0.154069 -0.515836
vn -0.842719 -0.154069 -0.515836
vn -0.842719 -0.154069 -0.515837
vn -0.454356 -0.511203 -0.729542
vn -0.454356 -0.511203 -0.729542
vn -0.454356 -0.511203 -0.729542
vn -0.454356 -0.511203 -0.729542
vn 0.458427 0.680514 0.571616
vn 0.458427 0.680514 0.571616
vn 0.458427 0.680514 0.571616
vn 0.458427 0.680514 0.571616
vn -0.155763 0.841690 0.517007
vn -0.155763 0.841690 0.517007
vn -0.155763 0.841690 0.517007
vn -0.155763 0.841690 0.517007
vn -0.786139 0.593861 0.171216
vn -0.786139 0.593861 0.171216
vn -0.786139 0.593861 0.171216
vn -0.786139 0.593861 0.171216
vn -0.979025 0.129731 -0.157100
vn -0.979025 0.129731 -0.157100
vn -0.979025 0.129732 -0.157100
vn -0.979025 0.129732 -0.157100
vn -0.815620 -0.406726 -0.411507
vn -0.815620 -0.406726 -0.411507
vn -0.815620 -0.406726 -0.411507
vn -0.815620 -0.406726 -0.411507
vn -0.471303 -0.722089 -0.506419
vn -0.471303 -0.722089 -0.506419
vn -0.471303 -0.722089 -0.506419
vn -0.471303 -0.722089 -0.506419
vn 0.473480 0.825859 0.306226
vn 0.473480 0.825858 0.306226
vn 0.473480 0.825859 0.306226
vn 0.473480 0.825859 0.306226
vn -0.029734 0.955893 0.292208
vn -0.029734 0.955893 0.292208
vn -0.029734 0.955892 0.292208
vn -0.029734 0.955893 0.292208
vn -0.733531 0.667081 0.130137
vn -0.733531 0.667081 0.130137
vn -0.733531 0.667081 0.130137
vn -0.733531 0.667081 0.130137
vn -0.996670 0.013936 -0.080341
vn -0.996670 0.013936 -0.080341
vn -0.996670 0.013936 -0.080341
vn -0.996670 0.013936 -0.080341
vn -0.785909 -0.578132 -0.219340
vn -0.785909 -0.578132 -0.219340
vn -0.785909 -0.578132 -0.219340
vn -0.785909 -0.578132 -0.219340
vn -0.477367 -0.839074 -0.260913
vn -0.477367 -0.839074 -0.260913
vn -0.477367 -0.839074 -0.260913
vn -0.477367 -0.839074 -0.260913
vn 0.485260 0.871358 -0.072513
vn 0.485260 0.871358 -0.072513
vn 0.485260 0.871358 -0.072513
vn 0.485260 0.871358 -0.072513
vn -0.032435 0.997956 -0.055062
vn -0.032435 0.997956 -0.055062
vn -0.032435 0.997956 -0.055062
vn -0.032435 0.997956 -0.055062
vn -0.737356 0.675498 -0.003100
vn -0.737356 0.675498 -0.003100
vn -0.737356 0.675498 -0.003100
vn -0.737356 0.675498 -0.003100
vn -0.998773 0.009099 0.048688
vn -0.998773 0.009099 0.048688
vn -0.998773 0.009099 0.048688
vn -0.998773 0.009099 0.048688
vn -0.797283 -0.598857 0.075572
vn -0.797283 -0.598857 0.075572
vn -0.797283 -0.598857 0.075572
vn -0.797283 -0.598857 0.075572
vn -0.484685 -0.871305 0.076866
vn -0.484685 -0.871305 0.076866
vn -0.484685 -0.871305 0.076866
vn -0.484685 -0.871305 0.076866
vn 0.462243 0.844114 -0.271667
vn 0.462243 0.844114 -0.271667
vn 0.462243 0.844114 -0.271667
vn 0.462243 0.844114 -0.271667
vn -0.031731 0.968334 -0.247635
vn -0.031731 0.968334 -0.247635
vn -0.031731 0.968334 -0.247635
vn -0.031731 0.968334 -0.247635
vn -0.734303 0.673196 -0.087218
vn -0.734303 0.673196 -0.087218
vn -0.734303 0.673196 -0.087218
vn -0.734303 0.673196 -0.087218
vn -0.990387 0.010045 0.137961
vn -0.990387 0.010045 0.137961
vn -0.990387 0.010045 0.137961
vn -0.990387 0.010045 0.137961
vn -0.765718 -0.574614 0.288955
vn -0.765718 -0.574614 0.288955
vn -0.765718 -0.574614 0.288955
vn -0.765718 -0.574614 0.288955
vn -0.455555 -0.828349 0.326047
vn -0.455555 -0.828349 0.326047
vn -0.455555 -0.828349 0.326047
vn -0.455555 -0.828349 0.326047
vn 0.386528 0.660829 -0.643352
vn 0.386528 0.660829 -0.643352
vn 0.344106 0.493474 -0.798796
vn 0.339858 0.478752 -0.809502
vn -0.121184 0.801576 -0.585483
vn -0.121184 0.801576 -0.585483
vn -0.262445 0.643707 -0.718863
vn -0.235576 0.678442 -0.695859
vn -0.772026 0.599266 -0.211793
vn -0.772026 0.599266 -0.211793
vn -0.832426 0.505576 -0.226849
vn -0.812107 0.539705 -0.221812
vn -0.962371 0.086106 0.257735
vn -0.962371 0.086106 0.257735
vn -0.943674 0.187388 0.272699
vn -0.951807 0.150041 0.267491
vn -0.709544 -0.413561 0.570539
vn -0.709544 -0.413561 0.570539
vn -0.709011 -0.241813 0.662442
vn -0.711839 -0.289707 0.639809
vn -0.383732 -0.653788 0.652159
vn -0.383732 -0.653788 0.652159
vn -0.351039 -0.522584 0.776967
vn -0.354287 -0.534447 0.767364
vn 0.181434 -0.147728 -0.972244
vn 0.181434 -0.147728 -0.972244
vn 0.181434 -0.147728 -0.972244
vn 0.181434 -0.147728 -0.972244
vn -0.619607 0.198014 -0.759525
vn -0.619607 0.198014 -0.759525
vn -0.619607 0.198014 -0.759525
vn -0.619607 0.198014 -0.759525
vn -0.916305 0.359033 -0.177427
vn -0.916305 0.359033 -0.177427
vn -0.916305 0.359033 -0.177427
vn -0.916305 0.359033 -0.177427
vn -0.908354 0.351176 0.227088
vn -0.908354 0.351176 0.227088
vn -0.908354 0.351176 0.227088
vn -0.908354 0.351176 0.227088
vn -0.696637 0.227087 0.680535
vn -0.696637 0.227087 0.680535
vn -0.696637 0.227087 0.680535
vn -0.696637 0.227087 0.680535
vn -0.227928 0.006079 0.973659
vn -0.227928 0.006079 0.973659
vn -0.227928 0.006079 0.973659
vn -0.227928 0.006079 0.973659
vn 0.078630 -0.534705 -0.841373
vn 0.078630 -0.534705 -0.841373
vn 0.039437 -0.693619 -0.719262
vn 0.040855 -0.688481 -0.724103
vn -0.788359 -0.058979 -0.612383
vn -0.788359 -0.058979 -0.612383
vn -0.846713 -0.151095 -0.510144
vn -0.849735 -0.156745 -0.503370
vn -0.948303 0.291538 -0.125412
vn -0.948303 0.291538 -0.125412
vn -0.958099 0.269356 -0.097439
vn -0.958344 0.268755 -0.096686
vn -0.886184 0.428995 0.175045
vn -0.886184 0.428995 0.175045
vn -0.878545 0.454647 0.146473
vn -0.878600 0.454480 0.146662
vn -0.650291 0.524291 0.549763
vn -0.650291 0.524291 0.549763
vn -0.629137 0.628498 0.457359
vn -0.629654 0.626639 0.459194
vn -0.101267 0.472397 0.875549
vn -0.101267 0.472397 0.875549
vn -0.048129 0.659091 0.750522
vn -0.048626 0.657545 0.751844
vn -0.006764 -0.940237 -0.340454
vn -0.006764 -0.940237 -0.340454
vn -0.006764 -0.940237 -0.340454
vn -0.006764 -0.940237 -0.340454
vn -0.938664 -0.279749 -0.201621
vn -0.938664 -0.279748 -0.201621
vn -0.938664 -0.279749 -0.201621
vn -0.938664 -0.279749 -0.201621
vn -0.969822 0.243110 -0.018548
vn -0.969822 0.243110 -0.018548
vn -0.969821 0.243110 -0.018548
vn -0.969821 0.243110 -0.018548
vn -0.872466 0.484763 0.061708
vn -0.872466 0.484763 0.061708
vn -0.872466 0.484763 0.061708
vn -0.872466 0.484763 0.061708
vn -0.624179 0.767085 0.148264
vn -0.624179 0.767085 0.148264
vn -0.624179 0.767085 0.148264
vn -0.624179 0.767085 0.148264
vn 0.009742 0.971339 0.237500
vn 0.009742 0.971339 0.237500
vn 0.009742 0.971339 0.237500
vn 0.009742 0.971339 0.237500
vn -0.039573 -0.999154 -0.011200
vn -0.039573 -0.999154 -0.011200
vn -0.039573 -0.999154 -0.011200
vn -0.039573 -0.999154 -0.011200
vn -0.938390 -0.344453 0.027862
vn -0.938390 -0.344453 0.027862
vn -0.938390 -0.344453 0.027862
vn -0.938390 -0.344453 0.027862
vn -0.973049 0.228321 0.032334
vn -0.973049 0.228321 0.032334
vn -0.973049 0.228321 0.032334
vn -0.973049 0.228321 0.032334
vn -0.867387 0.497544 0.009491
vn -0.867387 0.497544 0.009491
vn -0.867387 0.497544 0.009491
vn -0.867387 0.497544 0.009491
vn -0.599656 0.798922 -0.046213
vn -0.599656 0.798922 -0.046213
vn -0.599656 0.798922 -0.046213
vn -0.599656 0.798922 -0.046213
vn 0.031361 0.992125 -0.121259
vn 0.031361 0.992125 -0.121259
vn 0.031361 0.992125 -0.121259
vn 0.031361 0.992125 -0.121259
vn -0.041718 -0.927058 0.372591
vn -0.041718 -0.927058 0.372591
vn 0.011498 -0.800217 0.599600
vn 0.013218 -0.795136 0.606287
vn -0.881921 -0.346203 0.319936
vn -0.881921 -0.346203 0.319936
vn -0.833884 -0.249751 0.492202
vn -0.837540 -0.255515 0.482948
vn -0.968498 0.226456 0.103583
vn -0.968498 0.226456 0.103583
vn -0.958403 0.248057 0.141178
vn -0.958690 0.247501 0.140204
vn -0.867265 0.493771 -0.063572
vn -0.867265 0.493771 -0.063572
vn -0.876023 0.472160 -0.098229
vn -0.876165 0.471766 -0.098847
vn -0.586771 0.751666 -0.301160
vn -0.586771 0.751667 -0.301160
vn -0.613936 0.672194 -0.413810
vn -0.614645 0.669265 -0.417488
vn 0.005889 0.847851 -0.530202
vn 0.005889 0.847851 -0.530201
vn -0.046687 0.708158 -0.704509
vn -0.047333 0.706163 -0.706466
vn 0.174955 -0.342225 0.923186
vn 0.174955 -0.342225 0.923186
vn 0.174955 -0.342225 0.923186
vn 0.174955 -0.342225 0.923186
vn -0.667291 0.071746 0.741333
vn -0.667292 0.071746 0.741333
vn -0.667291 0.071746 0.741333
vn -0.667291 0.071746 0.741333
vn -0.921941 0.330777 0.201523
vn -0.921941 0.330777 0.201523
vn -0.921941 0.330777 0.201523
vn -0.921941 0.330777 0.201523
vn -0.912753 0.378128 -0.154601
vn -0.912753 0.378128 -0.154601
vn -0.912753 0.378128 -0.154601
vn -0.912753 0.378128 -0.154601
vn -0.743727 0.314885 -0.589676
vn -0.743727 0.314885 -0.589676
vn -0.743727 0.314885 -0.589676
vn -0.743727 0.314885 -0.589676
vn -0.273098 0.115691 -0.955004
vn -0.273098 0.115691 -0.955004
vn -0.273098 0.115691 -0.955004
vn -0.273098 0.115691 -0.955004
vn 0.277509 0.070910 0.958102
vn 0.277509 0.070910 0.958102
vn 0.320376 0.331878 0.887252
vn 0.320055 0.329294 0.888330
vn -0.440773 0.363633 0.820665
vn -0.440773 0.363633 0.820665
vn -0.256841 0.528727 0.808999
vn -0.246361 0.536799 0.806941
vn -0.870305 0.424274 0.250123
vn -0.870305 0.424274 0.250123
vn -0.825900 0.485197 0.287181
vn -0.810629 0.503770 0.298490
vn -0.943388 0.264631 -0.199974
vn -0.943388 0.264631 -0.199974
vn -0.952877 0.197348 -0.230388
vn -0.955928 0.158445 -0.247180
vn -0.769557 -0.068897 -0.634850
vn -0.769557 -0.068897 -0.634850
vn -0.736128 -0.243449 -0.631545
vn -0.718447 -0.304290 -0.625493
vn -0.377415 -0.370464 -0.848714
vn -0.377415 -0.370464 -0.848713
vn -0.388363 -0.535450 -0.749978
vn -0.388623 -0.548183 -0.740586
vn 0.171628 0.097256 -0.980350
vn 0.171628 0.097256 -0.980350
vn 0.255660 0.326897 -0.909823
vn 0.255213 0.325607 -0.910410
vn -0.369261 0.302296 -0.878785
vn -0.369261 0.302296 -0.878785
vn -0.266766 0.506594 -0.819877
vn -0.265415 0.508927 -0.818870
vn -0.865186 0.403921 -0.297155
vn -0.865186 0.403921 -0.297155
vn -0.826197 0.486485 -0.284132
vn -0.826172 0.486533 -0.284124
vn -0.895844 0.284786 0.341116
vn -0.895844 0.284786 0.341116
vn -0.925848 0.194026 0.324284
vn -0.925162 0.196468 0.324772
vn -0.572179 0.039645 0.819170
vn -0.572179 0.039645 0.819170
vn -0.639835 -0.186066 0.745648
vn -0.638699 -0.180920 0.747885
vn -0.194973 -0.152313 0.968910
vn -0.194973 -0.152313 0.968910
vn -0.290838 -0.409359 0.864776
vn -0.290284 -0.407770 0.865713
vn 0.441507 0.807788 -0.390577
vn 0.441507 0.807788 -0.390577
vn 0.470519 0.868761 -0.154491
vn 0.470184 0.867979 -0.159813
vn -0.038887 0.937249 -0.346486
vn -0.038887 0.937249 -0.346486
vn -0.009424 0.990424 -0.137741
vn -0.007440 0.992308 -0.123569
vn -0.732998 0.670365 -0.115436
vn -0.732998 0.670365 -0.115436
vn -0.720527 0.692475 -0.036323
vn -0.717993 0.695662 -0.023250
vn -0.988551 0.007384 0.150705
vn -0.988551 0.007384 0.150705
vn -0.997142 -0.015257 0.073997
vn -0.997847 -0.018505 0.062926
vn -0.760434 -0.581014 0.290108
vn -0.760435 -0.581014 0.290108
vn -0.773629 -0.623588 0.112414
vn -0.773589 -0.625615 0.100828
vn -0.455852 -0.832712 0.314308
vn -0.455852 -0.832712 0.314308
vn -0.474341 -0.873720 0.107772
vn -0.474457 -0.874038 0.104639
vn 0.423883 0.781565 0.457689
vn 0.423883 0.781565 0.457690
vn 0.400551 0.775378 0.488209
vn 0.401241 0.775576 0.487328
vn 0.043451 0.887342 0.459060
vn 0.043451 0.887342 0.459060
vn 0.086165 0.856034 0.509688
vn 0.090469 0.852603 0.514668
vn -0.674793 0.670852 0.307590
vn -0.674793 0.670852 0.307590
vn -0.606813 0.708663 0.359965
vn -0.588228 0.717490 0.373089
vn -0.985928 -0.096314 -0.136634
vn -0.985928 -0.096314 -0.136634
vn -0.964816 -0.039374 -0.259960
vn -0.959544 -0.029842 -0.279973
vn -0.684259 -0.606547 -0.404833
vn -0.684259 -0.606547 -0.404834
vn -0.619540 -0.504748 -0.601166
vn -0.616131 -0.499927 -0.608651
vn -0.422029 -0.776899 -0.467246
vn -0.422029 -0.776899 -0.467246
vn -0.366159 -0.643827 -0.671874
vn -0.365640 -0.642649 -0.673283
vn -0.296765 -0.250813 0.921425
vn -0.296765 -0.250813 0.921425
vn -0.716290 0.033564 0.696995
vn -0.716290 0.033564 0.696995
vn -0.921393 0.295900 0.251950
vn -0.921393 0.295900 0.251950
vn -0.890370 0.404241 -0.209355
vn -0.890370 0.404241 -0.209355
vn -0.487538 0.338389 -0.804860
vn -0.487538 0.338389 -0.804860
vn 0.222397 0.069848 -0.972451
vn 0.222397 0.069848 -0.972451
vn -0.082052 0.443066 -0.892726
vn -0.082052 0.443066 -0.892726
vn -0.584101 0.503974 -0.636268
vn -0.584101 0.503974 -0.636267
vn -0.884315 0.424977 -0.193343
vn -0.884315 0.424977 -0.193343
vn -0.922240 0.298786 0.245356
vn -0.922240 0.298786 0.245356
vn -0.583436 0.023368 0.811823
vn -0.583436 0.023368 0.811823
vn 0.136505 -0.290998 0.946935
vn 0.136505 -0.290998 0.946935
vn -0.089294 0.560740 -0.823163
vn -0.089294 0.560740 -0.823163
vn -0.628323 0.586385 -0.511236
vn -0.628323 0.586385 -0.511236
vn -0.883114 0.450210 -0.131985
vn -0.883114 0.450210 -0.131985
vn -0.946599 0.268860 0.177948
vn -0.946599 0.268860 0.177948
vn -0.755627 -0.147727 0.638125
vn -0.755627 -0.147727 0.638125
vn 0.065203 -0.611666 0.788424
vn 0.065203 -0.611666 0.788424
vn -0.010094 0.767166 0.641369
vn -0.010094 0.767166 0.641369
vn -0.608009 0.691288 0.390443
vn -0.608009 0.691288 0.390443
vn -0.872193 0.472734 0.125705
vn -0.872193 0.472734 0.125705
vn -0.965558 0.249744 -0.072978
vn -0.965558 0.249744 -0.072978
vn -0.890333 -0.252602 -0.378814
vn -0.890333 -0.252602 -0.378815
vn -0.010798 -0.848691 -0.528779
vn -0.010798 -0.848691 -0.528779
vn -0.305355 -0.370243 0.877313
vn -0.305355 -0.370243 0.877313
vn -0.691526 -0.109890 0.713944
vn -0.691526 -0.109890 0.713944
vn -0.930790 0.236253 0.278951
vn -0.930790 0.236253 0.278951
vn -0.858261 0.457172 -0.233200
vn -0.858261 0.457172 -0.233200
vn -0.368959 0.479033 -0.796490
vn -0.368959 0.479033 -0.796490
vn 0.268400 0.256791 -0.928450
vn 0.268400 0.256791 -0.928450
vn -0.384510 -0.685401 -0.618367
vn -0.384510 -0.685401 -0.618367
vn -0.639531 -0.495784 -0.587536
vn -0.639531 -0.495784 -0.587536
vn -0.954545 0.038014 -0.295633
vn -0.954545 0.038014 -0.295633
vn -0.739748 0.578332 0.343955
vn -0.739748 0.578332 0.343955
vn -0.112135 0.629200 0.769112
vn -0.112135 0.629200 0.769112
vn 0.334023 0.468310 0.817994
vn 0.334023 0.468310 0.817994
vn 0.318750 0.520772 -0.791957
vn 0.318750 0.520772 -0.791957
vn -0.155667 0.674515 -0.721663
vn -0.155667 0.674515 -0.721663
vn -0.779651 0.565724 -0.268515
vn -0.779651 0.565724 -0.268515
vn -0.945897 0.108128 0.305922
vn -0.945897 0.108128 0.305922
vn -0.665979 -0.358725 0.654056
vn -0.665979 -0.358725 0.654056
vn -0.347236 -0.581973 0.735346
vn -0.347236 -0.581973 0.735346
vn 0.473360 0.879923 0.040816
vn 0.473360 0.879923 0.040816
vn 0.016993 0.998492 0.052211
vn 0.016993 0.998492 0.052211
vn -0.702874 0.709960 0.043872
vn -0.702874 0.709960 0.043872
vn -0.999284 -0.037722 -0.002922
vn -0.999284 -0.037722 -0.002922
vn -0.763566 -0.643884 -0.048798
vn -0.763566 -0.643884 -0.048798
vn -0.473601 -0.878139 -0.067625
vn -0.473601 -0.878139 -0.067625
vn 0.361697 0.762945 0.535808
vn 0.361697 0.762945 0.535808
vn 0.157711 0.792250 0.589463
vn 0.157711 0.792250 0.589463
vn -0.461138 0.763759 0.451691
vn -0.461137 0.763759 0.451691
vn -0.893728 0.052511 -0.445525
vn -0.893728 0.052511 -0.445525
vn -0.518466 -0.371856 -0.770011
vn -0.518466 -0.371856 -0.770011
vn -0.295397 -0.487708 -0.821512
vn -0.295397 -0.487708 -0.821512
vn -0.476633 -0.558753 -0.678687
vn -0.476633 -0.558753 -0.678687
vn -0.849549 -0.159596 -0.502788
vn -0.849549 -0.159597 -0.502788
vn -0.959043 0.234378 -0.159071
vn -0.959043 0.234378 -0.159071
vn -0.862604 0.461516 0.207164
vn -0.862604 0.461516 0.207164
vn -0.404989 0.567203 0.717122
vn -0.404989 0.567203 0.717122
vn 0.374975 0.336184 0.863929
vn 0.374975 0.336184 0.863929
vn -0.592684 -0.600350 0.536942
vn -0.592684 -0.600350 0.536942
vn -0.949226 -0.080458 0.304132
vn -0.949226 -0.080458 0.304132
vn -0.961704 0.255718 0.098661
vn -0.961704 0.255718 0.098661
vn -0.880601 0.471324 -0.048946
vn -0.880601 0.471324 -0.048946
vn -0.650567 0.740527 -0.168471
vn -0.650567 0.740527 -0.168471
vn 0.686750 0.686860 -0.237904
vn 0.686750 0.686860 -0.237904
vn -0.998967 -0.045433 0.000000
vn -0.998967 -0.045433 0.000000
vn -0.998967 -0.045433 0.000000
vn -0.998967 -0.045433 0.000000
vn -0.841210 0.342287 0.418577
vn -0.841210 0.342287 0.418577
vn -0.841212 0.342286 0.418573
vn -0.841211 0.342286 0.418574
vn -0.376894 -0.926257 0.000000
vn -0.376894 -0.926257 0.000000
vn -0.376894 -0.926257 0.000000
vn -0.376894 -0.926257 0.000000
vn -0.266503 -0.654962 0.707108
vn -0.266503 -0.654962 0.707108
vn -0.266503 -0.654962 0.707108
vn -0.266503 -0.654962 0.707108
vn 0.000000 0.000000 1.000000
vn 0.000000 0.000000 1.000000
vn 0.000002 0.000000 1.000000
vn 0.000002 0.000000 1.000000
vn -0.841208 0.342284 0.418582
vn -0.841208 0.342284 0.418582
vn -0.841208 0.342282 0.418583
vn -0.841208 0.342282 0.418583
vn -0.683457 0.729991 0.000000
vn -0.683457 0.729991 0.000000
vn -0.683457 0.729991 0.000000
vn -0.683457 0.729991 0.000000
vn 0.376895 0.926256 0.000000
vn 0.376895 0.926256 0.000000
vn 0.376895 0.926256 0.000000
vn 0.376895 0.926256 0.000000
vn 0.000005 0.000000 1.000000
vn 0.000003 0.000000 1.000000
vn 0.000003 0.000000 1.000000
vn 0.000005 0.000000 1.000000
vn 0.266495 0.654953 0.707119
vn 0.266495 0.654953 0.707119
vn 0.266495 0.654953 0.707119
vn 0.266495 0.654953 0.707119
vn -0.841206 0.342289 -0.418581
vn -0.841206 0.342289 -0.418581
vn -0.841207 0.342286 -0.418583
vn -0.841207 0.342286 -0.418583
vn 0.000000 -0.000005 -1.000000
vn 0.000000 -0.000005 -1.000000
vn -0.000003 -0.000000 -1.000000
vn -0.000003 -0.000000 -1.000000
vn 0.266511 0.654956 -0.707109
vn 0.266511 0.654956 -0.707109
vn 0.266511 0.654956 -0.707109
vn 0.266512 0.654956 -0.707109
vn -0.841200 0.342291 -0.418591
vn -0.841200 0.342291 -0.418591
vn -0.841203 0.342291 -0.418586
vn -0.841203 0.342291 -0.418586
vn 0.000000 0.000000 -1.000000
vn -0.000003 0.000000 -1.000000
vn -0.000003 0.000000 -1.000000
vn 0.000000 0.000000 -1.000000
vn -0.266496 -0.654963 -0.707109
vn -0.266496 -0.654963 -0.707109
vn -0.266496 -0.654963 -0.707109
vn -0.266496 -0.654963 -0.707109
vn -0.862365 0.285941 0.417809
vn -0.865276 0.277376 0.417564
vn -0.857006 0.301118 0.418173
vn -0.860002 0.292713 0.417991
vn -0.926256 0.376894 0.000000
vn -0.926258 0.376889 0.000000
vn -0.926258 0.376889 0.000000
vn -0.926256 0.376894 0.000000
vn -0.058019 -0.142588 0.988080
vn -0.058019 -0.142589 0.988080
vn -0.816457 0.398558 -0.417791
vn -0.813741 0.404251 -0.417620
vn -0.800571 0.430733 -0.416600
vn -0.800195 0.431466 -0.416565
vn -0.926257 0.376893 0.000000
vn -0.926257 0.376893 0.000000
vn -0.926257 0.376893 0.000000
vn -0.926257 0.376893 0.000000
vn 0.057843 0.142165 -0.988152
vn 0.057843 0.142164 -0.988152
vn -0.873865 0.250608 0.416600
vn -0.874106 0.249820 0.416568
vn -0.862774 0.284719 0.417799
vn -0.864804 0.278749 0.417628
vn -0.926256 0.376894 0.000000
vn -0.926255 0.376898 0.000000
vn -0.926255 0.376898 0.000000
vn -0.926256 0.376894 0.000000
vn -0.823550 0.382622 -0.418768
vn -0.819821 0.390616 -0.418703
vn -0.816919 0.396740 -0.418617
vn -0.812124 0.406624 -0.418463
vn 0.045980 0.113003 -0.992530
vn -0.000002 0.000000 -1.000000
vn -0.000002 0.000000 -1.000000
vn 0.045980 0.113003 -0.992530
vn 0.058174 0.143599 -0.987925
vn 0.057989 0.143142 -0.988002
vn 0.000000 0.000000 1.000000
vn -0.045979 -0.113003 0.992530
vn -0.045979 -0.113003 0.992530
vn 0.000000 0.000000 1.000000
vn -0.057843 -0.142155 0.988153
vn -0.057843 -0.142155 0.988153
vn 0.043413 0.107158 -0.993294
vn 0.043413 0.107158 -0.993294
vn 0.086021 0.211403 -0.973606
vn 0.086021 0.211403 -0.973606
vn -0.086016 -0.211398 0.973608
vn -0.086016 -0.211398 0.973608
vn -0.043738 -0.107486 0.993244
vn -0.043738 -0.107486 0.993244
vn -0.926255 0.376897 0.000000
vn -0.926255 0.376897 0.000000
vn -0.926257 0.376893 0.000000
vn -0.926257 0.376893 0.000000
vn -0.926256 0.376895 0.000000
vn -0.926256 0.376894 0.000000
vn -0.926258 0.376891 0.000000
vn -0.926258 0.376891 0.000000
vn -0.921488 -0.041899 0.386140
vn -0.921488 -0.041899 0.386141
vn -0.921488 -0.041899 0.386140
vn -0.630439 0.673388 0.386129
vn -0.630439 0.673388 0.386129
vn -0.630439 0.673388 0.386129
vn -0.630449 0.673386 -0.386116
vn -0.630449 0.673386 -0.386116
vn -0.630449 0.673386 -0.386116
vn -0.921485 -0.041900 -0.386147
vn -0.921485 -0.041900 -0.386147
vn -0.921485 -0.041900 -0.386147
vn -0.860389 0.291621 0.417957
vn -0.858397 0.297253 0.418085
vn -0.841206 0.342291 0.418580
vn -0.841206 0.342291 0.418580
vn -0.822064 0.386525 -0.418103
vn -0.841198 0.342289 -0.418597
vn -0.841198 0.342289 -0.418597
vn -0.819556 0.391951 -0.417974
vn -0.628195 0.255595 -0.734876
vn -0.628195 0.255595 -0.734876
vn -0.628195 0.255595 -0.734876
vn -0.628195 0.255595 -0.734876
vn -0.726671 0.295705 0.620087
vn -0.726671 0.295705 0.620087
vn -0.726671 0.295705 0.620087
vn -0.726671 0.295705 0.620087
vn -0.628304 0.255611 0.734776
vn -0.628304 0.255611 0.734776
vn -0.628304 0.255611 0.734776
vn -0.628304 0.255611 0.734776
vn -0.726680 0.295706 -0.620076
vn -0.726680 0.295706 -0.620076
vn -0.726680 0.295706 -0.620076
vn -0.726680 0.295706 -0.620076
vn -0.666697 0.271284 -0.694205
vn -0.666697 0.271284 -0.694205
vn -0.666697 0.271284 -0.694205
vn -0.666697 0.271284 -0.694205
vn -0.699323 0.284594 0.655709
vn -0.699323 0.284594 0.655709
vn -0.699323 0.284594 0.655709
vn -0.699323 0.284594 0.655709
vn -0.706356 0.707856 0.000001
vn -0.706356 0.707856 0.000001
vn -0.706356 0.707856 0.000001
vn -0.706356 0.707856 0.000001
vn -0.628157 0.255590 -0.734910
vn -0.628157 0.255590 -0.734910
vn -0.628157 0.255590 -0.734910
vn -0.628157 0.255590 -0.734910
vn -0.726715 0.295683 0.620046
vn -0.726715 0.295683 0.620046
vn -0.726715 0.295683 0.620046
vn -0.726715 0.295683 0.620046
vn -0.726666 0.295712 -0.620089
vn -0.726666 0.295712 -0.620089
vn -0.726666 0.295712 -0.620089
vn -0.726666 0.295712 -0.620089
vn -0.999908 -0.013540 0.000000
vn -0.999908 -0.013540 0.000000
vn -0.999908 -0.013540 0.000000
vn -0.999908 -0.013540 0.000000
vn -0.628256 0.255622 0.734814
vn -0.628256 0.255622 0.734814
vn -0.628256 0.255622 0.734814
vn -0.628256 0.255622 0.734814
vn -0.579492 0.417658 -0.699822
vn -0.579492 0.417658 -0.699822
vn -0.579492 0.417658 -0.699822
vn -0.579492 0.417658 -0.699822
vn -0.759886 0.144468 0.633800
vn -0.759886 0.144468 0.633800
vn -0.759886 0.144468 0.633800
vn -0.759886 0.144468 0.633800
vn -0.645055 0.448630 -0.618576
vn -0.645055 0.448630 -0.618576
vn -0.645055 0.448630 -0.618576
vn -0.645055 0.448630 -0.618576
vn -0.699637 0.070764 0.710986
vn -0.699637 0.070764 0.710986
vn -0.699637 0.070764 0.710986
vn -0.699637 0.070764 0.710986
vn -0.587787 0.408764 -0.698153
vn -0.587787 0.408764 -0.698153
vn -0.587787 0.408764 -0.698153
vn -0.587787 0.408764 -0.698153
vn -0.755318 0.152482 0.637372
vn -0.755318 0.152482 0.637372
vn -0.755318 0.152482 0.637373
vn -0.755318 0.152482 0.637372
vn -0.666686 0.271270 -0.694221
vn -0.666686 0.271270 -0.694221
vn -0.666686 0.271270 -0.694221
vn -0.666686 0.271270 -0.694221
vn -0.699389 0.284553 0.655656
vn -0.699389 0.284553 0.655656
vn -0.699389 0.284553 0.655656
vn -0.699389 0.284553 0.655656
vn -0.435850 -0.797133 -0.417868
vn -0.435850 -0.797133 -0.417868
vn -0.435850 -0.797133 -0.417868
vn -0.435850 -0.797133 -0.417868
vn -0.599507 -0.735730 -0.315106
vn -0.599507 -0.735730 -0.315106
vn -0.599507 -0.735730 -0.315106
vn -0.599507 -0.735730 -0.315106
vn -0.692272 -0.707164 -0.143801
vn -0.692272 -0.707164 -0.143801
vn -0.692272 -0.707164 -0.143801
vn -0.692272 -0.707164 -0.143801
vn -0.692429 -0.719760 0.049869
vn -0.692429 -0.719760 0.049869
vn -0.692429 -0.719760 0.049869
vn -0.692429 -0.719760 0.049869
vn -0.599387 -0.770763 0.216008
vn -0.599387 -0.770763 0.216008
vn -0.599387 -0.770763 0.216008
vn -0.599387 -0.770763 0.216008
vn -0.435771 -0.845045 0.309844
vn -0.435771 -0.845045 0.309844
vn -0.435771 -0.845045 0.309844
vn -0.435771 -0.845045 0.309844
vn -0.445313 -0.641084 -0.625066
vn -0.445313 -0.641084 -0.625066
vn -0.445313 -0.641084 -0.625066
vn -0.445313 -0.641084 -0.625066
vn -0.703447 -0.542739 -0.458907
vn -0.703447 -0.542739 -0.458907
vn -0.703447 -0.542739 -0.458907
vn -0.703447 -0.542739 -0.458907
vn -0.847719 -0.496621 -0.186384
vn -0.847720 -0.496621 -0.186384
vn -0.847719 -0.496621 -0.186384
vn -0.847719 -0.496621 -0.186384
vn -0.847768 -0.516689 0.119672
vn -0.847768 -0.516689 0.119672
vn -0.847768 -0.516689 0.119672
vn -0.847768 -0.516689 0.119672
vn -0.703487 -0.598111 0.383887
vn -0.703487 -0.598111 0.383887
vn -0.703487 -0.598111 0.383887
vn -0.703487 -0.598111 0.383887
vn -0.445296 -0.717396 0.535774
vn -0.445296 -0.717396 0.535774
vn -0.445296 -0.717396 0.535774
vn -0.445296 -0.717396 0.535774
vn -0.424634 -0.440422 -0.791021
vn -0.424634 -0.440422 -0.791021
vn -0.424634 -0.440422 -0.791021
vn -0.424634 -0.440422 -0.791021
vn -0.759011 -0.313318 -0.570731
vn -0.759011 -0.313318 -0.570731
vn -0.759011 -0.313318 -0.570731
vn -0.759011 -0.313318 -0.570731
vn -0.942576 -0.255212 -0.215448
vn -0.942576 -0.255212 -0.215448
vn -0.942576 -0.255212 -0.215448
vn -0.942576 -0.255212 -0.215448
vn -0.942557 -0.281293 0.180171
vn -0.942557 -0.281293 0.180171
vn -0.942557 -0.281293 0.180171
vn -0.942557 -0.281293 0.180171
vn -0.758960 -0.385451 0.524792
vn -0.758960 -0.385451 0.524792
vn -0.758960 -0.385451 0.524792
vn -0.758960 -0.385451 0.524792
vn -0.424615 -0.540359 0.726440
vn -0.424615 -0.540359 0.726440
vn -0.424615 -0.540359 0.726440
vn -0.424615 -0.540359 0.726440
vn -0.374568 -0.208653 -0.903417
vn -0.374568 -0.208653 -0.903417
vn -0.374568 -0.208654 -0.903417
vn -0.374568 -0.208654 -0.903417
vn -0.762841 -0.064076 -0.643404
vn -0.762841 -0.064076 -0.643404
vn -0.762841 -0.064076 -0.643404
vn -0.762841 -0.064076 -0.643404
vn -0.973253 -0.000536 -0.229733
vn -0.973254 -0.000536 -0.229733
vn -0.973254 -0.000536 -0.229733
vn -0.973253 -0.000536 -0.229733
vn -0.973245 -0.030664 0.227717
vn -0.973244 -0.030664 0.227717
vn -0.973244 -0.030664 0.227717
vn -0.973245 -0.030664 0.227717
vn -0.762907 -0.147814 0.629384
vn -0.762907 -0.147814 0.629384
vn -0.762907 -0.147814 0.629384
vn -0.762907 -0.147814 0.629384
vn -0.374718 -0.325172 0.868245
vn -0.374718 -0.325172 0.868245
vn -0.374718 -0.325172 0.868245
vn -0.374718 -0.325172 0.868245
vn -0.298424 0.038796 -0.953645
vn -0.298424 0.038796 -0.953645
vn -0.298424 0.038796 -0.953645
vn -0.298424 0.038796 -0.953645
vn -0.715566 0.188646 -0.672591
vn -0.715566 0.188646 -0.672591
vn -0.715566 0.188646 -0.672591
vn -0.715566 0.188646 -0.672591
vn -0.940399 0.251407 -0.229008
vn -0.940399 0.251407 -0.229008
vn -0.940399 0.251407 -0.229008
vn -0.940399 0.251407 -0.229008
vn -0.940391 0.219259 0.259980
vn -0.940391 0.219259 0.259980
vn -0.940391 0.219259 0.259980
vn -0.940391 0.219259 0.259980
vn -0.715589 0.098892 0.691486
vn -0.715589 0.098892 0.691486
vn -0.715589 0.098892 0.691486
vn -0.715589 0.098892 0.691486
vn -0.298407 -0.086566 0.950505
vn -0.298407 -0.086566 0.950505
vn -0.298407 -0.086566 0.950505
vn -0.298407 -0.086566 0.950505
vn -0.201358 0.283786 -0.937508
vn -0.201358 0.283786 -0.937508
vn -0.201358 0.283786 -0.937508
vn -0.201358 0.283786 -0.937508
vn -0.620458 0.428420 -0.656878
vn -0.620458 0.428420 -0.656877
vn -0.620458 0.428420 -0.656877
vn -0.620458 0.428420 -0.656877
vn -0.847326 0.486245 -0.213551
vn -0.847326 0.486245 -0.213552
vn -0.847326 0.486245 -0.213552
vn -0.847326 0.486245 -0.213552
vn -0.847314 0.454083 0.275440
vn -0.847314 0.454083 0.275440
vn -0.847314 0.454083 0.275440
vn -0.847314 0.454083 0.275440
vn -0.620566 0.338642 0.707262
vn -0.620566 0.338642 0.707262
vn -0.620566 0.338642 0.707262
vn -0.620566 0.338642 0.707262
vn -0.201349 0.158500 0.966611
vn -0.201349 0.158500 0.966611
vn -0.201349 0.158500 0.966611
vn -0.201349 0.158500 0.966611
vn -0.090343 0.508632 -0.856231
vn -0.090343 0.508632 -0.856231
vn -0.090343 0.508632 -0.856231
vn -0.090343 0.508632 -0.856231
vn -0.483854 0.639860 -0.597047
vn -0.483854 0.639860 -0.597047
vn -0.483854 0.639860 -0.597047
vn -0.483854 0.639860 -0.597047
vn -0.699193 0.690772 -0.184292
vn -0.699193 0.690772 -0.184292
vn -0.699193 0.690772 -0.184292
vn -0.699193 0.690772 -0.184292
vn -0.699198 0.660665 0.273210
vn -0.699198 0.660665 0.273210
vn -0.699198 0.660665 0.273210
vn -0.699198 0.660665 0.273210
vn -0.483910 0.556124 0.675691
vn -0.483910 0.556124 0.675690
vn -0.483910 0.556124 0.675690
vn -0.483910 0.556124 0.675690
vn -0.090267 0.392139 0.915466
vn -0.090267 0.392139 0.915466
vn -0.090267 0.392139 0.915466
vn -0.090267 0.392139 0.915466
vn 0.026452 0.697506 -0.716091
vn 0.026452 0.697506 -0.716091
vn 0.026452 0.697506 -0.716091
vn 0.026452 0.697506 -0.716091
vn -0.314172 0.808947 -0.496892
vn -0.314172 0.808947 -0.496891
vn -0.314172 0.808947 -0.496892
vn -0.314172 0.808947 -0.496891
vn -0.503661 0.852048 -0.142619
vn -0.503661 0.852048 -0.142619
vn -0.503661 0.852048 -0.142619
vn -0.503661 0.852048 -0.142619
vn -0.503695 0.826005 0.252998
vn -0.503695 0.826005 0.252998
vn -0.503695 0.826005 0.252998
vn -0.503695 0.826005 0.252998
vn -0.314047 0.736926 0.598594
vn -0.314047 0.736926 0.598594
vn -0.314047 0.736926 0.598594
vn -0.314047 0.736926 0.598594
vn 0.026319 0.597737 0.801260
vn 0.026319 0.597737 0.801260
vn 0.026319 0.597737 0.801260
vn 0.026319 0.597737 0.801260
vn 0.140542 0.837677 -0.527773
vn 0.140542 0.837677 -0.527773
vn 0.140542 0.837677 -0.527773
vn 0.140542 0.837677 -0.527773
vn -0.122127 0.923969 -0.362446
vn -0.122127 0.923969 -0.362446
vn -0.122127 0.923969 -0.362446
vn -0.122127 0.923969 -0.362446
vn -0.271094 0.958276 -0.090644
vn -0.271094 0.958275 -0.090644
vn -0.271094 0.958276 -0.090644
vn -0.271094 0.958275 -0.090644
vn -0.271007 0.938158 0.215439
vn -0.271007 0.938158 0.215439
vn -0.271007 0.938158 0.215439
vn -0.271007 0.938158 0.215439
vn -0.122237 0.868523 0.480340
vn -0.122237 0.868523 0.480340
vn -0.122237 0.868523 0.480340
vn -0.122237 0.868523 0.480340
vn 0.140715 0.761242 0.633017
vn 0.140715 0.761242 0.633017
vn 0.140715 0.761242 0.633017
vn 0.140715 0.761242 0.633017
vn 0.244812 0.920394 -0.304865
vn 0.244812 0.920394 -0.304865
vn 0.244812 0.920394 -0.304865
vn 0.244812 0.920394 -0.304865
vn 0.079139 0.976083 -0.202483
vn 0.079139 0.976083 -0.202483
vn 0.079139 0.976083 -0.202483
vn 0.079139 0.976083 -0.202483
vn -0.015957 0.999374 -0.031578
vn -0.015957 0.999374 -0.031578
vn -0.015957 0.999374 -0.031578
vn -0.015957 0.999374 -0.031578
vn -0.015988 0.986615 0.162284
vn -0.015988 0.986615 0.162284
vn -0.015988 0.986615 0.162284
vn -0.015988 0.986615 0.162284
vn 0.079093 0.941149 0.328608
vn 0.079093 0.941149 0.328608
vn 0.079093 0.941149 0.328608
vn 0.079093 0.941149 0.328608
vn 0.244985 0.872459 0.422845
vn 0.244985 0.872459 0.422845
vn 0.244985 0.872459 0.422845
vn 0.244985 0.872459 0.422845
vn -0.397151 -0.899205 -0.183580
vn -0.397151 -0.899205 -0.183580
vn -0.397151 -0.899205 -0.183580
vn -0.453282 -0.878829 -0.148981
vn -0.453282 -0.878829 -0.148981
vn -0.453282 -0.878829 -0.148981
vn -0.486008 -0.869259 -0.090466
vn -0.486008 -0.869259 -0.090466
vn -0.486008 -0.869259 -0.090466
vn -0.485746 -0.873762 -0.024301
vn -0.485746 -0.873762 -0.024301
vn -0.485746 -0.873762 -0.024301
vn -0.453147 -0.890841 0.032556
vn -0.453147 -0.890841 0.032556
vn -0.453147 -0.890841 0.032556
vn -0.397257 -0.915455 0.064263
vn -0.397257 -0.915455 0.064263
vn -0.397257 -0.915455 0.064263
vn 0.332151 0.941150 -0.062547
vn 0.332151 0.941150 -0.062547
vn 0.332151 0.941150 -0.062547
vn 0.275705 0.960840 -0.027802
vn 0.275705 0.960840 -0.027802
vn 0.275705 0.960840 -0.027802
vn 0.242952 0.969563 0.030369
vn 0.242952 0.969563 0.030369
vn 0.242952 0.969563 0.030369
vn 0.243277 0.965101 0.096941
vn 0.243277 0.965100 0.096941
vn 0.243277 0.965100 0.096941
vn 0.275694 0.948916 0.153464
vn 0.275694 0.948916 0.153464
vn 0.275694 0.948916 0.153464
vn 0.332199 0.924819 0.185347
vn 0.332199 0.924819 0.185347
vn 0.332199 0.924819 0.185347
s 1
g pasted__pCube16
usemtl pasted__lambert1SG1
f 2/177/1 1/363/2 169/178/3 171/191/4
f 283/304/5 278/298/6 13/375/7 14/173/8
s off
f 177/378/9 172/183/10 174/383/11 179/184/12
s 3
f 15/182/13 281/302/14 282/303/15 16/12/16
f 181/196/17 27/23/18 28/188/19 183/189/20
s off
f 168/187/21 180/185/22 182/385/23 170/186/24
s 5
f 172/382/25 189/418/26 173/192/27
s off
f 27/174/28 1/175/29 30/190/30 29/200/31
s 6
f 1/179/32 277/311/33 30/358/34
s 7
f 276/313/35 27/24/36 29/422/37
s 8
f 3/1/38 266/319/39 31/317/40
s 9
f 265/284/41 25/25/42 32/322/43
s 10
f 5/3/44 250/327/45 33/325/46
s 11
f 249/267/47 23/26/48 34/330/49
s 12
f 7/5/50 234/335/51 35/333/52
s 13
f 233/250/53 21/27/54 36/338/55
s 14
f 9/7/56 218/343/57 37/341/58
s 15
f 217/233/59 19/28/60 38/346/61
s 16
f 11/9/62 195/356/63 39/349/64
s 17
f 13/11/65 192/425/66 41/426/67
s 18
f 194/354/68 17/29/69 40/357/70
s off
f 29/31/71 30/32/72 44/46/73 113/115/74 58/60/75 84/86/76 43/45/77
s 19
f 117/119/78 273/293/79 31/33/80 45/433/81
s 20
f 83/85/82 276/296/83 29/31/84 43/45/85
s 21
f 31/411/86 266/285/87 267/286/88 45/47/89
s 22
f 88/90/90 264/283/91 46/48/92
s 23
f 135/137/93 243/261/94 49/51/95
s 24
f 93/95/96 248/266/97 48/50/98
s 25
f 144/146/99 227/244/100 51/53/101
s 26
f 98/100/102 232/249/103 50/52/104
s 27
f 37/403/105 218/234/106 219/235/107 51/388/108
s 28
f 103/105/109 216/232/110 52/54/111
s 29
f 162/164/112 202/217/113 41/43/114 55/57/115
s off
f 41/43/116 42/359/117 56/58/118 166/168/119 80/82/120 163/165/121 55/57/122
s 30
f 108/110/123 194/208/124 40/42/125 54/431/126
s off
f 112/114/127 85/87/128 82/84/129 83/85/130 43/45/131 84/86/132 58/60/133 113/115/134 44/46/135 114/116/136
s 31
f 122/124/137 90/92/138 87/89/139 88/90/140 46/48/141 89/434/142 60/62/143 118/432/144 45/47/145 123/125/146
s 32
f 131/133/147 95/97/148 92/94/149 93/95/150 48/50/151 94/397/152 64/66/153 127/391/154 47/49/155 132/134/156
s 33
f 140/142/157 100/102/158 97/99/159 98/100/160 50/52/161 99/395/162 68/70/163 136/389/164 49/390/165 141/143/166
s 34
f 149/151/167 105/107/168 102/104/169 103/105/170 52/54/171 104/393/172 72/74/173 145/387/174 51/388/175 150/152/176
s 35
f 158/160/177 110/112/178 107/109/179 108/110/180 54/431/181 109/429/182 76/78/183 154/427/184 53/428/185 159/161/186
s off
f 112/114/187 114/116/188 59/61/189 115/117/190 57/59/191 86/88/192 61/63/193 83/85/194 82/84/195 85/87/196
s 31
f 120/122/197 119/121/198 116/118/199 117/119/200 45/433/145 118/120/144 60/435/143 89/91/142 46/436/141 121/123/201
s off
f 120/122/202 121/123/203 61/63/204 86/88/205 57/59/206 115/117/207 59/61/208 117/119/209 116/118/210 119/121/211
f 122/124/212 123/125/213 63/65/214 124/126/215 62/64/216 91/93/217 65/67/218 88/90/219 87/89/220 90/92/221
s 32
f 129/131/222 128/130/223 125/127/224 126/128/225 47/392/155 127/129/154 64/398/153 94/96/152 48/407/151 130/132/226
s off
f 129/131/227 130/132/228 65/67/229 91/93/230 62/64/231 124/126/232 63/65/233 126/128/234 125/127/235 128/130/236
f 131/133/237 132/134/238 67/69/239 133/135/240 66/68/241 96/98/242 69/71/243 93/95/244 92/94/245 95/97/246
s 33
f 138/140/247 137/139/248 134/136/249 135/137/250 49/51/165 136/138/164 68/396/163 99/101/162 50/404/161 139/141/251
s off
f 138/140/252 139/141/253 69/71/254 96/98/255 66/68/256 133/135/257 67/69/258 135/137/259 134/136/260 137/139/261
f 140/142/262 141/143/263 71/73/264 142/144/265 70/72/266 101/103/267 73/75/268 98/100/269 97/99/270 100/102/271
s 34
f 147/149/272 146/148/273 143/145/274 144/146/275 51/53/175 145/147/174 72/394/173 104/106/172 52/401/171 148/150/276
s off
f 147/149/277 148/150/278 73/75/279 101/103/280 70/72/281 142/144/282 71/73/283 144/146/284 143/145/285 146/148/286
f 149/151/287 150/152/288 75/77/289 151/153/290 74/76/291 106/108/292 77/79/293 103/105/294 102/104/295 105/107/296
s 35
f 156/158/297 155/157/298 152/154/299 153/155/300 53/55/185 154/156/184 76/430/183 109/111/182 54/56/181 157/159/301
s off
f 156/158/302 157/159/303 77/79/304 106/108/305 74/76/306 151/153/307 75/77/308 153/155/309 152/154/310 155/157/311
f 158/160/312 159/161/313 79/81/314 160/162/315 78/80/316 111/113/317 81/83/318 108/110/319 107/109/320 110/112/321
f 165/167/322 164/166/323 161/163/324 162/164/325 55/57/326 163/165/327 80/82/328 166/168/329 56/58/330 167/169/331
f 165/167/332 167/169/333 81/83/334 111/113/335 78/80/336 160/162/337 79/81/338 162/164/339 161/163/340 164/166/341
s 36
f 181/201/342 180/314/343 186/377/344 27/174/345
s off
f 169/178/346 168/376/347 170/176/348 171/191/349
f 172/381/350 173/362/351 175/180/352 174/193/353
f 176/181/354 177/194/355 179/380/356 178/195/357
f 180/384/358 181/196/359 183/189/360 182/197/361
s 5
f 15/30/362 184/413/363 280/412/364 281/301/365
f 188/202/366 189/203/26 172/170/25 177/379/367
f 185/416/368 193/417/369 192/425/370 13/11/371
s 36
f 1/175/372 187/419/373 168/420/374 169/421/375
f 187/419/373 186/377/344 180/314/343 168/420/374
f 27/174/345 186/377/344 187/419/373 1/175/372
s 39
f 284/305/376 285/306/377 286/307/378 287/308/379
s 5
f 176/172/380 188/386/366 177/171/367
f 278/361/381 279/415/382 185/416/368 13/11/371
f 15/30/362 190/204/383 191/414/384 184/413/363
s 17
f 42/424/385 190/204/386 15/30/387
s 5
f 193/207/369 191/205/384 190/423/383 192/206/370
s 17
f 41/360/67 192/206/66 190/423/386 42/44/385
s 5
f 184/198/363 191/205/384 193/207/369 185/199/368
s 28
f 216/232/110 217/345/388 38/40/389 52/54/111
s 26
f 232/249/103 233/337/390 36/38/391 50/52/104
s 24
f 248/266/97 249/329/392 34/36/393 48/50/98
s 22
f 264/283/91 265/321/394 32/34/395 46/48/92
s 21
f 126/128/396 259/278/397 47/392/398
s 23
f 33/409/399 250/268/400 251/269/401 47/49/402
s 25
f 35/406/403 234/251/404 235/252/405 49/390/406
s 27
f 75/77/407 215/231/408 211/227/409 153/155/410
s 18
f 15/30/411 200/214/412 203/351/413 42/424/414
s 3
f 199/213/415 200/215/416 15/182/13 16/12/16
s 1
f 13/375/7 197/374/417 198/212/418 14/173/8
s 16
f 202/353/419 197/211/420 13/11/421 41/426/422
f 195/356/63 11/9/62 197/211/420 196/355/423
s 1
f 198/212/418 197/374/417 11/373/424 12/10/425
s 3
f 18/14/426 17/13/427 200/215/416 199/213/415
s 18
f 201/352/428 200/214/412 17/29/69 194/354/68
s 16
f 196/355/423 197/211/420 202/353/419
s 18
f 203/351/413 200/214/412 201/352/428
s 29
f 159/161/429 195/209/430 196/210/431 79/81/432
f 79/81/432 196/210/431 202/217/113 162/164/112
f 39/400/433 195/209/430 159/161/429 53/428/434
s 28
f 40/399/435 205/350/436 204/219/437 54/56/438
s 15
f 17/29/439 206/221/440 205/220/441 40/357/442
s 3
f 207/223/443 206/222/444 17/13/427 18/14/426
s 1
f 11/373/424 209/372/445 208/224/446 12/10/425
s 14
f 210/347/447 209/225/448 11/9/449 39/349/450
s 27
f 211/227/409 210/226/451 39/41/452 53/55/453
s 28
f 204/219/437 205/350/436 213/348/454 212/228/455
s 15
f 205/220/441 206/221/440 213/229/456
s 14
f 214/344/457 209/225/448 210/347/447
s 27
f 215/231/408 214/230/458 210/226/451 211/227/409
s 28
f 212/228/455 213/348/454 217/345/388 216/232/110
s 15
f 213/229/456 206/221/440 19/28/60 217/233/59
s 3
f 20/16/459 19/15/460 206/222/444 207/223/443
s 1
f 208/224/446 209/372/445 9/371/461 10/8/462
s 14
f 218/343/57 9/7/56 209/225/448 214/344/457
s 27
f 219/235/107 218/234/106 214/230/458 215/231/408
s 26
f 38/402/463 221/342/464 220/236/465 52/401/466
s 13
f 19/28/467 222/238/468 221/237/469 38/346/470
s 3
f 223/240/471 222/239/472 19/15/460 20/16/459
s 1
f 9/371/461 225/370/473 224/241/474 10/8/462
s 12
f 226/339/475 225/242/476 9/7/477 37/341/478
s 25
f 227/244/100 226/243/479 37/39/480 51/53/101
s 26
f 220/236/465 221/342/464 229/340/481 228/245/482
s 13
f 221/237/469 222/238/468 229/246/483
s 12
f 230/336/484 225/242/476 226/339/475
s 25
f 231/248/485 230/247/486 226/243/479 227/244/100
s 26
f 228/245/482 229/340/481 233/337/390 232/249/103
s 13
f 229/246/483 222/238/468 21/27/54 233/250/53
s 3
f 22/18/487 21/17/488 222/239/472 223/240/471
s 1
f 224/241/474 225/370/473 7/369/489 8/6/490
s 12
f 234/335/51 7/5/50 225/242/476 230/336/484
s 25
f 235/252/405 234/251/404 230/247/486 231/248/485
s 24
f 36/405/491 237/334/492 236/253/493 50/404/494
s 11
f 21/27/495 238/255/496 237/254/497 36/338/498
s 3
f 239/257/499 238/256/500 21/17/488 22/18/487
s 1
f 7/369/489 241/368/501 240/258/502 8/6/490
s 10
f 242/331/503 241/259/504 7/5/505 35/333/506
s 23
f 243/261/94 242/260/507 35/37/508 49/51/95
s 24
f 236/253/493 237/334/492 245/332/509 244/262/510
s 11
f 237/254/497 238/255/496 245/263/511
s 10
f 246/328/512 241/259/504 242/331/503
s 23
f 247/265/513 246/264/514 242/260/507 243/261/94
s 24
f 244/262/510 245/332/509 249/329/392 248/266/97
s 11
f 245/263/511 238/255/496 23/26/48 249/267/47
s 3
f 24/20/515 23/19/516 238/256/500 239/257/499
s 1
f 240/258/502 241/368/501 5/367/517 6/4/518
s 10
f 250/327/45 5/3/44 241/259/504 246/328/512
s 23
f 251/269/401 250/268/400 246/264/514 247/265/513
s 22
f 34/408/519 253/326/520 252/270/521 48/407/522
s 9
f 23/26/523 254/272/524 253/271/525 34/330/526
s 3
f 255/274/527 254/273/528 23/19/516 24/20/515
s 1
f 5/367/517 257/366/529 256/275/530 6/4/518
s 8
f 258/323/531 257/276/532 5/3/533 33/325/534
s 21
f 259/278/397 258/277/535 33/35/536 47/392/398
s 22
f 252/270/521 253/326/520 261/324/537 260/279/538
s 9
f 253/271/525 254/272/524 261/280/539
s 8
f 262/320/540 257/276/532 258/323/531
s 21
f 263/282/541 262/281/542 258/277/535 259/278/397
s 22
f 260/279/538 261/324/537 265/321/394 264/283/91
s 9
f 261/280/539 254/272/524 25/25/42 265/284/41
s 3
f 26/22/543 25/21/544 254/273/528 255/274/527
s 1
f 256/275/530 257/366/529 3/365/545 4/2/546
s 8
f 266/319/39 3/1/38 257/276/532 262/320/540
s 21
f 267/286/88 266/285/87 262/281/542 263/282/541
s 7
f 25/25/547 269/288/548 268/318/549 32/322/550
s 3
f 270/290/551 269/289/552 25/21/544 26/22/543
s 1
f 3/365/545 272/364/553 271/291/554 4/2/546
s 6
f 273/315/555 272/292/556 3/1/557 31/317/558
s 7
f 268/318/549 269/288/548 274/316/559
s 6
f 275/312/560 272/292/556 273/315/555
s 7
f 274/316/559 269/288/548 27/24/36 276/313/35
s 3
f 28/188/19 27/23/18 269/289/552 270/290/551
s 1
f 271/291/554 272/364/553 1/363/2 2/177/1
s 6
f 277/311/33 1/179/32 272/292/556 275/312/560
s 19
f 114/116/561 277/297/562 275/295/563 59/61/564
f 30/32/565 277/297/562 114/116/561 44/46/566
f 59/61/564 275/295/563 273/293/79 117/119/78
s 27
f 150/152/567 219/235/107 215/231/408 75/77/407
f 153/155/410 211/227/409 53/55/453
f 51/388/108 219/235/107 150/152/567
s 25
f 71/73/568 231/248/485 227/244/100 144/146/99
f 141/143/569 235/252/405 231/248/485 71/73/568
f 49/390/406 235/252/405 141/143/569
s 23
f 67/69/570 247/265/513 243/261/94 135/137/93
f 132/134/571 251/269/401 247/265/513 67/69/570
f 47/49/402 251/269/401 132/134/571
s 21
f 63/65/572 263/282/541 259/278/397 126/128/396
f 123/125/573 267/286/88 263/282/541 63/65/572
f 45/47/89 267/286/88 123/125/573
s 22
f 130/132/574 252/270/521 260/279/538 65/67/575
f 48/407/522 252/270/521 130/132/574
f 65/67/575 260/279/538 264/283/91 88/90/90
s 24
f 69/71/576 244/262/510 248/266/97 93/95/96
f 139/141/577 236/253/493 244/262/510 69/71/576
f 50/404/494 236/253/493 139/141/577
s 26
f 73/75/578 228/245/482 232/249/103 98/100/102
f 148/150/579 220/236/465 228/245/482 73/75/578
f 52/401/466 220/236/465 148/150/579
s 28
f 77/79/580 212/228/455 216/232/110 103/105/109
f 157/159/581 204/219/437 212/228/455 77/79/580
f 54/56/438 204/219/437 157/159/581
s 30
f 81/83/582 201/216/583 194/208/124 108/110/123
f 167/169/584 203/218/585 201/216/583 81/83/582
f 42/359/586 203/218/585 167/169/584 56/58/587
s 20
f 32/410/588 268/287/589 121/123/590 46/436/591
f 121/123/590 268/287/589 274/294/592 61/63/593
f 61/63/593 274/294/592 276/296/83 83/85/82
s 5
f 173/192/27 189/418/26 279/415/382 278/361/381
s 39
f 287/308/379 286/307/378 288/309/594 289/310/595
s 5
f 281/301/365 280/412/364 188/386/366 176/172/380
s 3
f 282/303/15 281/302/14 176/181/596 178/195/597
s 1
f 173/362/598 278/298/6 283/304/5 175/180/599
s off
f 184/198/600 185/199/601 285/306/602 284/305/603
f 185/199/604 279/299/605 286/307/606 285/306/607
f 280/300/608 184/198/609 284/305/610 287/308/611
f 279/299/612 189/203/613 288/309/614 286/307/615
f 189/203/616 188/202/617 289/310/618 288/309/619
f 188/202/620 280/300/621 287/308/622 289/310/623
s 63
f 290/437/624 291/438/625 298/439/626 297/440/627
f 291/438/625 292/441/628 299/442/629 298/439/626
f 292/441/628 293/443/630 300/444/631 299/442/629
f 293/443/630 294/445/632 301/446/633 300/444/631
f 294/445/632 295/447/634 302/448/635 301/446/633
f 295/447/634 296/449/636 303/450/637 302/448/635
s 64
f 508/451/638 507/452/639 514/453/640
f 509/454/641 508/451/638 514/453/640
f 510/455/642 509/454/641 514/453/640
f 511/456/643 510/455/642 514/453/640
f 512/457/644 511/456/643 514/453/640
f 513/458/645 512/457/644 514/453/640
s 65
f 486/459/646 487/460/647 492/461/648
f 487/460/647 488/462/649 492/461/648
f 488/462/649 489/463/650 492/461/648
f 489/463/650 490/464/651 492/461/648
f 490/464/651 491/465/652 492/461/648
s off
f 297/440/653 298/439/654 305/466/655 304/467/656
f 298/439/657 299/442/658 306/468/659 305/466/660
f 299/442/661 300/444/662 307/469/663 306/468/664
f 300/444/665 301/446/666 308/470/667 307/469/668
f 301/446/669 302/448/670 309/471/671 308/470/672
f 302/448/673 303/450/674 310/472/675 309/471/676
f 304/467/677 305/466/678 312/473/679 311/474/680
f 305/466/681 306/468/682 313/475/683 312/473/684
f 306/468/685 307/469/686 314/476/687 313/475/688
f 307/469/689 308/470/690 315/477/691 314/476/692
f 308/470/693 309/471/694 316/478/695 315/477/696
f 309/471/697 310/472/698 317/479/699 316/478/700
s 66
f 311/474/701 312/473/702 520/480/703 521/481/704
s 67
f 312/473/705 313/475/706 519/482/707 520/480/708
s 68
f 313/475/709 314/476/710 518/483/711 519/482/712
s 69
f 314/476/713 315/477/714 517/484/715 518/483/716
s 70
f 315/477/717 316/478/718 516/485/719 517/484/720
s 71
f 316/478/721 317/479/722 515/486/723 516/485/724
s off
f 318/487/725 319/488/726 326/489/727 325/490/728
f 319/488/729 320/491/730 327/492/731 326/489/732
f 320/491/733 321/493/734 328/494/735 327/492/736
f 321/493/737 322/495/738 329/496/739 328/494/740
f 322/495/741 323/497/742 330/498/743 329/496/744
f 323/497/745 324/499/746 331/500/747 330/498/748
s 72
f 325/490/749 326/489/750 590/501/751 591/502/752
s 73
f 326/489/753 327/492/754 589/503/755 590/501/756
s 74
f 327/492/757 328/494/758 588/504/759 589/503/760
s 75
f 328/494/761 329/496/762 587/505/763 588/504/764
s 76
f 329/496/765 330/498/766 586/506/767 587/505/768
s 77
f 330/498/769 331/500/770 585/507/771 586/506/772
s 78
f 332/508/773 333/509/774 583/510/775 584/511/776
s 79
f 333/509/777 334/512/778 582/513/779 583/510/780
s 80
f 334/512/781 335/514/782 581/515/783 582/513/784
s 81
f 335/514/785 336/516/786 580/517/787 581/515/788
s 82
f 336/516/789 337/518/790 579/519/791 580/517/792
s 83
f 337/518/793 338/520/794 578/521/795 579/519/796
s 84
f 339/522/797 340/523/798 527/524/799 528/525/800
s 85
f 340/523/801 341/526/802 526/527/803 527/524/804
s 86
f 341/526/805 342/528/806 525/529/807 526/527/808
s 87
f 342/528/809 343/530/810 524/531/811 525/529/812
s 88
f 343/530/813 344/532/814 523/533/815 524/531/816
s 89
f 344/532/817 345/534/818 522/535/819 523/533/820
s off
f 346/536/821 347/537/822 354/538/823 353/539/824
f 347/537/825 348/540/826 355/541/827 354/538/828
f 348/540/829 349/542/830 356/543/831 355/541/832
f 349/542/833 350/544/834 357/545/835 356/543/836
f 350/544/837 351/546/838 358/547/839 357/545/840
f 351/546/841 352/548/842 359/549/843 358/547/844
f 353/539/845 354/538/846 361/550/847 360/551/848
f 354/538/849 355/541/850 362/552/851 361/550/852
f 355/541/853 356/543/854 363/553/855 362/552/856
f 356/543/857 357/545/858 364/554/859 363/553/860
f 357/545/861 358/547/862 365/555/863 364/554/864
f 358/547/865 359/549/866 366/556/867 365/555/868
f 360/551/869 361/550/870 368/557/871 367/558/872
f 361/550/873 362/552/874 369/559/875 368/557/876
f 362/552/877 363/553/878 370/560/879 369/559/880
f 363/553/881 364/554/882 371/561/883 370/560/884
f 364/554/885 365/555/886 372/562/887 371/561/888
f 365/555/889 366/556/890 373/563/891 372/562/892
f 367/558/893 368/557/894 375/564/895 374/565/896
f 368/557/897 369/559/898 376/566/899 375/564/900
f 369/559/901 370/560/902 377/567/903 376/566/904
f 370/560/905 371/561/906 378/568/907 377/567/908
f 371/561/909 372/562/910 379/569/911 378/568/912
f 372/562/913 373/563/914 380/570/915 379/569/916
f 374/565/917 375/564/918 382/571/919 381/572/920
f 375/564/921 376/566/922 383/573/923 382/571/924
f 376/566/925 377/567/926 384/574/927 383/573/928
f 377/567/929 378/568/930 385/575/931 384/574/932
f 378/568/933 379/569/934 386/576/935 385/575/936
f 379/569/937 380/570/938 387/577/939 386/576/940
f 381/572/941 382/571/942 389/578/943 388/579/944
f 382/571/945 383/573/946 390/580/947 389/578/948
f 383/573/949 384/574/950 391/581/951 390/580/952
f 384/574/953 385/575/954 392/582/955 391/581/956
f 385/575/957 386/576/958 393/583/959 392/582/960
f 386/576/961 387/577/962 394/584/963 393/583/964
f 388/579/965 389/578/966 396/585/967 395/586/968
f 389/578/969 390/580/970 397/587/971 396/585/972
f 390/580/973 391/581/974 398/588/975 397/587/976
f 391/581/977 392/582/978 399/589/979 398/588/980
f 392/582/981 393/583/982 400/590/983 399/589/984
f 393/583/985 394/584/986 401/591/987 400/590/988
f 395/586/989 396/585/990 403/592/991 402/593/992
f 396/585/993 397/587/994 404/594/995 403/592/996
f 397/587/997 398/588/998 405/595/999 404/594/1000
f 398/588/1001 399/589/1002 406/596/1003 405/595/1004
f 399/589/1005 400/590/1006 407/597/1007 406/596/1008
f 400/590/1009 401/591/1010 408/598/1011 407/597/1012
f 402/593/1013 403/592/1014 410/599/1015 409/600/1016
f 403/592/1017 404/594/1018 411/601/1019 410/599/1020
f 404/594/1021 405/595/1022 412/602/1023 411/601/1024
f 405/595/1025 406/596/1026 413/603/1027 412/602/1028
f 406/596/1029 407/597/1030 414/604/1031 413/603/1032
f 407/597/1033 408/598/1034 415/605/1035 414/604/1036
f 409/600/1037 410/599/1038 417/606/1039 416/607/1040
f 410/599/1041 411/601/1042 418/608/1043 417/606/1044
f 411/601/1045 412/602/1046 419/609/1047 418/608/1048
f 412/602/1049 413/603/1050 420/610/1051 419/609/1052
f 413/603/1053 414/604/1054 421/611/1055 420/610/1056
f 414/604/1057 415/605/1058 422/612/1059 421/611/1060
f 416/607/1061 417/606/1062 424/613/1063 423/614/1064
f 417/606/1065 418/608/1066 425/615/1067 424/613/1068
f 418/608/1069 419/609/1070 426/616/1071 425/615/1072
f 419/609/1073 420/610/1074 427/617/1075 426/616/1076
f 420/610/1077 421/611/1078 428/618/1079 427/617/1080
f 421/611/1081 422/612/1082 429/619/1083 428/618/1084
f 423/614/1085 424/613/1086 431/620/1087 430/621/1088
f 424/613/1089 425/615/1090 432/622/1091 431/620/1092
f 425/615/1093 426/616/1094 433/623/1095 432/622/1096
f 426/616/1097 427/617/1098 434/624/1099 433/623/1100
f 427/617/1101 428/618/1102 435/625/1103 434/624/1104
f 428/618/1105 429/619/1106 436/626/1107 435/625/1108
s 90
f 430/621/1109 431/620/1110 548/627/1111 549/628/1112
s 91
f 431/620/1113 432/622/1114 547/629/1115 548/627/1116
s 92
f 432/622/1117 433/623/1118 546/630/1119 547/629/1120
s 93
f 433/623/1121 434/624/1122 545/631/1123 546/630/1124
s 94
f 434/624/1125 435/625/1126 544/632/1127 545/631/1128
s 95
f 435/625/1129 436/626/1130 543/633/1131 544/632/1132
s off
f 437/634/1133 438/635/1134 445/636/1135 444/637/1136
f 438/635/1137 439/638/1138 446/639/1139 445/636/1140
f 439/638/1141 440/640/1142 447/641/1143 446/639/1144
f 440/640/1145 441/642/1146 448/643/1147 447/641/1148
f 441/642/1149 442/644/1150 449/645/1151 448/643/1152
f 442/644/1153 443/646/1154 450/647/1155 449/645/1156
s 96
f 444/637/1157 445/636/1158 541/648/1159 542/649/1160
s 97
f 445/636/1161 446/639/1162 540/650/1163 541/648/1164
s 98
f 446/639/1165 447/641/1166 539/651/1167 540/650/1168
s 99
f 447/641/1169 448/643/1170 538/652/1171 539/651/1172
s 100
f 448/643/1173 449/645/1174 537/653/1175 538/652/1176
s 101
f 449/645/1177 450/647/1178 536/654/1179 537/653/1180
s off
f 451/655/1181 452/656/1182 459/657/1183 458/658/1184
f 452/656/1185 453/659/1186 460/660/1187 459/657/1188
f 453/659/1189 454/661/1190 461/662/1191 460/660/1192
f 454/661/1193 455/663/1194 462/664/1195 461/662/1196
f 455/663/1197 456/665/1198 463/666/1199 462/664/1200
f 456/665/1201 457/667/1202 464/668/1203 463/666/1204
f 458/658/1205 459/657/1206 466/669/1207 465/670/1208
f 459/657/1209 460/660/1210 467/671/1211 466/669/1212
f 460/660/1213 461/662/1214 468/672/1215 467/671/1216
f 461/662/1217 462/664/1218 469/673/1219 468/672/1220
f 462/664/1221 463/666/1222 470/674/1223 469/673/1224
f 463/666/1225 464/668/1226 471/675/1227 470/674/1228
s 102
f 465/670/1229 466/669/1230 534/676/1231 535/677/1232
s 103
f 466/669/1233 467/671/1234 533/678/1235 534/676/1236
s 104
f 467/671/1237 468/672/1238 532/679/1239 533/678/1240
s 105
f 468/672/1241 469/673/1242 531/680/1243 532/679/1244
s 106
f 469/673/1245 470/674/1246 530/681/1247 531/680/1248
s 107
f 470/674/1249 471/675/1250 529/682/1251 530/681/1252
s off
f 472/683/1253 473/684/1254 480/685/1255 479/686/1256
f 473/684/1257 474/687/1258 481/688/1259 480/685/1260
f 474/687/1261 475/689/1262 482/690/1263 481/688/1264
f 475/689/1265 476/691/1266 483/692/1267 482/690/1268
f 476/691/1269 477/693/1270 484/694/1271 483/692/1272
f 477/693/1273 478/695/1274 485/696/1275 484/694/1276
s 108
f 479/686/1277 480/685/1278 555/697/1279 556/698/1280
s 109
f 480/685/1281 481/688/1282 554/699/1283 555/697/1284
s 110
f 481/688/1285 482/690/1286 553/700/1287 554/699/1288
s 111
f 482/690/1289 483/692/1290 552/701/1291 553/700/1292
s 112
f 483/692/1293 484/694/1294 551/702/1295 552/701/1296
s 113
f 484/694/1297 485/696/1298 550/703/1299 551/702/1300
s 114
f 291/438/1301 290/437/1302 557/704/1303 558/705/1304
s 115
f 292/441/1305 291/438/1306 558/705/1307 559/706/1308
s 116
f 293/443/1309 292/441/1310 559/706/1311 560/707/1312
s 117
f 294/445/1313 293/443/1314 560/707/1315 561/708/1316
s 118
f 295/447/1317 294/445/1318 561/708/1319 562/709/1320
s 119
f 296/449/1321 295/447/1322 562/709/1323 563/710/1324
s 120
f 494/711/1325 493/712/1326 564/713/1327 565/714/1328
s 121
f 495/715/1329 494/711/1330 565/714/1331 566/716/1332
s 122
f 496/717/1333 495/715/1334 566/716/1335 567/718/1336
s 123
f 497/719/1337 496/717/1338 567/718/1339 568/720/1340
s 124
f 498/721/1341 497/719/1342 568/720/1343 569/722/1344
s 125
f 499/723/1345 498/721/1346 569/722/1347 570/724/1348
s 126
f 501/725/1349 500/726/1350 571/727/1351 572/728/1352
s 127
f 502/729/1353 501/725/1354 572/728/1355 573/730/1356
s 128
f 503/731/1357 502/729/1358 573/730/1359 574/732/1360
s 129
f 504/733/1361 503/731/1362 574/732/1363 575/734/1364
s 130
f 505/735/1365 504/733/1366 575/734/1367 576/736/1368
s 131
f 506/737/1369 505/735/1370 576/736/1371 577/738/1372
s 71
f 516/485/724 515/486/723 324/499/1373 323/497/1374
s 70
f 517/484/720 516/485/719 323/497/1375 322/495/1376
s 69
f 518/483/716 517/484/715 322/495/1377 321/493/1378
s 68
f 519/482/712 518/483/711 321/493/1379 320/491/1380
s 67
f 520/480/708 519/482/707 320/491/1381 319/488/1382
s 66
f 521/481/704 520/480/703 319/488/1383 318/487/1384
s 89
f 523/533/820 522/535/819 352/548/1385 351/546/1386
s 88
f 524/531/816 523/533/815 351/546/1387 350/544/1388
s 87
f 525/529/812 524/531/811 350/544/1389 349/542/1390
s 86
f 526/527/808 525/529/807 349/542/1391 348/540/1392
s 85
f 527/524/804 526/527/803 348/540/1393 347/537/1394
s 84
f 528/525/800 527/524/799 347/537/1395 346/536/1396
s 107
f 530/681/1252 529/682/1251 478/695/1397 477/693/1398
s 106
f 531/680/1248 530/681/1247 477/693/1399 476/691/1400
s 105
f 532/679/1244 531/680/1243 476/691/1401 475/689/1402
s 104
f 533/678/1240 532/679/1239 475/689/1403 474/687/1404
s 103
f 534/676/1236 533/678/1235 474/687/1405 473/684/1406
s 102
f 535/677/1232 534/676/1231 473/684/1407 472/683/1408
s 101
f 537/653/1180 536/654/1179 457/667/1409 456/665/1410
s 100
f 538/652/1176 537/653/1175 456/665/1411 455/663/1412
s 99
f 539/651/1172 538/652/1171 455/663/1413 454/661/1414
s 98
f 540/650/1168 539/651/1167 454/661/1415 453/659/1416
s 97
f 541/648/1164 540/650/1163 453/659/1417 452/656/1418
s 96
f 542/649/1160 541/648/1159 452/656/1419 451/655/1420
s 95
f 544/632/1132 543/633/1131 443/646/1421 442/644/1422
s 94
f 545/631/1128 544/632/1127 442/644/1423 441/642/1424
s 93
f 546/630/1124 545/631/1123 441/642/1425 440/640/1426
s 92
f 547/629/1120 546/630/1119 440/640/1427 439/638/1428
s 91
f 548/627/1116 547/629/1115 439/638/1429 438/635/1430
s 90
f 549/628/1112 548/627/1111 438/635/1431 437/634/1432
s 113
f 551/702/1300 550/703/1299 492/461/1433 491/465/1434
s 112
f 552/701/1296 551/702/1295 491/465/1435 490/464/1436
s 111
f 553/700/1292 552/701/1291 490/464/1437 489/463/1438
s 110
f 554/699/1288 553/700/1287 489/463/1439 488/462/1440
s 109
f 555/697/1284 554/699/1283 488/462/1441 487/460/1442
s 108
f 556/698/1280 555/697/1279 487/460/1443 486/459/1444
s 114
f 558/705/1304 557/704/1303 493/712/1445 494/711/1446
s 115
f 559/706/1308 558/705/1307 494/711/1447 495/715/1448
s 116
f 560/707/1312 559/706/1311 495/715/1449 496/717/1450
s 117
f 561/708/1316 560/707/1315 496/717/1451 497/719/1452
s 118
f 562/709/1320 561/708/1319 497/719/1453 498/721/1454
s 119
f 563/710/1324 562/709/1323 498/721/1455 499/723/1456
s 120
f 565/714/1328 564/713/1327 500/726/1457 501/725/1458
s 121
f 566/716/1332 565/714/1331 501/725/1459 502/729/1460
s 122
f 567/718/1336 566/716/1335 502/729/1461 503/731/1462
s 123
f 568/720/1340 567/718/1339 503/731/1463 504/733/1464
s 124
f 569/722/1344 568/720/1343 504/733/1465 505/735/1466
s 125
f 570/724/1348 569/722/1347 505/735/1467 506/737/1468
s 126
f 572/728/1352 571/727/1351 507/452/1469 508/451/1470
s 127
f 573/730/1356 572/728/1355 508/451/1471 509/454/1472
s 128
f 574/732/1360 573/730/1359 509/454/1473 510/455/1474
s 129
f 575/734/1364 574/732/1363 510/455/1475 511/456/1476
s 130
f 576/736/1368 575/734/1367 511/456/1477 512/457/1478
s 131
f 577/738/1372 576/736/1371 512/457/1479 513/458/1480
s 83
f 579/519/796 578/521/795 345/534/1481 344/532/1482
s 82
f 580/517/792 579/519/791 344/532/1483 343/530/1484
s 81
f 581/515/788 580/517/787 343/530/1485 342/528/1486
s 80
f 582/513/784 581/515/783 342/528/1487 341/526/1488
s 79
f 583/510/780 582/513/779 341/526/1489 340/523/1490
s 78
f 584/511/776 583/510/775 340/523/1491 339/522/1492
s 77
f 586/506/772 585/507/771 338/520/1493 337/518/1494
s 76
f 587/505/768 586/506/767 337/518/1495 336/516/1496
s 75
f 588/504/764 587/505/763 336/516/1497 335/514/1498
s 74
f 589/503/760 588/504/759 335/514/1499 334/512/1500
s 73
f 590/501/756 589/503/755 334/512/1501 333/509/1502
s 72
f 591/502/752 590/501/751 333/509/1503 332/508/1504
s off
f 592/739/1505 594/740/1506 603/741/1507 602/742/1508
s 132
f 594/740/1509 593/743/1510 607/744/1511 606/745/1512
s off
f 592/746/1513 602/747/1514 623/748/1515 608/749/1516
f 592/750/1517 608/751/1518 609/752/1519 593/753/1520
s 133
f 593/753/1521 609/752/1522 610/754/1523 607/755/1524
s 132
f 595/756/1525 597/757/1526 629/758/1527 628/759/1528
s off
f 597/757/1529 596/760/1530 599/761/1531 598/762/1532
f 596/763/1533 613/764/1534 614/765/1535 599/766/1536
s 133
f 595/767/1537 628/768/1538 647/769/1539 612/770/1540
s off
f 595/771/1541 612/772/1542 613/764/1543 596/763/1544
s 136
f 598/762/1545 600/773/1546 619/774/1547 618/775/1548
s 137
f 600/776/1549 615/777/1550 620/778/1551 619/779/1552
s off
f 599/766/1553 614/765/1554 615/780/1555 600/781/1556
s 136
f 601/782/1557 603/741/1558 637/783/1559 636/784/1560
s 137
f 601/785/1561 636/786/1562 643/787/1563 622/788/1564
s off
f 601/785/1565 622/788/1566 623/789/1567 602/790/1568
s 132
f 605/791/1569 604/792/1570 654/793/1571 655/794/1572
s 140
f 660/795/1573 661/796/1574 662/797/1575 663/798/1576
s 133
f 607/755/1524 610/754/1523 611/799/1577 604/800/1578
s 136
f 617/801/1579 616/802/1580 648/803/1581 649/804/1582
s 140
f 664/805/1583 665/806/1584 666/807/1585 667/808/1586
s 137
f 619/779/1552 620/778/1551 621/809/1587 616/810/1588
s 132
f 650/811/1589 651/812/1590 631/813/1591 630/814/1592
s 140
f 668/815/1593 669/816/1594 670/817/1595 671/818/1596
s 136
f 656/819/1597 657/820/1598 639/821/1599 638/822/1600
s 137
f 640/823/1601 641/824/1602 633/825/1603 632/826/1604
f 642/827/1605 643/787/1563 636/786/1562 639/828/1606
s 133
f 645/829/1607 644/830/1608 624/831/1609 627/832/1610
f 646/833/1611 647/769/1539 628/768/1538 631/834/1612
s 137
f 642/827/1605 639/828/1606 657/835/1613 658/836/1614
f 616/810/1588 621/809/1587 653/837/1615 648/838/1616
s 133
f 646/833/1611 631/834/1612 651/839/1617 652/840/1618
f 604/800/1578 611/799/1577 659/841/1619 654/842/1620
s 140
f 673/843/1621 672/844/1622 660/795/1573 663/798/1576
f 664/805/1583 667/808/1586 674/845/1623 675/846/1624
f 676/847/1625 677/848/1626 666/807/1585 665/806/1584
f 662/797/1575 661/796/1574 678/849/1627 679/850/1628
s off
f 592/739/1629 593/743/1630 594/740/1631
f 595/756/1632 596/760/1633 597/757/1634
f 598/762/1635 599/761/1636 600/773/1637
f 601/782/1638 602/742/1639 603/741/1640
s 132
f 604/792/1570 605/791/1569 606/745/1512 607/744/1511
s 136
f 616/802/1580 617/801/1579 618/775/1548 619/774/1547
s 132
f 624/851/1641 625/852/1642 626/853/1643 627/854/1644
f 628/759/1528 629/758/1527 630/814/1592 631/813/1591
s 136
f 632/855/1645 633/856/1646 634/857/1647 635/858/1648
f 636/784/1560 637/783/1559 638/822/1600 639/821/1599
f 649/804/1582 648/803/1581 632/855/1645 635/858/1648
s 140
f 670/817/1595 669/816/1594 677/848/1626 676/847/1625
s 132
f 625/852/1642 624/851/1641 651/812/1590 650/811/1589
s 133
f 624/831/1609 644/830/1608 652/840/1618 651/839/1617
s 137
f 640/823/1601 632/826/1604 648/838/1616 653/837/1615
s 132
f 655/794/1572 654/793/1571 627/854/1644 626/853/1643
s 140
f 679/850/1628 678/849/1627 668/815/1593 671/818/1596
s 136
f 634/857/1647 633/856/1646 657/820/1598 656/819/1597
s 137
f 633/825/1603 641/824/1602 658/836/1614 657/835/1613
s 133
f 645/829/1607 627/832/1610 654/842/1620 659/841/1619
s off
f 606/745/1649 605/791/1650 661/859/1651 660/860/1652
f 638/822/1653 637/783/1654 663/861/1655 662/862/1656
f 618/775/1657 617/801/1658 665/863/1659 664/864/1660
f 630/814/1661 629/758/1662 667/865/1663 666/866/1664
f 626/853/1665 625/852/1666 669/867/1667 668/868/1668
f 635/858/1669 634/857/1670 671/869/1671 670/870/1672
f 603/741/1673 594/740/1674 672/871/1675 673/872/1676
f 594/740/1677 606/745/1678 660/860/1679 672/871/1680
f 637/783/1681 603/741/1682 673/872/1683 663/861/1684
f 629/758/1685 597/757/1686 674/873/1687 667/865/1688
f 597/757/1689 598/762/1690 675/874/1691 674/873/1692
f 598/762/1693 618/775/1694 664/864/1695 675/874/1696
f 650/811/1697 630/814/1698 666/866/1699 677/875/1700
f 617/801/1701 649/804/1702 676/876/1703 665/863/1704
f 605/791/1705 655/794/1706 678/877/1707 661/859/1708
f 656/819/1709 638/822/1710 662/862/1711 679/878/1712
f 625/852/1713 650/811/1714 677/875/1715 669/867/1716
f 649/804/1717 635/858/1718 670/870/1719 676/876/1720
f 655/794/1721 626/853/1722 668/868/1723 678/877/1724
f 634/857/1725 656/819/1726 679/878/1727 671/869/1728
f 680/879/1729 681/880/1730 688/881/1731 687/882/1732
f 681/880/1733 682/883/1734 689/884/1735 688/881/1736
f 682/883/1737 683/885/1738 690/886/1739 689/884/1740
f 683/885/1741 684/887/1742 691/888/1743 690/886/1744
f 684/887/1745 685/889/1746 692/890/1747 691/888/1748
f 685/889/1749 686/891/1750 693/892/1751 692/890/1752
f 687/882/1753 688/881/1754 695/893/1755 694/894/1756
f 688/881/1757 689/884/1758 696/895/1759 695/893/1760
f 689/884/1761 690/886/1762 697/896/1763 696/895/1764
f 690/886/1765 691/888/1766 698/897/1767 697/896/1768
f 691/888/1769 692/890/1770 699/898/1771 698/897/1772
f 692/890/1773 693/892/1774 700/899/1775 699/898/1776
f 694/894/1777 695/893/1778 702/900/1779 701/901/1780
f 695/893/1781 696/895/1782 703/902/1783 702/900/1784
f 696/895/1785 697/896/1786 704/903/1787 703/902/1788
f 697/896/1789 698/897/1790 705/904/1791 704/903/1792
f 698/897/1793 699/898/1794 706/905/1795 705/904/1796
f 699/898/1797 700/899/1798 707/906/1799 706/905/1800
f 701/901/1801 702/900/1802 709/907/1803 708/908/1804
f 702/900/1805 703/902/1806 710/909/1807 709/907/1808
f 703/902/1809 704/903/1810 711/910/1811 710/909/1812
f 704/903/1813 705/904/1814 712/911/1815 711/910/1816
f 705/904/1817 706/905/1818 713/912/1819 712/911/1820
f 706/905/1821 707/906/1822 714/913/1823 713/912/1824
f 708/908/1825 709/907/1826 716/914/1827 715/915/1828
f 709/907/1829 710/909/1830 717/916/1831 716/914/1832
f 710/909/1833 711/910/1834 718/917/1835 717/916/1836
f 711/910/1837 712/911/1838 719/918/1839 718/917/1840
f 712/911/1841 713/912/1842 720/919/1843 719/918/1844
f 713/912/1845 714/913/1846 721/920/1847 720/919/1848
f 715/915/1849 716/914/1850 723/921/1851 722/922/1852
f 716/914/1853 717/916/1854 724/923/1855 723/921/1856
f 717/916/1857 718/917/1858 725/924/1859 724/923/1860
f 718/917/1861 719/918/1862 726/925/1863 725/924/1864
f 719/918/1865 720/919/1866 727/926/1867 726/925/1868
f 720/919/1869 721/920/1870 728/927/1871 727/926/1872
f 722/922/1873 723/921/1874 730/928/1875 729/929/1876
f 723/921/1877 724/923/1878 731/930/1879 730/928/1880
f 724/923/1881 725/924/1882 732/931/1883 731/930/1884
f 725/924/1885 726/925/1886 733/932/1887 732/931/1888
f 726/925/1889 727/926/1890 734/933/1891 733/932/1892
f 727/926/1893 728/927/1894 735/934/1895 734/933/1896
f 729/929/1897 730/928/1898 737/935/1899 736/936/1900
f 730/928/1901 731/930/1902 738/937/1903 737/935/1904
f 731/930/1905 732/931/1906 739/938/1907 738/937/1908
f 732/931/1909 733/932/1910 740/939/1911 739/938/1912
f 733/932/1913 734/933/1914 741/940/1915 740/939/1916
f 734/933/1917 735/934/1918 742/941/1919 741/940/1920
f 736/936/1921 737/935/1922 744/942/1923 743/943/1924
f 737/935/1925 738/937/1926 745/944/1927 744/942/1928
f 738/937/1929 739/938/1930 746/945/1931 745/944/1932
f 739/938/1933 740/939/1934 747/946/1935 746/945/1936
f 740/939/1937 741/940/1938 748/947/1939 747/946/1940
f 741/940/1941 742/941/1942 749/948/1943 748/947/1944
f 743/943/1945 744/942/1946 751/949/1947 750/950/1948
f 744/942/1949 745/944/1950 752/951/1951 751/949/1952
f 745/944/1953 746/945/1954 753/952/1955 752/951/1956
f 746/945/1957 747/946/1958 754/953/1959 753/952/1960
f 747/946/1961 748/947/1962 755/954/1963 754/953/1964
f 748/947/1965 749/948/1966 756/955/1967 755/954/1968
f 681/880/1969 680/879/1970 757/956/1971
f 682/883/1972 681/880/1973 757/957/1974
f 683/885/1975 682/883/1976 757/958/1977
f 684/887/1978 683/885/1979 757/959/1980
f 685/889/1981 684/887/1982 757/960/1983
f 686/891/1984 685/889/1985 757/961/1986
f 750/950/1987 751/949/1988 758/962/1989
f 751/949/1990 752/951/1991 758/963/1992
f 752/951/1993 753/952/1994 758/964/1995
f 753/952/1996 754/953/1997 758/965/1998
f 754/953/1999 755/954/2000 758/966/2001
f 755/954/2002 756/955/2003 758/967/2004
